feature,source,ss,total_ss,eta2
Age,model,0.021958,0.105143,0.208838
Age,method,0.052658,0.105143,0.500827
Age,year,0.011538,0.105143,0.109733
Age,model x method,0.011382,0.105143,0.108254
Age,model x year,0.000369,0.105143,0.003508
Age,method x year,0.003903,0.105143,0.037118
Age,model x method x year,0.000148,0.105143,0.001405
Age,residual (seed),0.003188,0.105143,0.030317
Age,total,0.105143,0.105143,1.0
BMI,model,0.001436,0.05158,0.027848
BMI,method,0.029842,0.05158,0.578555
BMI,year,0.012149,0.05158,0.235536
BMI,model x method,5e-05,0.05158,0.00096
BMI,model x year,0.000645,0.05158,0.012513
BMI,method x year,0.003694,0.05158,0.071619
BMI,model x method x year,0.001076,0.05158,0.02086
BMI,residual (seed),0.002688,0.05158,0.052108
BMI,total,0.05158,0.05158,1.0
CholCheck,model,0.005652,0.008626,0.655238
CholCheck,method,0.000711,0.008626,0.082406
CholCheck,year,0.00046,0.008626,0.053287
CholCheck,model x method,0.000292,0.008626,0.033897
CholCheck,model x year,7.6e-05,0.008626,0.008839
CholCheck,method x year,0.000138,0.008626,0.015946
CholCheck,model x method x year,5.2e-05,0.008626,0.006037
CholCheck,residual (seed),0.001245,0.008626,0.144351
CholCheck,total,0.008626,0.008626,1.0
DiffWalk,model,0.004461,0.008339,0.534963
DiffWalk,method,0.002587,0.008339,0.310256
DiffWalk,year,0.000189,0.008339,0.022637
DiffWalk,model x method,0.000314,0.008339,0.037597
DiffWalk,model x year,4.5e-05,0.008339,0.005426
DiffWalk,method x year,3e-06,0.008339,0.000308
DiffWalk,model x method x year,8.3e-05,0.008339,0.009924
DiffWalk,residual (seed),0.000658,0.008339,0.078887
DiffWalk,total,0.008339,0.008339,1.0
Education,model,0.002469,0.012652,0.195175
Education,method,0.007335,0.012652,0.579753
Education,year,3.3e-05,0.012652,0.002587
Education,model x method,0.002276,0.012652,0.179875
Education,model x year,0.000152,0.012652,0.012039
Education,method x year,0.000103,0.012652,0.008178
Education,model x method x year,2.1e-05,0.012652,0.001659
Education,residual (seed),0.000262,0.012652,0.020734
Education,total,0.012652,0.012652,1.0
GenHlth,model,0.023747,0.249015,0.095364
GenHlth,method,0.192867,0.249015,0.77452
GenHlth,year,0.014056,0.249015,0.056448
GenHlth,model x method,0.012195,0.249015,0.048974
GenHlth,model x year,0.000545,0.249015,0.002187
GenHlth,method x year,0.000813,0.249015,0.003265
GenHlth,model x method x year,0.000327,0.249015,0.001314
GenHlth,residual (seed),0.004465,0.249015,0.017929
GenHlth,total,0.249015,0.249015,1.0
HeartDiseaseorAttack,model,0.002775,0.004327,0.641313
HeartDiseaseorAttack,method,0.000406,0.004327,0.093803
HeartDiseaseorAttack,year,7.6e-05,0.004327,0.017456
HeartDiseaseorAttack,model x method,0.000604,0.004327,0.139505
HeartDiseaseorAttack,model x year,3.2e-05,0.004327,0.00734
HeartDiseaseorAttack,method x year,0.0,0.004327,0.000109
HeartDiseaseorAttack,model x method x year,5.2e-05,0.004327,0.012109
HeartDiseaseorAttack,residual (seed),0.000382,0.004327,0.088364
HeartDiseaseorAttack,total,0.004327,0.004327,1.0
HighBP,model,0.000531,0.024641,0.02153
HighBP,method,0.010525,0.024641,0.427151
HighBP,year,0.001228,0.024641,0.049853
HighBP,model x method,0.009653,0.024641,0.391729
HighBP,model x year,0.000227,0.024641,0.009194
HighBP,method x year,0.001667,0.024641,0.067653
HighBP,model x method x year,0.000103,0.024641,0.00417
HighBP,residual (seed),0.000708,0.024641,0.02872
HighBP,total,0.024641,0.024641,1.0
HighChol,model,0.000741,0.013321,0.05564
HighChol,method,0.005197,0.013321,0.390145
HighChol,year,3.3e-05,0.013321,0.002451
HighChol,model x method,0.002875,0.013321,0.215864
HighChol,model x year,0.000112,0.013321,0.008414
HighChol,method x year,0.000219,0.013321,0.016424
HighChol,model x method x year,0.000103,0.013321,0.007733
HighChol,residual (seed),0.004041,0.013321,0.303328
HighChol,total,0.013321,0.013321,1.0
Income,model,0.002224,0.025427,0.087446
Income,method,0.017465,0.025427,0.68687
Income,year,0.000871,0.025427,0.034251
Income,model x method,0.003673,0.025427,0.14446
Income,model x year,0.000502,0.025427,0.019744
Income,method x year,2.7e-05,0.025427,0.001045
Income,model x method x year,0.000111,0.025427,0.004379
Income,residual (seed),0.000554,0.025427,0.021805
Income,total,0.025427,0.025427,1.0
MentHlth,model,0.002233,0.01379,0.161959
MentHlth,method,0.008302,0.01379,0.60203
MentHlth,year,0.000105,0.01379,0.007617
MentHlth,model x method,0.002808,0.01379,0.203622
MentHlth,model x year,4.5e-05,0.01379,0.003283
MentHlth,method x year,7.6e-05,0.01379,0.005521
MentHlth,model x method x year,5.8e-05,0.01379,0.004232
MentHlth,residual (seed),0.000162,0.01379,0.011736
MentHlth,total,0.01379,0.01379,1.0
NoDocbcCost,model,0.00011,0.000408,0.269803
NoDocbcCost,method,0.000165,0.000408,0.404076
NoDocbcCost,year,8e-06,0.000408,0.019165
NoDocbcCost,model x method,0.000106,0.000408,0.25876
NoDocbcCost,model x year,3e-06,0.000408,0.00747
NoDocbcCost,method x year,3e-06,0.000408,0.007125
NoDocbcCost,model x method x year,2e-06,0.000408,0.005655
NoDocbcCost,residual (seed),1.1e-05,0.000408,0.027946
NoDocbcCost,total,0.000408,0.000408,1.0
PhysActivity,model,8e-05,0.006557,0.012166
PhysActivity,method,0.003493,0.006557,0.532737
PhysActivity,year,0.00239,0.006557,0.36454
PhysActivity,model x method,8e-05,0.006557,0.01227
PhysActivity,model x year,5.8e-05,0.006557,0.008916
PhysActivity,method x year,0.000163,0.006557,0.024831
PhysActivity,model x method x year,0.000109,0.006557,0.016613
PhysActivity,residual (seed),0.000183,0.006557,0.027927
PhysActivity,total,0.006557,0.006557,1.0
PhysHlth,model,0.004022,0.017189,0.233978
PhysHlth,method,0.008064,0.017189,0.469127
PhysHlth,year,1.9e-05,0.017189,0.00112
PhysHlth,model x method,0.004916,0.017189,0.285983
PhysHlth,model x year,3.1e-05,0.017189,0.001797
PhysHlth,method x year,9e-06,0.017189,0.000535
PhysHlth,model x method x year,5.9e-05,0.017189,0.003415
PhysHlth,residual (seed),7e-05,0.017189,0.004045
PhysHlth,total,0.017189,0.017189,1.0
Sex,model,0.001383,0.012827,0.107807
Sex,method,0.00822,0.012827,0.640868
Sex,year,0.000219,0.012827,0.017055
Sex,model x method,0.001997,0.012827,0.155659
Sex,model x year,0.000128,0.012827,0.009989
Sex,method x year,6.2e-05,0.012827,0.004858
Sex,model x method x year,0.000322,0.012827,0.025103
Sex,residual (seed),0.000496,0.012827,0.038659
Sex,total,0.012827,0.012827,1.0
Smoker,model,0.000538,0.004426,0.121456
Smoker,method,0.002424,0.004426,0.547737
Smoker,year,0.000281,0.004426,0.063439
Smoker,model x method,0.000215,0.004426,0.048521
Smoker,model x year,6.4e-05,0.004426,0.014441
Smoker,method x year,6.4e-05,0.004426,0.014452
Smoker,model x method x year,0.000164,0.004426,0.03708
Smoker,residual (seed),0.000677,0.004426,0.152874
Smoker,total,0.004426,0.004426,1.0
Stroke,model,0.000102,0.000421,0.241875
Stroke,method,0.000139,0.000421,0.330303
Stroke,year,1.5e-05,0.000421,0.036331
Stroke,model x method,2.9e-05,0.000421,0.069988
Stroke,model x year,3.2e-05,0.000421,0.075598
Stroke,method x year,2.8e-05,0.000421,0.066046
Stroke,model x method x year,2e-05,0.000421,0.047745
Stroke,residual (seed),5.6e-05,0.000421,0.132115
Stroke,total,0.000421,0.000421,1.0
