cycle,source,pooled_eta2
2017-2020,label,0.09996913311541843
2017-2020,method,0.15303009916976
2017-2020,method x label,0.009709613847359322
2017-2020,model,0.2228169593744312
2017-2020,model x label,0.03501056597202978
2017-2020,model x method,0.05885206847699624
2017-2020,model x method x label,0.012620202771687948
2017-2020,residual (seed),0.40799135727231717
2021-2023,label,0.08806938941962691
2021-2023,method,0.08100663209519669
2021-2023,method x label,0.01243536893981437
2021-2023,model,0.11514016071619926
2021-2023,model x label,0.02440960437487715
2021-2023,model x method,0.03817149392527698
2021-2023,model x method x label,0.02181141163224513
2021-2023,residual (seed),0.6189559388967635
