cycle,feature,source,ss,total_ss,eta2
2017-2020,Age,model,0.259542,2.280325,0.113818
2017-2020,Age,method,1.926558,2.280325,0.844861
2017-2020,Age,label,0.005141,2.280325,0.002255
2017-2020,Age,model x method,0.00668,2.280325,0.00293
2017-2020,Age,model x label,0.000469,2.280325,0.000206
2017-2020,Age,method x label,0.000144,2.280325,6.3e-05
2017-2020,Age,model x method x label,0.000807,2.280325,0.000354
2017-2020,Age,residual (seed),0.080984,2.280325,0.035514
2017-2020,Age,total,2.280325,2.280325,1.0
2017-2020,AnyHealthcare,model,0.000169,0.011719,0.014421
2017-2020,AnyHealthcare,method,0.007223,0.011719,0.61638
2017-2020,AnyHealthcare,label,0.00101,0.011719,0.086192
2017-2020,AnyHealthcare,model x method,1.6e-05,0.011719,0.001369
2017-2020,AnyHealthcare,model x label,0.000623,0.011719,0.053182
2017-2020,AnyHealthcare,method x label,0.000411,0.011719,0.035048
2017-2020,AnyHealthcare,model x method x label,0.000281,0.011719,0.023972
2017-2020,AnyHealthcare,residual (seed),0.001986,0.011719,0.169435
2017-2020,AnyHealthcare,total,0.011719,0.011719,1.0
2017-2020,BMI,model,0.003822,0.148324,0.025769
2017-2020,BMI,method,0.012566,0.148324,0.084718
2017-2020,BMI,label,0.060161,0.148324,0.405605
2017-2020,BMI,model x method,0.014849,0.148324,0.100114
2017-2020,BMI,model x label,0.002387,0.148324,0.016094
2017-2020,BMI,method x label,0.00934,0.148324,0.062971
2017-2020,BMI,model x method x label,0.001165,0.148324,0.007856
2017-2020,BMI,residual (seed),0.044033,0.148324,0.296872
2017-2020,BMI,total,0.148324,0.148324,1.0
2017-2020,Education,model,0.015881,0.07656,0.207435
2017-2020,Education,method,0.04287,0.07656,0.559946
2017-2020,Education,label,0.001847,0.07656,0.024124
2017-2020,Education,model x method,0.006507,0.07656,0.084994
2017-2020,Education,model x label,0.000773,0.07656,0.010103
2017-2020,Education,method x label,0.000401,0.07656,0.005243
2017-2020,Education,model x method x label,0.000685,0.07656,0.008941
2017-2020,Education,residual (seed),0.007596,0.07656,0.099214
2017-2020,Education,total,0.07656,0.07656,1.0
2017-2020,GenHlth,model,0.117805,0.374132,0.314877
2017-2020,GenHlth,method,0.130595,0.374132,0.349063
2017-2020,GenHlth,label,0.029884,0.374132,0.079874
2017-2020,GenHlth,model x method,0.007101,0.374132,0.01898
2017-2020,GenHlth,model x label,0.00391,0.374132,0.010451
2017-2020,GenHlth,method x label,0.006563,0.374132,0.017542
2017-2020,GenHlth,model x method x label,0.000925,0.374132,0.002472
2017-2020,GenHlth,residual (seed),0.077348,0.374132,0.206741
2017-2020,GenHlth,total,0.374132,0.374132,1.0
2017-2020,HeartDiseaseorAttack,model,0.014735,0.038685,0.380904
2017-2020,HeartDiseaseorAttack,method,0.002043,0.038685,0.052818
2017-2020,HeartDiseaseorAttack,label,0.011263,0.038685,0.291145
2017-2020,HeartDiseaseorAttack,model x method,0.000542,0.038685,0.013999
2017-2020,HeartDiseaseorAttack,model x label,0.000623,0.038685,0.016097
2017-2020,HeartDiseaseorAttack,method x label,0.000109,0.038685,0.002826
2017-2020,HeartDiseaseorAttack,model x method x label,0.000255,0.038685,0.0066
2017-2020,HeartDiseaseorAttack,residual (seed),0.009115,0.038685,0.235613
2017-2020,HeartDiseaseorAttack,total,0.038685,0.038685,1.0
2017-2020,HighBP,model,0.063834,0.179847,0.354933
2017-2020,HighBP,method,0.041826,0.179847,0.232565
2017-2020,HighBP,label,0.040307,0.179847,0.224119
2017-2020,HighBP,model x method,0.006426,0.179847,0.035731
2017-2020,HighBP,model x label,0.000779,0.179847,0.004332
2017-2020,HighBP,method x label,0.000549,0.179847,0.003054
2017-2020,HighBP,model x method x label,0.000742,0.179847,0.004128
2017-2020,HighBP,residual (seed),0.025383,0.179847,0.141138
2017-2020,HighBP,total,0.179847,0.179847,1.0
2017-2020,HighChol,model,0.014464,0.098336,0.147093
2017-2020,HighChol,method,0.032026,0.098336,0.32568
2017-2020,HighChol,label,0.00448,0.098336,0.045561
2017-2020,HighChol,model x method,0.007868,0.098336,0.080012
2017-2020,HighChol,model x label,0.001115,0.098336,0.011344
2017-2020,HighChol,method x label,0.000155,0.098336,0.001574
2017-2020,HighChol,model x method x label,0.000594,0.098336,0.006041
2017-2020,HighChol,residual (seed),0.037633,0.098336,0.382695
2017-2020,HighChol,total,0.098336,0.098336,1.0
2017-2020,Income,model,0.018688,0.076964,0.242812
2017-2020,Income,method,0.039968,0.076964,0.51931
2017-2020,Income,label,0.00022,0.076964,0.002862
2017-2020,Income,model x method,0.014319,0.076964,0.186047
2017-2020,Income,model x label,0.000533,0.076964,0.006926
2017-2020,Income,method x label,0.000175,0.076964,0.002271
2017-2020,Income,model x method x label,0.000222,0.076964,0.002884
2017-2020,Income,residual (seed),0.002839,0.076964,0.036888
2017-2020,Income,total,0.076964,0.076964,1.0
2017-2020,MentHlth,model,0.009007,0.02425,0.371441
2017-2020,MentHlth,method,0.008634,0.02425,0.356056
2017-2020,MentHlth,label,9.9e-05,0.02425,0.004078
2017-2020,MentHlth,model x method,0.00208,0.02425,0.085754
2017-2020,MentHlth,model x label,2.2e-05,0.02425,0.000926
2017-2020,MentHlth,method x label,5e-05,0.02425,0.002054
2017-2020,MentHlth,model x method x label,0.000246,0.02425,0.010134
2017-2020,MentHlth,residual (seed),0.004112,0.02425,0.169556
2017-2020,MentHlth,total,0.02425,0.02425,1.0
2017-2020,PhysActivity_LTPA,model,0.006565,0.032613,0.201306
2017-2020,PhysActivity_LTPA,method,0.016308,0.032613,0.500033
2017-2020,PhysActivity_LTPA,label,0.00072,0.032613,0.022071
2017-2020,PhysActivity_LTPA,model x method,0.000305,0.032613,0.009359
2017-2020,PhysActivity_LTPA,model x label,0.00032,0.032613,0.009812
2017-2020,PhysActivity_LTPA,method x label,0.000252,0.032613,0.00774
2017-2020,PhysActivity_LTPA,model x method x label,0.0001,0.032613,0.003071
2017-2020,PhysActivity_LTPA,residual (seed),0.008043,0.032613,0.246608
2017-2020,PhysActivity_LTPA,total,0.032613,0.032613,1.0
2017-2020,Sex,model,0.02475,0.12862,0.192429
2017-2020,Sex,method,0.080973,0.12862,0.62955
2017-2020,Sex,label,1.2e-05,0.12862,9.3e-05
2017-2020,Sex,model x method,0.009382,0.12862,0.07294
2017-2020,Sex,model x label,0.000153,0.12862,0.001187
2017-2020,Sex,method x label,0.000307,0.12862,0.002388
2017-2020,Sex,model x method x label,0.00025,0.12862,0.001941
2017-2020,Sex,residual (seed),0.012794,0.12862,0.099471
2017-2020,Sex,total,0.12862,0.12862,1.0
2017-2020,Smoker,model,0.00429,0.052046,0.082425
2017-2020,Smoker,method,0.03099,0.052046,0.59543
2017-2020,Smoker,label,0.006078,0.052046,0.116777
2017-2020,Smoker,model x method,0.001667,0.052046,0.032036
2017-2020,Smoker,model x label,0.001748,0.052046,0.033583
2017-2020,Smoker,method x label,0.000437,0.052046,0.008401
2017-2020,Smoker,model x method x label,0.000354,0.052046,0.006801
2017-2020,Smoker,residual (seed),0.006482,0.052046,0.124547
2017-2020,Smoker,total,0.052046,0.052046,1.0
2017-2020,Stroke,model,0.001096,0.00383,0.286054
2017-2020,Stroke,method,0.001255,0.00383,0.327789
2017-2020,Stroke,label,2.1e-05,0.00383,0.005576
2017-2020,Stroke,model x method,7.7e-05,0.00383,0.02008
2017-2020,Stroke,model x label,8e-06,0.00383,0.002163
2017-2020,Stroke,method x label,4.8e-05,0.00383,0.012525
2017-2020,Stroke,model x method x label,3.9e-05,0.00383,0.010232
2017-2020,Stroke,residual (seed),0.001285,0.00383,0.335582
2017-2020,Stroke,total,0.00383,0.00383,1.0
2021-2023,Age,model,0.035229,0.297545,0.118397
2021-2023,Age,method,0.094526,0.297545,0.317685
2021-2023,Age,label,0.016082,0.297545,0.05405
2021-2023,Age,model x method,0.006124,0.297545,0.020583
2021-2023,Age,model x label,0.003741,0.297545,0.012574
2021-2023,Age,method x label,0.005308,0.297545,0.017838
2021-2023,Age,model x method x label,0.003358,0.297545,0.011285
2021-2023,Age,residual (seed),0.133177,0.297545,0.447587
2021-2023,Age,total,0.297545,0.297545,1.0
2021-2023,AnyHealthcare,model,2.2e-05,0.00498,0.004496
2021-2023,AnyHealthcare,method,0.001822,0.00498,0.365968
2021-2023,AnyHealthcare,label,0.000834,0.00498,0.167521
2021-2023,AnyHealthcare,model x method,3.9e-05,0.00498,0.007881
2021-2023,AnyHealthcare,model x label,0.00029,0.00498,0.058257
2021-2023,AnyHealthcare,method x label,4.9e-05,0.00498,0.009888
2021-2023,AnyHealthcare,model x method x label,0.000146,0.00498,0.029289
2021-2023,AnyHealthcare,residual (seed),0.001776,0.00498,0.356699
2021-2023,AnyHealthcare,total,0.00498,0.00498,1.0
2021-2023,BMI,model,0.004805,0.478088,0.01005
2021-2023,BMI,method,0.144687,0.478088,0.302636
2021-2023,BMI,label,0.137292,0.478088,0.287169
2021-2023,BMI,model x method,0.031524,0.478088,0.065938
2021-2023,BMI,model x label,0.00313,0.478088,0.006546
2021-2023,BMI,method x label,0.024768,0.478088,0.051806
2021-2023,BMI,model x method x label,0.004533,0.478088,0.009482
2021-2023,BMI,residual (seed),0.12735,0.478088,0.266373
2021-2023,BMI,total,0.478088,0.478088,1.0
2021-2023,Education,model,0.003276,0.115605,0.028334
2021-2023,Education,method,0.047184,0.115605,0.408149
2021-2023,Education,label,0.009647,0.115605,0.083449
2021-2023,Education,model x method,0.001576,0.115605,0.013631
2021-2023,Education,model x label,0.000869,0.115605,0.007515
2021-2023,Education,method x label,0.000127,0.115605,0.001095
2021-2023,Education,model x method x label,0.000613,0.115605,0.005301
2021-2023,Education,residual (seed),0.052314,0.115605,0.452526
2021-2023,Education,total,0.115605,0.115605,1.0
2021-2023,GenHlth,model,0.03468,0.309706,0.111977
2021-2023,GenHlth,method,0.111882,0.309706,0.361252
2021-2023,GenHlth,label,0.037953,0.309706,0.122545
2021-2023,GenHlth,model x method,0.000336,0.309706,0.001085
2021-2023,GenHlth,model x label,0.004205,0.309706,0.013578
2021-2023,GenHlth,method x label,0.015421,0.309706,0.049792
2021-2023,GenHlth,model x method x label,0.002273,0.309706,0.007339
2021-2023,GenHlth,residual (seed),0.102956,0.309706,0.33243
2021-2023,GenHlth,total,0.309706,0.309706,1.0
2021-2023,HeartDiseaseorAttack,model,0.004304,0.032722,0.13153
2021-2023,HeartDiseaseorAttack,method,0.002439,0.032722,0.074529
2021-2023,HeartDiseaseorAttack,label,0.001565,0.032722,0.04784
2021-2023,HeartDiseaseorAttack,model x method,0.000184,0.032722,0.005627
2021-2023,HeartDiseaseorAttack,model x label,5e-05,0.032722,0.001536
2021-2023,HeartDiseaseorAttack,method x label,2.6e-05,0.032722,0.00079
2021-2023,HeartDiseaseorAttack,model x method x label,0.000171,0.032722,0.005229
2021-2023,HeartDiseaseorAttack,residual (seed),0.023983,0.032722,0.732918
2021-2023,HeartDiseaseorAttack,total,0.032722,0.032722,1.0
2021-2023,HighBP,model,0.024927,0.219042,0.113802
2021-2023,HighBP,method,0.012683,0.219042,0.0579
2021-2023,HighBP,label,0.105469,0.219042,0.481503
2021-2023,HighBP,model x method,0.001334,0.219042,0.00609
2021-2023,HighBP,model x label,0.00089,0.219042,0.004063
2021-2023,HighBP,method x label,0.004691,0.219042,0.021415
2021-2023,HighBP,model x method x label,0.00063,0.219042,0.002877
2021-2023,HighBP,residual (seed),0.068418,0.219042,0.31235
2021-2023,HighBP,total,0.219042,0.219042,1.0
2021-2023,HighChol,model,0.018558,0.173286,0.107093
2021-2023,HighChol,method,0.000157,0.173286,0.000907
2021-2023,HighChol,label,0.078884,0.173286,0.455226
2021-2023,HighChol,model x method,0.005289,0.173286,0.030524
2021-2023,HighChol,model x label,0.003512,0.173286,0.02027
2021-2023,HighChol,method x label,0.003689,0.173286,0.021291
2021-2023,HighChol,model x method x label,0.002156,0.173286,0.012439
2021-2023,HighChol,residual (seed),0.06104,0.173286,0.35225
2021-2023,HighChol,total,0.173286,0.173286,1.0
2021-2023,Income,model,0.015201,0.090159,0.168599
2021-2023,Income,method,0.03081,0.090159,0.341727
2021-2023,Income,label,0.00322,0.090159,0.035715
2021-2023,Income,model x method,0.004912,0.090159,0.054484
2021-2023,Income,model x label,0.002568,0.090159,0.028486
2021-2023,Income,method x label,0.000168,0.090159,0.001868
2021-2023,Income,model x method x label,0.001206,0.090159,0.013372
2021-2023,Income,residual (seed),0.032074,0.090159,0.355749
2021-2023,Income,total,0.090159,0.090159,1.0
2021-2023,MentHlth,model,0.012644,0.03649,0.346502
2021-2023,MentHlth,method,0.012115,0.03649,0.332009
2021-2023,MentHlth,label,0.000596,0.03649,0.016337
2021-2023,MentHlth,model x method,0.001531,0.03649,0.041964
2021-2023,MentHlth,model x label,0.000244,0.03649,0.006674
2021-2023,MentHlth,method x label,9.6e-05,0.03649,0.00263
2021-2023,MentHlth,model x method x label,0.000671,0.03649,0.018397
2021-2023,MentHlth,residual (seed),0.008593,0.03649,0.235487
2021-2023,MentHlth,total,0.03649,0.03649,1.0
2021-2023,PhysActivity_LTPA,model,0.003961,0.041243,0.096031
2021-2023,PhysActivity_LTPA,method,0.017451,0.041243,0.423138
2021-2023,PhysActivity_LTPA,label,0.001022,0.041243,0.024792
2021-2023,PhysActivity_LTPA,model x method,0.000199,0.041243,0.004827
2021-2023,PhysActivity_LTPA,model x label,0.000242,0.041243,0.005877
2021-2023,PhysActivity_LTPA,method x label,5e-06,0.041243,0.000116
2021-2023,PhysActivity_LTPA,model x method x label,0.000323,0.041243,0.007825
2021-2023,PhysActivity_LTPA,residual (seed),0.018039,0.041243,0.437394
2021-2023,PhysActivity_LTPA,total,0.041243,0.041243,1.0
2021-2023,Sex,model,0.006558,0.071616,0.091566
2021-2023,Sex,method,0.008451,0.071616,0.118008
2021-2023,Sex,label,0.014608,0.071616,0.203979
2021-2023,Sex,model x method,0.007659,0.071616,0.106942
2021-2023,Sex,model x label,0.00227,0.071616,0.031697
2021-2023,Sex,method x label,8.3e-05,0.071616,0.00116
2021-2023,Sex,model x method x label,9.3e-05,0.071616,0.001299
2021-2023,Sex,residual (seed),0.031894,0.071616,0.44535
2021-2023,Sex,total,0.071616,0.071616,1.0
2021-2023,Smoker,model,0.005543,0.018539,0.299022
2021-2023,Smoker,method,0.005285,0.018539,0.285106
2021-2023,Smoker,label,5.9e-05,0.018539,0.003158
2021-2023,Smoker,model x method,0.000105,0.018539,0.00565
2021-2023,Smoker,model x label,0.00044,0.018539,0.023729
2021-2023,Smoker,method x label,2.8e-05,0.018539,0.001484
2021-2023,Smoker,model x method x label,0.000153,0.018539,0.008234
2021-2023,Smoker,residual (seed),0.006926,0.018539,0.373617
2021-2023,Smoker,total,0.018539,0.018539,1.0
2021-2023,Stroke,model,0.00078,0.003232,0.24143
2021-2023,Stroke,method,0.000937,0.003232,0.290015
2021-2023,Stroke,label,2e-06,0.003232,0.000657
2021-2023,Stroke,model x method,5.8e-05,0.003232,0.01808
2021-2023,Stroke,model x label,4.3e-05,0.003232,0.013426
2021-2023,Stroke,method x label,4e-05,0.003232,0.012253
2021-2023,Stroke,model x method x label,2.2e-05,0.003232,0.006929
2021-2023,Stroke,residual (seed),0.001348,0.003232,0.417211
2021-2023,Stroke,total,0.003232,0.003232,1.0
