cycle,model,train_label,truth,attribute,tpr_gap_weighted_mean,signed_gap_weighted_mean,tpr_gap_weighted_p2.5,signed_gap_weighted_p2.5,tpr_gap_weighted_p97.5,signed_gap_weighted_p97.5
2017-2020,logistic_regression,diag,diag,Age,0.4719,,0.2429,,0.5878,
2017-2020,logistic_regression,diag,diag,Education,0.1726,0.1494,0.0602,-0.0778,0.2769,0.2769
2017-2020,logistic_regression,diag,diag,Income,0.1278,0.097,0.0245,-0.1156,0.2317,0.2317
2017-2020,logistic_regression,diag,diag,Sex,0.1092,,0.0175,,0.2069,
2017-2020,logistic_regression,diag,lab,Age,0.4906,,0.3772,,0.5787,
2017-2020,logistic_regression,diag,lab,Education,0.1592,0.1122,0.0296,-0.1689,0.245,0.245
2017-2020,logistic_regression,diag,lab,Income,0.1209,0.0959,0.0285,-0.0697,0.208,0.208
2017-2020,logistic_regression,diag,lab,Sex,0.1235,,0.0387,,0.2518,
2017-2020,logistic_regression,diag,total,Age,0.4816,,0.2979,,0.565,
2017-2020,logistic_regression,diag,total,Education,0.153,0.1227,0.0446,-0.1099,0.2294,0.2294
2017-2020,logistic_regression,diag,total,Income,0.1202,0.0909,0.0103,-0.1132,0.2075,0.2075
2017-2020,logistic_regression,diag,total,Sex,0.0988,,0.0257,,0.1992,
2017-2020,logistic_regression,lab,diag,Age,0.4231,,0.1975,,0.5263,
2017-2020,logistic_regression,lab,diag,Education,0.1288,0.0999,0.0367,-0.1037,0.2606,0.2606
2017-2020,logistic_regression,lab,diag,Income,0.1142,0.1054,0.0273,-0.029,0.2619,0.2619
2017-2020,logistic_regression,lab,diag,Sex,0.097,,0.0046,,0.2255,
2017-2020,logistic_regression,lab,lab,Age,0.4218,,0.3181,,0.5266,
2017-2020,logistic_regression,lab,lab,Education,0.1431,0.1147,0.0711,-0.0951,0.2611,0.2611
2017-2020,logistic_regression,lab,lab,Income,0.0944,0.0764,0.0106,-0.0568,0.2432,0.2432
2017-2020,logistic_regression,lab,lab,Sex,0.0678,,0.0083,,0.1529,
2017-2020,logistic_regression,lab,total,Age,0.4239,,0.2454,,0.5458,
2017-2020,logistic_regression,lab,total,Education,0.1167,0.092,0.0321,-0.0893,0.2137,0.2137
2017-2020,logistic_regression,lab,total,Income,0.1003,0.09,0.0429,-0.0308,0.2277,0.2277
2017-2020,logistic_regression,lab,total,Sex,0.0846,,0.0292,,0.1727,
2017-2020,logistic_regression,total,diag,Age,0.4923,,0.1986,,0.603,
2017-2020,logistic_regression,total,diag,Education,0.1619,0.1442,0.0368,-0.0637,0.2671,0.2671
2017-2020,logistic_regression,total,diag,Income,0.1366,0.1062,0.0262,-0.1086,0.2585,0.2585
2017-2020,logistic_regression,total,diag,Sex,0.1001,,0.0074,,0.1912,
2017-2020,logistic_regression,total,lab,Age,0.4657,,0.2627,,0.5763,
2017-2020,logistic_regression,total,lab,Education,0.1562,0.1282,0.0715,-0.0943,0.2294,0.2294
2017-2020,logistic_regression,total,lab,Income,0.1259,0.0896,0.0627,-0.1031,0.227,0.227
2017-2020,logistic_regression,total,lab,Sex,0.1111,,0.008,,0.2039,
2017-2020,logistic_regression,total,total,Age,0.4762,,0.2135,,0.5937,
2017-2020,logistic_regression,total,total,Education,0.1515,0.1356,0.0487,-0.052,0.2356,0.2356
2017-2020,logistic_regression,total,total,Income,0.1229,0.0888,0.042,-0.1056,0.2308,0.2308
2017-2020,logistic_regression,total,total,Sex,0.1041,,0.0165,,0.1927,
2017-2020,random_forest,diag,diag,Age,0.4689,,0.3973,,0.5159,
2017-2020,random_forest,diag,diag,Education,0.1525,0.1525,0.0385,0.0385,0.2469,0.2469
2017-2020,random_forest,diag,diag,Income,0.1169,0.0824,0.0118,-0.1171,0.2236,0.2236
2017-2020,random_forest,diag,diag,Sex,0.1237,,0.0083,,0.2952,
2017-2020,random_forest,diag,lab,Age,0.4674,,0.3776,,0.587,
2017-2020,random_forest,diag,lab,Education,0.1557,0.1557,0.0556,0.0556,0.3277,0.3277
2017-2020,random_forest,diag,lab,Income,0.0948,0.0684,0.014,-0.0737,0.2062,0.2062
2017-2020,random_forest,diag,lab,Sex,0.1099,,0.0228,,0.2802,
2017-2020,random_forest,diag,total,Age,0.4625,,0.3924,,0.5158,
2017-2020,random_forest,diag,total,Education,0.1466,0.1416,0.0298,-0.0091,0.2491,0.2491
2017-2020,random_forest,diag,total,Income,0.1035,0.0618,0.0241,-0.1265,0.1844,0.1844
2017-2020,random_forest,diag,total,Sex,0.0982,,0.0043,,0.2805,
2017-2020,random_forest,lab,diag,Age,0.3935,,0.2953,,0.56,
2017-2020,random_forest,lab,diag,Education,0.1505,0.1458,0.0345,-0.0018,0.3197,0.3197
2017-2020,random_forest,lab,diag,Income,0.1188,0.1188,0.0026,0.0026,0.2446,0.2446
2017-2020,random_forest,lab,diag,Sex,0.0896,,0.0229,,0.2282,
2017-2020,random_forest,lab,lab,Age,0.3681,,0.2326,,0.5512,
2017-2020,random_forest,lab,lab,Education,0.1788,0.1788,0.0384,0.0384,0.3183,0.3183
2017-2020,random_forest,lab,lab,Income,0.0943,0.0939,0.0046,0.0012,0.256,0.256
2017-2020,random_forest,lab,lab,Sex,0.0743,,0.0109,,0.1506,
2017-2020,random_forest,lab,total,Age,0.3739,,0.2786,,0.5228,
2017-2020,random_forest,lab,total,Education,0.1497,0.1458,0.0325,0.0028,0.2686,0.2686
2017-2020,random_forest,lab,total,Income,0.1002,0.0959,0.0068,-0.015,0.2361,0.2361
2017-2020,random_forest,lab,total,Sex,0.0733,,0.0131,,0.1994,
2017-2020,random_forest,total,diag,Age,0.4325,,0.2428,,0.5193,
2017-2020,random_forest,total,diag,Education,0.1715,0.1715,0.0291,0.0291,0.3437,0.3437
2017-2020,random_forest,total,diag,Income,0.0977,0.0606,0.0238,-0.0995,0.1873,0.1873
2017-2020,random_forest,total,diag,Sex,0.1211,,0.0231,,0.2396,
2017-2020,random_forest,total,lab,Age,0.423,,0.342,,0.5394,
2017-2020,random_forest,total,lab,Education,0.1533,0.1438,0.0485,-0.0248,0.3392,0.3392
2017-2020,random_forest,total,lab,Income,0.0994,0.0652,0.0282,-0.0787,0.2259,0.2259
2017-2020,random_forest,total,lab,Sex,0.0877,,0.0146,,0.1657,
2017-2020,random_forest,total,total,Age,0.4369,,0.3189,,0.5263,
2017-2020,random_forest,total,total,Education,0.1618,0.1618,0.0407,0.0407,0.3534,0.3534
2017-2020,random_forest,total,total,Income,0.0806,0.0378,0.0037,-0.1136,0.1602,0.1602
2017-2020,random_forest,total,total,Sex,0.1029,,0.0187,,0.199,
2017-2020,xgboost,diag,diag,Age,0.351,,0.0726,,0.4933,
2017-2020,xgboost,diag,diag,Education,0.1596,0.1435,0.025,-0.0555,0.2613,0.2613
2017-2020,xgboost,diag,diag,Income,0.0813,0.0351,0.0284,-0.1182,0.1683,0.1683
2017-2020,xgboost,diag,diag,Sex,0.1341,,0.0181,,0.3175,
2017-2020,xgboost,diag,lab,Age,0.3697,,0.1989,,0.511,
2017-2020,xgboost,diag,lab,Education,0.1454,0.1364,0.0377,-0.0268,0.3048,0.3048
2017-2020,xgboost,diag,lab,Income,0.0763,0.0352,0.0151,-0.1048,0.1461,0.1445
2017-2020,xgboost,diag,lab,Sex,0.1557,,0.0362,,0.3754,
2017-2020,xgboost,diag,total,Age,0.3498,,0.1394,,0.4949,
2017-2020,xgboost,diag,total,Education,0.149,0.1395,0.0117,-0.036,0.2714,0.2714
2017-2020,xgboost,diag,total,Income,0.0639,0.0241,0.0047,-0.1172,0.1443,0.1394
2017-2020,xgboost,diag,total,Sex,0.1153,,0.017,,0.2914,
2017-2020,xgboost,lab,diag,Age,0.3065,,0.1599,,0.4417,
2017-2020,xgboost,lab,diag,Education,0.1426,0.1186,0.0191,-0.0413,0.3549,0.3549
2017-2020,xgboost,lab,diag,Income,0.1201,0.0863,0.0281,-0.0825,0.251,0.251
2017-2020,xgboost,lab,diag,Sex,0.0542,,0.0009,,0.1809,
2017-2020,xgboost,lab,lab,Age,0.2424,,0.0433,,0.3959,
2017-2020,xgboost,lab,lab,Education,0.1068,0.1067,0.0007,-0.0002,0.3257,0.3257
2017-2020,xgboost,lab,lab,Income,0.0861,0.0672,0.0122,-0.0505,0.1794,0.1794
2017-2020,xgboost,lab,lab,Sex,0.0897,,0.0033,,0.2218,
2017-2020,xgboost,lab,total,Age,0.2708,,0.1513,,0.4042,
2017-2020,xgboost,lab,total,Education,0.1214,0.1055,0.0075,-0.0451,0.3158,0.3158
2017-2020,xgboost,lab,total,Income,0.0982,0.0568,0.03,-0.0986,0.1982,0.1982
2017-2020,xgboost,lab,total,Sex,0.0669,,0.0065,,0.153,
2017-2020,xgboost,total,diag,Age,0.3459,,0.0781,,0.431,
2017-2020,xgboost,total,diag,Education,0.139,0.1215,0.0297,-0.0577,0.2572,0.2572
2017-2020,xgboost,total,diag,Income,0.1022,0.0429,0.0297,-0.118,0.1733,0.1733
2017-2020,xgboost,total,diag,Sex,0.1169,,0.0084,,0.3063,
2017-2020,xgboost,total,lab,Age,0.3497,,0.2329,,0.4548,
2017-2020,xgboost,total,lab,Education,0.1154,0.1127,0.005,-0.0102,0.2489,0.2489
2017-2020,xgboost,total,lab,Income,0.0937,0.0392,0.0514,-0.0916,0.1768,0.1768
2017-2020,xgboost,total,lab,Sex,0.1058,,0.0125,,0.253,
2017-2020,xgboost,total,total,Age,0.3539,,0.1725,,0.4346,
2017-2020,xgboost,total,total,Education,0.125,0.1194,0.0224,-0.017,0.2119,0.2119
2017-2020,xgboost,total,total,Income,0.0811,0.0264,0.0126,-0.1063,0.1553,0.1545
2017-2020,xgboost,total,total,Sex,0.1038,,0.0132,,0.2694,
2021-2023,logistic_regression,diag,diag,Age,0.3557,,0.0646,,0.569,
2021-2023,logistic_regression,diag,diag,Education,0.3205,0.3205,0.1581,0.1581,0.4207,0.4207
2021-2023,logistic_regression,diag,diag,Income,0.1936,0.1936,0.0134,0.0134,0.3498,0.3498
2021-2023,logistic_regression,diag,diag,Sex,0.1452,,0.0126,,0.2833,
2021-2023,logistic_regression,diag,lab,Age,0.434,,0.2673,,0.6495,
2021-2023,logistic_regression,diag,lab,Education,0.2835,0.2835,0.1724,0.1724,0.3995,0.3995
2021-2023,logistic_regression,diag,lab,Income,0.1587,0.1375,0.0288,-0.0612,0.3114,0.3114
2021-2023,logistic_regression,diag,lab,Sex,0.1373,,0.0159,,0.3526,
2021-2023,logistic_regression,diag,total,Age,0.3618,,0.1621,,0.5387,
2021-2023,logistic_regression,diag,total,Education,0.2909,0.2909,0.1487,0.1487,0.3906,0.3906
2021-2023,logistic_regression,diag,total,Income,0.1732,0.1663,0.0362,-0.0171,0.3184,0.3184
2021-2023,logistic_regression,diag,total,Sex,0.1264,,0.0352,,0.2737,
2021-2023,logistic_regression,lab,diag,Age,0.2979,,0.0572,,0.4932,
2021-2023,logistic_regression,lab,diag,Education,0.334,0.334,0.2537,0.2537,0.4383,0.4383
2021-2023,logistic_regression,lab,diag,Income,0.2189,0.2189,0.0631,0.0631,0.3768,0.3768
2021-2023,logistic_regression,lab,diag,Sex,0.108,,0.0323,,0.2033,
2021-2023,logistic_regression,lab,lab,Age,0.3791,,0.172,,0.5647,
2021-2023,logistic_regression,lab,lab,Education,0.289,0.289,0.1863,0.1863,0.3992,0.3992
2021-2023,logistic_regression,lab,lab,Income,0.1846,0.1596,0.0034,-0.0888,0.3349,0.3349
2021-2023,logistic_regression,lab,lab,Sex,0.1055,,0.0096,,0.2119,
2021-2023,logistic_regression,lab,total,Age,0.3028,,0.0877,,0.4753,
2021-2023,logistic_regression,lab,total,Education,0.3112,0.3112,0.2168,0.2168,0.4304,0.4304
2021-2023,logistic_regression,lab,total,Income,0.1906,0.1906,0.0227,0.0227,0.3222,0.3222
2021-2023,logistic_regression,lab,total,Sex,0.0974,,0.0093,,0.174,
2021-2023,logistic_regression,total,diag,Age,0.4005,,0.0593,,0.6146,
2021-2023,logistic_regression,total,diag,Education,0.3317,0.3317,0.2218,0.2218,0.3929,0.3929
2021-2023,logistic_regression,total,diag,Income,0.2249,0.2249,0.059,0.059,0.3965,0.3965
2021-2023,logistic_regression,total,diag,Sex,0.1232,,0.0024,,0.2293,
2021-2023,logistic_regression,total,lab,Age,0.4907,,0.2607,,0.6603,
2021-2023,logistic_regression,total,lab,Education,0.2796,0.2796,0.1488,0.1488,0.3755,0.3755
2021-2023,logistic_regression,total,lab,Income,0.1835,0.177,0.0132,-0.0234,0.3869,0.3869
2021-2023,logistic_regression,total,lab,Sex,0.1143,,0.0031,,0.2709,
2021-2023,logistic_regression,total,total,Age,0.4061,,0.1374,,0.5772,
2021-2023,logistic_regression,total,total,Education,0.2999,0.2999,0.1801,0.1801,0.3952,0.3952
2021-2023,logistic_regression,total,total,Income,0.2018,0.2018,0.0442,0.0442,0.3621,0.3621
2021-2023,logistic_regression,total,total,Sex,0.1049,,0.0207,,0.1938,
2021-2023,random_forest,diag,diag,Age,0.4599,,0.3429,,0.5801,
2021-2023,random_forest,diag,diag,Education,0.1622,0.1622,0.0562,0.0562,0.3032,0.3032
2021-2023,random_forest,diag,diag,Income,0.172,0.172,0.0766,0.0766,0.2848,0.2848
2021-2023,random_forest,diag,diag,Sex,0.086,,0.0245,,0.2333,
2021-2023,random_forest,diag,lab,Age,0.4554,,0.3831,,0.581,
2021-2023,random_forest,diag,lab,Education,0.1502,0.1502,0.0323,0.0323,0.3402,0.3402
2021-2023,random_forest,diag,lab,Income,0.1675,0.1494,0.0128,-0.065,0.3633,0.3633
2021-2023,random_forest,diag,lab,Sex,0.1027,,0.019,,0.2162,
2021-2023,random_forest,diag,total,Age,0.4178,,0.2899,,0.5376,
2021-2023,random_forest,diag,total,Education,0.152,0.152,0.046,0.046,0.2817,0.2817
2021-2023,random_forest,diag,total,Income,0.1534,0.1534,0.0348,0.0348,0.2843,0.2843
2021-2023,random_forest,diag,total,Sex,0.0817,,0.0089,,0.2061,
2021-2023,random_forest,lab,diag,Age,0.3559,,0.1649,,0.5085,
2021-2023,random_forest,lab,diag,Education,0.2084,0.2084,0.1379,0.1379,0.3609,0.3609
2021-2023,random_forest,lab,diag,Income,0.1735,0.1735,0.0272,0.0272,0.303,0.303
2021-2023,random_forest,lab,diag,Sex,0.0861,,0.0173,,0.1463,
2021-2023,random_forest,lab,lab,Age,0.3518,,0.2406,,0.4839,
2021-2023,random_forest,lab,lab,Education,0.1771,0.1771,0.0672,0.0672,0.2967,0.2967
2021-2023,random_forest,lab,lab,Income,0.1582,0.1347,0.0327,-0.0856,0.3325,0.3325
2021-2023,random_forest,lab,lab,Sex,0.0632,,0.015,,0.1141,
2021-2023,random_forest,lab,total,Age,0.3232,,0.2191,,0.4654,
2021-2023,random_forest,lab,total,Education,0.1884,0.1884,0.106,0.106,0.3271,0.3271
2021-2023,random_forest,lab,total,Income,0.1549,0.1526,0.0262,0.0084,0.2688,0.2688
2021-2023,random_forest,lab,total,Sex,0.0767,,0.0238,,0.1519,
2021-2023,random_forest,total,diag,Age,0.4108,,0.2403,,0.6351,
2021-2023,random_forest,total,diag,Education,0.1783,0.1783,0.0858,0.0858,0.3391,0.3391
2021-2023,random_forest,total,diag,Income,0.1915,0.1915,0.0988,0.0988,0.3769,0.3769
2021-2023,random_forest,total,diag,Sex,0.0931,,0.0106,,0.1904,
2021-2023,random_forest,total,lab,Age,0.3968,,0.2008,,0.5956,
2021-2023,random_forest,total,lab,Education,0.1594,0.1594,0.0446,0.0446,0.281,0.281
2021-2023,random_forest,total,lab,Income,0.1729,0.1709,0.0129,-0.0028,0.4265,0.4265
2021-2023,random_forest,total,lab,Sex,0.1143,,0.0166,,0.1845,
2021-2023,random_forest,total,total,Age,0.3781,,0.2732,,0.5544,
2021-2023,random_forest,total,total,Education,0.1642,0.1642,0.0778,0.0778,0.2995,0.2995
2021-2023,random_forest,total,total,Income,0.1727,0.1727,0.0768,0.0768,0.3446,0.3446
2021-2023,random_forest,total,total,Sex,0.0932,,0.0133,,0.1617,
2021-2023,xgboost,diag,diag,Age,0.4212,,0.2548,,0.5628,
2021-2023,xgboost,diag,diag,Education,0.1935,0.1935,0.1259,0.1259,0.3654,0.3654
2021-2023,xgboost,diag,diag,Income,0.1357,0.1241,0.0187,-0.0434,0.3033,0.3033
2021-2023,xgboost,diag,diag,Sex,0.1029,,0.0267,,0.2077,
2021-2023,xgboost,diag,lab,Age,0.481,,0.3547,,0.5871,
2021-2023,xgboost,diag,lab,Education,0.201,0.201,0.0749,0.0749,0.3468,0.3468
2021-2023,xgboost,diag,lab,Income,0.1516,0.092,0.0399,-0.1272,0.3662,0.3662
2021-2023,xgboost,diag,lab,Sex,0.1211,,0.0191,,0.209,
2021-2023,xgboost,diag,total,Age,0.4032,,0.2245,,0.5211,
2021-2023,xgboost,diag,total,Education,0.1847,0.1847,0.0855,0.0855,0.3276,0.3276
2021-2023,xgboost,diag,total,Income,0.127,0.111,0.0157,-0.0612,0.2886,0.2886
2021-2023,xgboost,diag,total,Sex,0.0991,,0.0076,,0.2281,
2021-2023,xgboost,lab,diag,Age,0.3385,,0.2164,,0.4736,
2021-2023,xgboost,lab,diag,Education,0.2213,0.2213,0.1073,0.1073,0.3875,0.3875
2021-2023,xgboost,lab,diag,Income,0.1386,0.1302,0.0057,-0.032,0.3195,0.3195
2021-2023,xgboost,lab,diag,Sex,0.0757,,0.0067,,0.1456,
2021-2023,xgboost,lab,lab,Age,0.3778,,0.2916,,0.4935,
2021-2023,xgboost,lab,lab,Education,0.2,0.2,0.0728,0.0728,0.2677,0.2677
2021-2023,xgboost,lab,lab,Income,0.1481,0.0985,0.0584,-0.1034,0.3366,0.3366
2021-2023,xgboost,lab,lab,Sex,0.0681,,0.014,,0.1589,
2021-2023,xgboost,lab,total,Age,0.3181,,0.2147,,0.4481,
2021-2023,xgboost,lab,total,Education,0.2054,0.2054,0.0945,0.0945,0.3584,0.3584
2021-2023,xgboost,lab,total,Income,0.13,0.1172,0.01,-0.0475,0.3125,0.3125
2021-2023,xgboost,lab,total,Sex,0.0741,,0.0168,,0.1426,
2021-2023,xgboost,total,diag,Age,0.3748,,0.1241,,0.5541,
2021-2023,xgboost,total,diag,Education,0.2216,0.2216,0.1204,0.1204,0.3828,0.3828
2021-2023,xgboost,total,diag,Income,0.1767,0.1767,0.0737,0.0737,0.332,0.332
2021-2023,xgboost,total,diag,Sex,0.0985,,0.0152,,0.2152,
2021-2023,xgboost,total,lab,Age,0.4153,,0.0833,,0.5781,
2021-2023,xgboost,total,lab,Education,0.2031,0.2031,0.0941,0.0941,0.3698,0.3698
2021-2023,xgboost,total,lab,Income,0.165,0.1471,0.0313,-0.0585,0.3728,0.3728
2021-2023,xgboost,total,lab,Sex,0.1118,,0.036,,0.237,
2021-2023,xgboost,total,total,Age,0.3517,,0.1419,,0.4813,
2021-2023,xgboost,total,total,Education,0.205,0.205,0.081,0.081,0.3473,0.3473
2021-2023,xgboost,total,total,Income,0.1573,0.1573,0.0235,0.0235,0.3162,0.3162
2021-2023,xgboost,total,total,Sex,0.1059,,0.0243,,0.2082,
