cycle,label,model,seed,n_train,n_test,pos_test,auc,auc_weighted,fit_s,shap_s,pi_s
2017-2020,diag,xgboost,0,4976,1245,195,0.8036385836385836,0.8079985581871627,0.28733134269714355,4.214478492736816,3.420541286468506
2017-2020,diag,random_forest,0,4976,1245,195,0.8068766788766788,0.8025393370133571,1.1106178760528564,121.43504619598389,14.637300729751587
2017-2020,diag,logistic_regression,0,4976,1245,195,0.8064322344322343,0.8119083974784538,0.0736994743347168,0.007691621780395508,1.2450776100158691
2017-2020,lab,xgboost,0,4976,1245,174,0.7448619294461079,0.7520671159627008,0.24715614318847656,3.663752794265747,3.908597230911255
2017-2020,lab,random_forest,0,4976,1245,174,0.7536650675595908,0.7467345263154503,0.9370086193084717,113.93637728691101,15.156587600708008
2017-2020,lab,logistic_regression,0,4976,1245,174,0.7740053875956512,0.7972200716666681,0.06268000602722168,0.006407976150512695,1.0599863529205322
2017-2020,total,xgboost,0,4976,1245,231,0.7767830460138152,0.7812936148214515,0.2461991310119629,3.4065916538238525,2.8067376613616943
2017-2020,total,random_forest,0,4976,1245,231,0.7928823313438698,0.7859878299678157,1.0076830387115479,130.55663132667542,15.50700068473816
2017-2020,total,logistic_regression,0,4976,1245,231,0.8017964941041864,0.8148555315051061,0.052145957946777344,0.00622105598449707,1.091238021850586
2017-2020,diag,xgboost,1,4976,1245,195,0.7819023199023197,0.8122267812863215,0.24225139617919922,3.759159803390503,3.0403270721435547
2017-2020,diag,random_forest,1,4976,1245,195,0.7825763125763125,0.7953364495696332,0.9171297550201416,117.8019950389862,15.495622873306274
2017-2020,diag,logistic_regression,1,4976,1245,195,0.8076263736263737,0.8214394695958211,0.06984424591064453,0.006306648254394531,1.2153303623199463
2017-2020,lab,xgboost,1,4976,1245,174,0.7478750120737951,0.7945433993396379,0.2807021141052246,3.972198486328125,3.357039451599121
2017-2020,lab,random_forest,1,4976,1245,174,0.7485430953990792,0.7723268725251982,0.8344647884368896,114.16159105300903,15.031245231628418
2017-2020,lab,logistic_regression,1,4976,1245,174,0.7845739828498449,0.8187910798404627,0.013729095458984375,0.002125263214111328,0.9946026802062988
2017-2020,total,xgboost,1,4976,1245,231,0.7742279088432934,0.8132624938516675,0.3182055950164795,3.7869815826416016,3.275531768798828
2017-2020,total,random_forest,1,4976,1245,231,0.7736494274955813,0.7896430399358634,1.0060181617736816,132.11537170410156,15.840626239776611
2017-2020,total,logistic_regression,1,4976,1245,231,0.7996512034973573,0.8194187980040826,0.06608366966247559,0.00681304931640625,0.9920189380645752
2017-2020,diag,xgboost,2,4976,1245,195,0.7947545787545789,0.8388065805254379,0.23913884162902832,3.76912260055542,2.876455545425415
2017-2020,diag,random_forest,2,4976,1245,195,0.8054749694749694,0.839319542094377,0.9267568588256836,116.07050323486328,14.941928148269653
2017-2020,diag,logistic_regression,2,4976,1245,195,0.8055042735042736,0.8423924071564591,0.06555318832397461,0.0025644302368164062,1.0412349700927734
2017-2020,lab,xgboost,2,4976,1245,174,0.7556424868798094,0.8128361097969354,0.23182964324951172,3.8872628211975098,3.1303532123565674
2017-2020,lab,random_forest,2,4976,1245,174,0.7642390289449114,0.7958983491802896,0.9751665592193604,116.87432360649109,15.960919857025146
2017-2020,lab,logistic_regression,2,4976,1245,174,0.7805896304882106,0.8268194857241584,0.06307387351989746,0.0073053836822509766,1.127194881439209
2017-2020,total,xgboost,2,4976,1245,231,0.7823330515638208,0.8295981887605463,0.26969003677368164,4.058149576187134,3.5483522415161133
2017-2020,total,random_forest,2,4976,1245,231,0.7794833371756448,0.8172765602180961,1.0258691310882568,132.86356282234192,15.635552644729614
2017-2020,total,logistic_regression,2,4976,1245,231,0.7898255590563283,0.8343525689824892,0.06218552589416504,0.006441354751586914,1.2092328071594238
2017-2020,diag,xgboost,3,4976,1245,195,0.7965909645909646,0.8384304085522437,0.30933666229248047,3.575295925140381,3.2400128841400146
2017-2020,diag,random_forest,3,4976,1245,195,0.7965860805860806,0.8204324683238394,0.9829864501953125,125.23672389984131,14.388179540634155
2017-2020,diag,logistic_regression,3,4976,1245,195,0.8018803418803419,0.8362429980370396,0.05169200897216797,0.0063648223876953125,0.9755210876464844
2017-2020,lab,xgboost,3,4976,1245,174,0.7455487942303357,0.7868305192343872,0.22677302360534668,3.889913320541382,2.976722478866577
2017-2020,lab,random_forest,3,4976,1245,174,0.7596805005527115,0.8061126282309375,1.0465087890625,112.98826599121094,14.693783283233643
2017-2020,lab,logistic_regression,3,4976,1245,174,0.7726853193384633,0.8202357592479524,0.058663129806518555,0.006774187088012695,1.127293586730957
2017-2020,total,xgboost,3,4976,1245,231,0.7681634604711528,0.8039703224528776,0.23470115661621094,3.5269057750701904,3.021296739578247
2017-2020,total,random_forest,3,4976,1245,231,0.7828837828837829,0.8118504748988448,0.9154195785522461,130.7823362350464,15.540047407150269
2017-2020,total,logistic_regression,3,4976,1245,231,0.785727093419401,0.8256503060803615,0.06690597534179688,0.006304025650024414,1.0101814270019531
2017-2020,diag,xgboost,4,4976,1245,195,0.8167814407814408,0.8530251488938645,0.29819440841674805,3.5265140533447266,3.2287981510162354
2017-2020,diag,random_forest,4,4976,1245,195,0.8116849816849817,0.8493081700122277,1.145906925201416,119.55618381500244,15.587454557418823
2017-2020,diag,logistic_regression,4,4976,1245,195,0.8270915750915753,0.8529028939870236,0.06827759742736816,0.006488323211669922,1.1883788108825684
2017-2020,lab,xgboost,4,4976,1245,174,0.7537106796741685,0.8069793898455363,0.3540956974029541,3.680894136428833,3.0740480422973633
2017-2020,lab,random_forest,4,4976,1245,174,0.7518110692552883,0.7997329318217282,0.9791443347930908,117.03000617027283,14.84046220779419
2017-2020,lab,logistic_regression,4,4976,1245,174,0.7904525794992326,0.8318964136833855,0.06173205375671387,0.006289958953857422,1.1539952754974365
2017-2020,total,xgboost,4,4976,1245,231,0.8001357616742232,0.8407833969857785,0.2645866870880127,3.633723497390747,3.572190999984741
2017-2020,total,random_forest,4,4976,1245,231,0.7951492951492951,0.8333819645165785,1.1641862392425537,136.6940667629242,16.679354190826416
2017-2020,total,logistic_regression,4,4976,1245,231,0.8211660134737059,0.8504851405628236,0.05919313430786133,0.006296396255493164,1.1242594718933105
2017-2020,diag,xgboost,5,4976,1245,195,0.7899780219780219,0.8479731109708942,0.2533135414123535,4.055888414382935,3.3667426109313965
2017-2020,diag,random_forest,5,4976,1245,195,0.7896263736263737,0.8518750205547899,0.8833897113800049,128.0510642528534,15.647801876068115
2017-2020,diag,logistic_regression,5,4976,1245,195,0.8083711843711844,0.8608841253647269,0.07093143463134766,0.006304740905761719,1.338681697845459
2017-2020,lab,xgboost,5,4976,1245,174,0.7278995889543557,0.7613870329218898,0.34114718437194824,4.131106615066528,5.014185190200806
2017-2020,lab,random_forest,5,4976,1245,174,0.7442501904976551,0.7865880382599987,1.1890301704406738,118.7327733039856,14.625769138336182
2017-2020,lab,logistic_regression,5,4976,1245,174,0.7879197656073923,0.837608447813096,0.008551597595214844,0.002022981643676758,0.9663684368133545
2017-2020,total,xgboost,5,4976,1245,231,0.7725778495009265,0.8288103531573139,0.22925734519958496,3.3079395294189453,3.0837838649749756
2017-2020,total,random_forest,5,4976,1245,231,0.7787404902789518,0.8374716585166276,0.9619972705841064,126.66436648368835,15.532675743103027
2017-2020,total,logistic_regression,5,4976,1245,231,0.8022276868430714,0.8506609790338883,0.05886244773864746,0.006259441375732422,0.9318466186523438
2017-2020,diag,xgboost,6,4976,1245,195,0.8046153846153845,0.8213595279094809,0.2337665557861328,3.4592106342315674,3.090179681777954
2017-2020,diag,random_forest,6,4976,1245,195,0.7998778998778999,0.7988926282575263,0.84641432762146,121.06119966506958,15.255783081054688
2017-2020,diag,logistic_regression,6,4976,1245,195,0.8205128205128206,0.8298472846565447,0.011565208435058594,0.002125263214111328,1.2223060131072998
2017-2020,lab,xgboost,6,4976,1245,174,0.7643731822230809,0.7676073580531454,0.3820359706878662,3.546215772628784,3.35380220413208
2017-2020,lab,random_forest,6,4976,1245,174,0.7568927954323492,0.7446506253062867,1.0337550640106201,118.99157810211182,15.653980493545532
2017-2020,lab,logistic_regression,6,4976,1245,174,0.81363963209805,0.8335984147827651,0.02094292640686035,0.0029306411743164062,1.120506763458252
2017-2020,total,xgboost,6,4976,1245,231,0.8006779545241085,0.8212455819884599,0.25826549530029297,3.7960827350616455,3.123514175415039
2017-2020,total,random_forest,6,4976,1245,231,0.800940512478974,0.8075758929184806,0.921226978302002,134.1965413093567,16.351911306381226
2017-2020,total,logistic_regression,6,4976,1245,231,0.8225193609808993,0.8392813232541139,0.07510519027709961,0.002662181854248047,1.3260438442230225
2017-2020,diag,xgboost,7,4976,1245,195,0.7934847374847376,0.8306449342253852,0.29288315773010254,3.34222149848938,3.4730336666107178
2017-2020,diag,random_forest,7,4976,1245,195,0.7894114774114774,0.8191059912421058,0.9709022045135498,118.22293591499329,14.777806758880615
2017-2020,diag,logistic_regression,7,4976,1245,195,0.809074481074481,0.833456240056182,0.06141066551208496,0.006163358688354492,1.0720365047454834
2017-2020,lab,xgboost,7,4976,1245,174,0.7521008403361344,0.7941040573540176,0.2654228210449219,3.6220626831054688,2.8818790912628174
2017-2020,lab,random_forest,7,4976,1245,174,0.744078474301598,0.78863715605167,0.9402658939361572,113.11371040344238,14.749830722808838
2017-2020,lab,logistic_regression,7,4976,1245,174,0.7750732476898805,0.8168719581174945,0.05071592330932617,0.002083301544189453,1.0335335731506348
2017-2020,total,xgboost,7,4976,1245,231,0.7751351212889676,0.8308953745716998,0.2625613212585449,3.836397409439087,3.5902256965637207
2017-2020,total,random_forest,7,4976,1245,231,0.7728638882485037,0.8204115025102077,1.1546363830566406,133.09206414222717,16.008033990859985
2017-2020,total,logistic_regression,7,4976,1245,231,0.7936934860011784,0.8311881651808848,0.0614466667175293,0.006399631500244141,0.9866633415222168
2017-2020,diag,xgboost,8,4976,1245,195,0.7858021978021977,0.811824993363377,0.2343437671661377,3.399026393890381,3.0700016021728516
2017-2020,diag,random_forest,8,4976,1245,195,0.8033870573870575,0.8226652312164897,0.9353423118591309,118.36569595336914,14.752252340316772
2017-2020,diag,logistic_regression,8,4976,1245,195,0.8121807081807082,0.838862656517037,0.06091809272766113,0.00767970085144043,1.2246060371398926
2017-2020,lab,xgboost,8,4976,1245,174,0.7596885497494017,0.7571677751670121,0.27967238426208496,4.225490570068359,2.986337661743164
2017-2020,lab,random_forest,8,4976,1245,174,0.7721755368814193,0.7700264763772438,0.8454985618591309,109.58073925971985,14.99204969406128
2017-2020,lab,logistic_regression,8,4976,1245,174,0.7818023761228629,0.8020429816440013,0.0643162727355957,0.002878427505493164,1.1173112392425537
2017-2020,total,xgboost,8,4976,1245,231,0.7686031916801147,0.8053258616532218,0.2907848358154297,3.7163827419281006,3.1125106811523438
2017-2020,total,random_forest,8,4976,1245,231,0.7769730269730271,0.791744256937252,0.9222073554992676,129.58344078063965,15.402182579040527
2017-2020,total,logistic_regression,8,4976,1245,231,0.7937233706464477,0.8279042413152436,0.0498201847076416,0.0021872520446777344,0.9360485076904297
2017-2020,diag,xgboost,9,4976,1245,195,0.7804786324786326,0.7854205858157195,0.25510692596435547,3.812512159347534,2.9067654609680176
2017-2020,diag,random_forest,9,4976,1245,195,0.8022905982905983,0.7996331091507353,1.0018422603607178,120.94306707382202,15.299738883972168
2017-2020,diag,logistic_regression,9,4976,1245,195,0.8203223443223443,0.8309236200924146,0.06839847564697266,0.005663871765136719,1.0855114459991455
2017-2020,lab,xgboost,9,4976,1245,174,0.7296972428818269,0.7630094827222413,0.2814333438873291,3.970886707305908,3.115886926651001
2017-2020,lab,random_forest,9,4976,1245,174,0.7385459931098876,0.7944884245502426,0.9022204875946045,112.19442057609558,14.87238097190857
2017-2020,lab,logistic_regression,9,4976,1245,174,0.7729267952391684,0.8246352547706363,0.05907130241394043,0.0063800811767578125,1.07997465133667
2017-2020,total,xgboost,9,4976,1245,231,0.7532595609518686,0.7721747833140097,0.3356029987335205,3.6472389698028564,3.190636157989502
2017-2020,total,random_forest,9,4976,1245,231,0.778138528138528,0.7844890051406985,0.879136323928833,128.90969133377075,15.356249332427979
2017-2020,total,logistic_regression,9,4976,1245,231,0.7935013704244472,0.8138020460657279,0.057851552963256836,0.007869243621826172,1.186591625213623
2021-2023,diag,xgboost,0,3347,837,117,0.8016975308641975,0.7976126809646924,0.28762292861938477,2.9483914375305176,2.606177806854248
2021-2023,diag,random_forest,0,3347,837,117,0.7954415954415954,0.7844569332774357,0.6515133380889893,42.74648952484131,10.633841514587402
2021-2023,diag,logistic_regression,0,3347,837,117,0.8281101614434947,0.8209910934497155,0.045656442642211914,0.0029397010803222656,0.9082305431365967
2021-2023,lab,xgboost,0,3347,837,97,0.7905126776260798,0.7894294071704615,0.2110893726348877,2.6741764545440674,2.5136194229125977
2021-2023,lab,random_forest,0,3347,837,97,0.789607132906102,0.7802337802783734,0.7699165344238281,38.74899411201477,10.296560287475586
2021-2023,lab,logistic_regression,0,3347,837,97,0.8080802451936473,0.8041639493029336,0.06197476387023926,0.00648808479309082,1.194854497909546
2021-2023,total,xgboost,0,3347,837,134,0.7642088278380502,0.7683390935270122,0.27625608444213867,2.862156629562378,2.6154394149780273
2021-2023,total,random_forest,0,3347,837,134,0.7803549818475192,0.7765736386547641,0.6161160469055176,46.10470104217529,11.073972225189209
2021-2023,total,logistic_regression,0,3347,837,134,0.8114158935054456,0.8086528494469111,0.05481600761413574,0.0032434463500976562,1.3428654670715332
2021-2023,diag,xgboost,1,3347,837,117,0.812025166191833,0.838152401743931,0.2192220687866211,2.294365882873535,2.7383978366851807
2021-2023,diag,random_forest,1,3347,837,117,0.8250474833808168,0.8391855352415887,0.715599536895752,43.94399285316467,11.401031970977783
2021-2023,diag,logistic_regression,1,3347,837,117,0.8390194681861348,0.8516883404737597,0.03833127021789551,0.0019004344940185547,0.9450032711029053
2021-2023,lab,xgboost,1,3347,837,97,0.799735302312622,0.8080358313834433,0.21802496910095215,2.3909542560577393,2.575920820236206
2021-2023,lab,random_forest,1,3347,837,97,0.8077180273056562,0.794898311913145,0.7143368721008301,42.18414044380188,10.2552330493927
2021-2023,lab,logistic_regression,1,3347,837,97,0.8312343271106157,0.840143310679514,0.05172014236450195,0.0020148754119873047,1.0501973628997803
2021-2023,total,xgboost,1,3347,837,134,0.80945202861935,0.8354055211301339,0.20996356010437012,2.6237823963165283,2.5026562213897705
2021-2023,total,random_forest,1,3347,837,134,0.8215430670261777,0.8350790185684674,0.6513831615447998,48.589744567871094,11.400479555130005
2021-2023,total,logistic_regression,1,3347,837,134,0.8397804717521921,0.8603231108077991,0.04916810989379883,0.0019659996032714844,1.0368521213531494
2021-2023,diag,xgboost,2,3347,837,117,0.7927113010446345,0.7942752828117747,0.24849820137023926,2.2759177684783936,2.5726239681243896
2021-2023,diag,random_forest,2,3347,837,117,0.7911740265906932,0.7914173018621617,0.6180570125579834,41.5227313041687,10.735579490661621
2021-2023,diag,logistic_regression,2,3347,837,117,0.8138888888888889,0.8270911340027769,0.05234575271606445,0.001897573471069336,0.9184410572052002
2021-2023,lab,xgboost,2,3347,837,97,0.7781833379771524,0.7931619400466188,0.3272566795349121,2.6606850624084473,2.3625786304473877
2021-2023,lab,random_forest,2,3347,837,97,0.7792839230983559,0.792343211449934,0.7004187107086182,37.6493501663208,10.456669092178345
2021-2023,lab,logistic_regression,2,3347,837,97,0.8012538311507383,0.8125877484239022,0.05873465538024902,0.0019795894622802734,1.1042702198028564
2021-2023,total,xgboost,2,3347,837,134,0.8019044181652194,0.813798972457644,0.21394968032836914,2.3190886974334717,2.3360278606414795
2021-2023,total,random_forest,2,3347,837,134,0.7977219167321289,0.8080439932829935,0.6542487144470215,46.862059354782104,11.639959812164307
2021-2023,total,logistic_regression,2,3347,837,134,0.8063523067450797,0.8218129025210458,0.05373024940490723,0.002695798873901367,1.0003790855407715
2021-2023,diag,xgboost,3,3347,837,117,0.8087132003798672,0.8326073583884614,0.20855140686035156,2.6007070541381836,2.4022185802459717
2021-2023,diag,random_forest,3,3347,837,117,0.813633665716999,0.8363371114486885,0.7522115707397461,44.63972616195679,10.89579463005066
2021-2023,diag,logistic_regression,3,3347,837,117,0.8382359924026591,0.8690606601056411,0.05131363868713379,0.0019137859344482422,0.9741764068603516
2021-2023,lab,xgboost,3,3347,837,97,0.7802730565617164,0.7954598138794906,0.20747685432434082,2.4599392414093018,2.6407713890075684
2021-2023,lab,random_forest,3,3347,837,97,0.7890359431596545,0.7993968703252643,0.6211488246917725,40.95256972312927,10.885218143463135
2021-2023,lab,logistic_regression,3,3347,837,97,0.8047784898300361,0.8200825369462201,0.05238032341003418,0.006720781326293945,1.1525185108184814
2021-2023,total,xgboost,3,3347,837,134,0.8106728094944905,0.8360618853611679,0.26418471336364746,2.4791250228881836,2.4451706409454346
2021-2023,total,random_forest,3,3347,837,134,0.7996698583894183,0.8203288719604874,0.6715798377990723,47.67997670173645,10.742867946624756
2021-2023,total,logistic_regression,3,3347,837,134,0.8189316575019638,0.8447726857590727,0.045926570892333984,0.001875162124633789,0.91536545753479
2021-2023,diag,xgboost,4,3347,837,117,0.7828347578347579,0.794474240065924,0.19719910621643066,2.4086623191833496,2.6499624252319336
2021-2023,diag,random_forest,4,3347,837,117,0.7812381291547958,0.7966601100607879,0.612957239151001,43.40836548805237,10.742266178131104
2021-2023,diag,logistic_regression,4,3347,837,117,0.8194088319088318,0.8266864716045397,0.04420638084411621,0.006308078765869141,1.1528868675231934
2021-2023,lab,xgboost,4,3347,837,97,0.7814572304263026,0.8017811044801513,0.24880146980285645,2.3231780529022217,2.642591714859009
2021-2023,lab,random_forest,4,3347,837,97,0.7775773195876288,0.8018092754612625,0.5796172618865967,40.297523736953735,10.29264211654663
2021-2023,lab,logistic_regression,4,3347,837,97,0.7973808860406799,0.8259790296433691,0.053963422775268555,0.006353616714477539,0.9772505760192871
2021-2023,total,xgboost,4,3347,837,134,0.7776374174645974,0.7967599824677207,0.25893688201904297,2.3979156017303467,2.7027697563171387
2021-2023,total,random_forest,4,3347,837,134,0.7738954586951444,0.7929633476855751,0.6514894962310791,47.68963932991028,10.850301265716553
2021-2023,total,logistic_regression,4,3347,837,134,0.8045582896329165,0.8213763231089023,0.05631232261657715,0.007513523101806641,0.9949014186859131
2021-2023,diag,xgboost,5,3347,837,117,0.8258190883190883,0.8330342402802002,0.2050178050994873,2.258997917175293,2.88049578666687
2021-2023,diag,random_forest,5,3347,837,117,0.8301282051282052,0.8362447462088469,0.775932788848877,46.66378998756409,11.855756998062134
2021-2023,diag,logistic_regression,5,3347,837,117,0.8601495726495727,0.878610093424896,0.0560760498046875,0.002061605453491211,1.176903486251831
2021-2023,lab,xgboost,5,3347,837,97,0.8029116745611591,0.8244184953839739,0.2108159065246582,2.650899887084961,2.624237298965454
2021-2023,lab,random_forest,5,3347,837,97,0.8178392309835609,0.83582554241936,0.6052420139312744,41.43436288833618,11.256051778793335
2021-2023,lab,logistic_regression,5,3347,837,97,0.8410838673725272,0.8582950980198661,0.0632469654083252,0.006281614303588867,1.2056431770324707
2021-2023,total,xgboost,5,3347,837,134,0.8212352179359249,0.8260501686346495,0.3084273338317871,2.7388384342193604,3.0383169651031494
2021-2023,total,random_forest,5,3347,837,134,0.8269516570773444,0.8329354883362459,0.6551551818847656,48.57852649688721,11.180731534957886
2021-2023,total,logistic_regression,5,3347,837,134,0.8470202331160698,0.870615457915023,0.04979443550109863,0.0019490718841552734,1.092259168624878
2021-2023,diag,xgboost,6,3347,837,117,0.8282288698955366,0.8518658217274754,0.20641613006591797,2.3409061431884766,2.6812057495117188
2021-2023,diag,random_forest,6,3347,837,117,0.8378264482431149,0.8569257585327483,0.657759428024292,44.93209433555603,11.244885206222534
2021-2023,diag,logistic_regression,6,3347,837,117,0.8451804368471035,0.8729699463183813,0.05286002159118652,0.0018689632415771484,1.0373003482818604
2021-2023,lab,xgboost,6,3347,837,97,0.7668570632488159,0.8071727600123628,0.21634578704833984,2.422419548034668,2.5800907611846924
2021-2023,lab,random_forest,6,3347,837,97,0.777646976873781,0.810424852252277,0.6163713932037354,39.483967542648315,11.03749132156372
2021-2023,lab,logistic_regression,6,3347,837,97,0.8264001114516578,0.8634114642917304,0.05146193504333496,0.0068476200103759766,1.0877466201782227
2021-2023,total,xgboost,6,3347,837,134,0.8078597057387318,0.8363478253381771,0.19491910934448242,2.2719218730926514,2.116504430770874
2021-2023,total,random_forest,6,3347,837,134,0.8258635697755887,0.8465859289730979,0.6276881694793701,47.79836869239807,11.003894567489624
2021-2023,total,logistic_regression,6,3347,837,134,0.8372964480584276,0.8704957320750942,0.05218625068664551,0.006396770477294922,1.0715758800506592
2021-2023,diag,xgboost,7,3347,837,117,0.7985992402659069,0.8098146010485833,0.2070784568786621,2.498835325241089,3.2371973991394043
2021-2023,diag,random_forest,7,3347,837,117,0.797667378917379,0.7830938798369033,0.7000894546508789,44.08424520492554,10.362577438354492
2021-2023,diag,logistic_regression,7,3347,837,117,0.822542735042735,0.8291982390593133,0.008584022521972656,0.0019273757934570312,0.9303321838378906
2021-2023,lab,xgboost,7,3347,837,97,0.7982307049317359,0.812306167401369,0.2032945156097412,2.386918783187866,2.385240077972412
2021-2023,lab,random_forest,7,3347,837,97,0.7887991083867373,0.8022574289042925,0.6186280250549316,40.17445492744446,10.622089862823486
2021-2023,lab,logistic_regression,7,3347,837,97,0.7987879632209529,0.8087864433663406,0.05725860595703125,0.0019812583923339844,1.0208172798156738
2021-2023,total,xgboost,7,3347,837,134,0.7971486804951062,0.8017957546372325,0.26929259300231934,2.398414134979248,2.571686029434204
2021-2023,total,random_forest,7,3347,837,134,0.7857211099552026,0.784480228559457,0.6027238368988037,48.27460432052612,10.844215154647827
2021-2023,total,logistic_regression,7,3347,837,134,0.8057472240504447,0.8141950615388884,0.05292367935180664,0.006697893142700195,0.9883756637573242
2021-2023,diag,xgboost,8,3347,837,117,0.8154558404558405,0.8243321732172604,0.2074730396270752,2.0839505195617676,2.4727978706359863
2021-2023,diag,random_forest,8,3347,837,117,0.8022257834757834,0.8006580172897553,0.6971690654754639,44.042333364486694,10.3976891040802
2021-2023,diag,logistic_regression,8,3347,837,117,0.829985754985755,0.8295853014197491,0.043599605560302734,0.002090930938720703,0.8703739643096924
2021-2023,lab,xgboost,8,3347,837,97,0.8043744775703539,0.8178967805647723,0.19822454452514648,2.2964441776275635,2.569443941116333
2021-2023,lab,random_forest,8,3347,837,97,0.7888966285873502,0.7825886240153677,0.5857653617858887,37.9621696472168,11.416064500808716
2021-2023,lab,logistic_regression,8,3347,837,97,0.8294650320423517,0.8321773732770383,0.04882097244262695,0.0021064281463623047,1.0109052658081055
2021-2023,total,xgboost,8,3347,837,134,0.8087514065518778,0.8166248606664631,0.2347126007080078,2.4342098236083984,2.472046375274658
2021-2023,total,random_forest,8,3347,837,134,0.7996380119318062,0.788142540951226,0.5880091190338135,47.77356243133545,10.804213285446167
2021-2023,total,logistic_regression,8,3347,837,134,0.8260334175495212,0.8307605564950157,0.04204559326171875,0.007529735565185547,0.9291849136352539
2021-2023,diag,xgboost,9,3347,837,117,0.8111229819563154,0.8134791557396184,0.20253276824951172,2.1381821632385254,2.3348937034606934
2021-2023,diag,random_forest,9,3347,837,117,0.8234508547008548,0.8302862789415449,0.5808782577514648,43.996302366256714,10.934866428375244
2021-2023,diag,logistic_regression,9,3347,837,117,0.8318613485280152,0.8600898722068524,0.04977583885192871,0.0018918514251708984,0.9618921279907227
2021-2023,lab,xgboost,9,3347,837,97,0.795653385344107,0.780992164563731,0.2575492858886719,2.3863823413848877,2.3295297622680664
2021-2023,lab,random_forest,9,3347,837,97,0.7982307049317359,0.7900673119492183,0.5852079391479492,37.94079780578613,10.49365496635437
2021-2023,lab,logistic_regression,9,3347,837,97,0.8045416550571189,0.8041502143977257,0.06015324592590332,0.0020673274993896484,1.0087709426879883
2021-2023,total,xgboost,9,3347,837,134,0.8090167936986477,0.7966686943894312,0.20119118690490723,2.1772613525390625,2.469841718673706
2021-2023,total,random_forest,9,3347,837,134,0.8271268125942124,0.8243434119338326,0.7050495147705078,49.135632276535034,11.004975080490112
2021-2023,total,logistic_regression,9,3347,837,134,0.8275726630007856,0.836788427064958,0.047760009765625,0.003722667694091797,1.0818798542022705
