class_weighting,axis,method,J_A,OC_A,contradiction_A,spearman,kendall_tau_b,rbo_ext_p90
balanced,method,,0.9197,1.0,0.0,0.822,0.6863,0.8526
balanced,model,PI,0.9852,1.0,0.0,0.9101,0.7935,0.9204
balanced,model,SHAP,0.8571,0.9815,0.1111,0.8264,0.6797,0.8461
none,method,,0.9635,1.0,0.0,0.8887,0.7536,0.8633
none,model,PI,0.9852,1.0,0.0,0.8825,0.7577,0.9254
none,model,SHAP,0.9418,1.0,0.0,0.8717,0.744,0.8816
pipeline,method,,0.9197,1.0,0.0,0.8189,0.6843,0.8596
pipeline,model,PI,0.9852,1.0,0.0,0.9092,0.7945,0.9378
pipeline,model,SHAP,0.8571,0.9815,0.1111,0.8248,0.6754,0.8442
