class_weighting,method,pair,J_A,spearman,rbo_ext_p90
balanced,PI,random_forest-logistic_regression,0.9778,0.8884,0.9329
balanced,PI,xgboost-logistic_regression,1.0,0.9583,0.9359
balanced,PI,xgboost-random_forest,0.9778,0.8836,0.8924
balanced,SHAP,random_forest-logistic_regression,0.7936,0.7522,0.7939
balanced,SHAP,xgboost-logistic_regression,0.9444,0.9382,0.9125
balanced,SHAP,xgboost-random_forest,0.8333,0.7887,0.8319
none,PI,random_forest-logistic_regression,0.9778,0.8511,0.9208
none,PI,xgboost-logistic_regression,1.0,0.952,0.9526
none,PI,xgboost-random_forest,0.9778,0.8444,0.9027
none,SHAP,random_forest-logistic_regression,0.9127,0.8053,0.8349
none,SHAP,xgboost-logistic_regression,0.9312,0.9284,0.9458
none,SHAP,xgboost-random_forest,0.9815,0.8815,0.8642
pipeline,PI,random_forest-logistic_regression,0.9778,0.8884,0.9329
pipeline,PI,xgboost-logistic_regression,1.0,0.9473,0.9598
pipeline,PI,xgboost-random_forest,0.9778,0.8918,0.9207
pipeline,SHAP,random_forest-logistic_regression,0.7936,0.7522,0.7939
pipeline,SHAP,xgboost-logistic_regression,0.9444,0.9306,0.9064
pipeline,SHAP,xgboost-random_forest,0.8333,0.7917,0.8323
