,mean
HighBP,0.9960095011876484
HighChol,0.5729216152019002
CholCheck,0.945938242280285
BMI,30.03365890736342
Smoker,0.48494061757719714
Stroke,0.08836104513064133
HeartDiseaseorAttack,0.1173396674584323
PhysActivity,0.6652731591448932
Fruits,0.6287885985748218
Veggies,0.7804275534441806
HvyAlcoholConsump,0.9737767220902613
AnyHealthcare,0.9440380047505939
NoDocbcCost,0.11857482185273159
GenHlth,3.175581947743468
MentHlth,24.589453681710214
PhysHlth,22.863657957244655
DiffWalk,0.32066508313539194
Sex,1.5626603325415678
Age,10.066318289786222
Education,4.657862232779097
Income,4.864988123515439
