cycle,weighting,method,model,feature,diff,p_signflip,q_signflip,q_bh
2017-2020,unweighted,PI,logistic_regression,Age,-0.006303713334505667,0.220703125,0.4213423295454546,0.934068979493086
2017-2020,unweighted,PI,logistic_regression,AnyHealthcare,-0.000710012156860232,0.693359375,0.8289473684210527,0.9567432407273756
2017-2020,unweighted,PI,logistic_regression,BMI,-0.06169856379762543,0.001953125,0.009114583333333334,0.0163326693878886
2017-2020,unweighted,PI,logistic_regression,Education,-0.003212438230596159,0.015625,0.046875,0.4943319127966459
2017-2020,unweighted,PI,logistic_regression,GenHlth,0.026905971427654017,0.015625,0.046875,0.3850937800857005
2017-2020,unweighted,PI,logistic_regression,HeartDiseaseorAttack,0.018210447708275464,0.001953125,0.009114583333333334,0.0061863361890698
2017-2020,unweighted,PI,logistic_regression,HighBP,0.020566188433117145,0.001953125,0.009114583333333334,0.0925135090831793
2017-2020,unweighted,PI,logistic_regression,HighChol,0.017328728536217315,0.001953125,0.009114583333333334,0.1077709795119168
2017-2020,unweighted,PI,logistic_regression,Income,4.7760869359231905e-05,0.5,0.7875,0.9567432407273756
2017-2020,unweighted,PI,logistic_regression,MentHlth,7.185076158411077e-05,0.75,0.8289473684210527,0.9567432407273756
2017-2020,unweighted,PI,logistic_regression,PhysActivity_LTPA,0.0022677821969086407,0.0078125,0.029829545454545456,0.3020973688265476
2017-2020,unweighted,PI,logistic_regression,Sex,0.0013440552267819524,0.71484375,0.8289473684210527,0.9567432407273756
2017-2020,unweighted,PI,logistic_regression,Smoker,-0.015239906790267094,0.001953125,0.009114583333333334,0.0280667280830163
2017-2020,unweighted,PI,logistic_regression,Stroke,0.00042184914995664754,0.109375,0.22968750000000002,0.7786248372237891
2017-2020,unweighted,PI,random_forest,Age,0.003039578716930097,0.830078125,0.8939302884615384,0.9567432407273756
2017-2020,unweighted,PI,random_forest,AnyHealthcare,0.004007171932381451,0.0625,0.14583333333333334,0.7786248372237891
2017-2020,unweighted,PI,random_forest,BMI,-0.04518631902327727,0.001953125,0.009114583333333334,0.1077709795119168
2017-2020,unweighted,PI,random_forest,Education,-0.010297841687518672,0.09375,0.20723684210526316,0.6855742073556217
2017-2020,unweighted,PI,random_forest,GenHlth,-0.004074403716326015,0.744140625,0.8289473684210527,0.9567432407273756
2017-2020,unweighted,PI,random_forest,HeartDiseaseorAttack,0.030770022250134654,0.001953125,0.009114583333333334,0.1077709795119168
2017-2020,unweighted,PI,random_forest,HighBP,0.019574442931388745,0.0234375,0.0615234375,0.5051459834090192
2017-2020,unweighted,PI,random_forest,HighChol,0.003928148121314712,0.734375,0.8289473684210527,0.9567432407273756
2017-2020,unweighted,PI,random_forest,Income,0.0014862814296903216,0.5625,0.7875,0.9567432407273756
2017-2020,unweighted,PI,random_forest,MentHlth,0.004844833053259224,0.046875,0.11580882352941177,0.6855742073556217
2017-2020,unweighted,PI,random_forest,PhysActivity_LTPA,-0.005512884343700552,0.3125,0.5706521739130435,0.9567432407273756
2017-2020,unweighted,PI,random_forest,Sex,0.002811155289600253,0.619140625,0.8289473684210527,0.9567432407273756
2017-2020,unweighted,PI,random_forest,Smoker,-0.004110546669510179,0.375,0.643125,0.9523071459534148
2017-2020,unweighted,PI,random_forest,Stroke,-0.0012796382843667567,0.716796875,0.8289473684210527,0.9567432407273756
2017-2020,unweighted,PI,xgboost,Age,0.0007679680836788549,0.927734375,0.97412109375,0.9907693729359772
2017-2020,unweighted,PI,xgboost,AnyHealthcare,0.000505057782597305,0.640625,0.8289473684210527,0.9567432407273756
2017-2020,unweighted,PI,xgboost,BMI,-0.047779045486903246,0.001953125,0.009114583333333334,0.1605868149331994
2017-2020,unweighted,PI,xgboost,Education,-2.6623397844772677e-06,1.0,1.0,0.9993958875047312
2017-2020,unweighted,PI,xgboost,GenHlth,0.021693104445178538,0.0234375,0.0615234375,0.4943319127966459
2017-2020,unweighted,PI,xgboost,HeartDiseaseorAttack,0.013965164717713478,0.001953125,0.009114583333333334,0.1981369831714373
2017-2020,unweighted,PI,xgboost,HighBP,0.002787407279048746,0.560546875,0.7875,0.9567432407273756
2017-2020,unweighted,PI,xgboost,HighChol,0.00201922327107321,0.556640625,0.7875,0.9567432407273756
2017-2020,unweighted,PI,xgboost,Income,0.00782698954208751,0.015625,0.046875,0.3576164212853883
2017-2020,unweighted,PI,xgboost,MentHlth,0.0013395127098713596,0.515625,0.7875,0.9567432407273756
2017-2020,unweighted,PI,xgboost,PhysActivity_LTPA,0.001762685662335423,0.3828125,0.643125,0.9567432407273756
2017-2020,unweighted,PI,xgboost,Sex,0.0069765962524511475,0.162109375,0.32421875,0.8577151431360827
2017-2020,unweighted,PI,xgboost,Smoker,-0.012001742116834675,0.0078125,0.029829545454545456,0.2134274242990017
2017-2020,unweighted,PI,xgboost,Stroke,0.00013974019748690353,1.0,1.0,0.9567432407273756
2017-2020,unweighted,SHAP,logistic_regression,Age,-0.0028908236394946858,0.5078125,0.609375,0.8509093279845422
2017-2020,unweighted,SHAP,logistic_regression,AnyHealthcare,-0.0018638266993750506,0.69140625,0.784839527027027,0.9149271963238776
2017-2020,unweighted,SHAP,logistic_regression,BMI,-0.023718355269222863,0.001953125,0.004557291666666667,0.0049046226633886
2017-2020,unweighted,SHAP,logistic_regression,Education,-0.012727207098648687,0.001953125,0.004557291666666667,0.008552288376577
2017-2020,unweighted,SHAP,logistic_regression,GenHlth,0.01789602002562024,0.001953125,0.004557291666666667,0.0308451289386762
2017-2020,unweighted,SHAP,logistic_regression,HeartDiseaseorAttack,0.01727796998938795,0.001953125,0.004557291666666667,0.0005035538441048
2017-2020,unweighted,SHAP,logistic_regression,HighBP,0.023988093694881744,0.001953125,0.004557291666666667,0.0005035538441048
2017-2020,unweighted,SHAP,logistic_regression,HighChol,0.008934570910684152,0.0078125,0.014914772727272728,0.0812422722640548
2017-2020,unweighted,SHAP,logistic_regression,Income,0.002170854980446895,0.3203125,0.39568014705882354,0.7232511156787595
2017-2020,unweighted,SHAP,logistic_regression,MentHlth,0.00039038846894616036,0.83984375,0.84765625,0.925033347709915
2017-2020,unweighted,SHAP,logistic_regression,PhysActivity_LTPA,0.006843569201331716,0.056640625,0.0881076388888889,0.3708714827679742
2017-2020,unweighted,SHAP,logistic_regression,Sex,-0.005076772869475289,0.12890625,0.17993951612903225,0.5018256344044049
2017-2020,unweighted,SHAP,logistic_regression,Smoker,-0.031574858887177766,0.001953125,0.004557291666666667,0.0005779779432606
2017-2020,unweighted,SHAP,logistic_regression,Stroke,0.00035037719209548635,0.802734375,0.84287109375,0.925033347709915
2017-2020,unweighted,SHAP,random_forest,Age,0.002011869637471725,0.26953125,0.3430397727272727,0.6935565844378976
2017-2020,unweighted,SHAP,random_forest,AnyHealthcare,0.00017732348598039504,0.732421875,0.8095189144736843,0.925033347709915
2017-2020,unweighted,SHAP,random_forest,BMI,-0.03275456151075076,0.001953125,0.004557291666666667,1.445796126403982e-06
2017-2020,unweighted,SHAP,random_forest,Education,-0.014535319728803297,0.001953125,0.004557291666666667,8.102355602174892e-07
2017-2020,unweighted,SHAP,random_forest,GenHlth,-0.003058533562871164,0.0703125,0.10546875,0.4226215237929112
2017-2020,unweighted,SHAP,random_forest,HeartDiseaseorAttack,0.019816846745158892,0.001953125,0.004557291666666667,1.7543592568965638e-05
2017-2020,unweighted,SHAP,random_forest,HighBP,0.02364599689091612,0.001953125,0.004557291666666667,0.0005779779432606
2017-2020,unweighted,SHAP,random_forest,HighChol,0.012181950948469657,0.001953125,0.004557291666666667,0.0091020246049586
2017-2020,unweighted,SHAP,random_forest,Income,-0.008768238063534252,0.001953125,0.004557291666666667,3.3048633953784595e-05
2017-2020,unweighted,SHAP,random_forest,MentHlth,-0.002822990674364008,0.001953125,0.004557291666666667,0.0273880546707103
2017-2020,unweighted,SHAP,random_forest,PhysActivity_LTPA,0.003282667826848469,0.00390625,0.0078125,0.0922984591524701
2017-2020,unweighted,SHAP,random_forest,Sex,0.0036864180776617606,0.009765625,0.017832880434782608,0.1656610461036245
2017-2020,unweighted,SHAP,random_forest,Smoker,-0.005771681957036106,0.001953125,0.004557291666666667,1.445796126403982e-06
2017-2020,unweighted,SHAP,random_forest,Stroke,0.0029082518848525833,0.00390625,0.0078125,0.0550765096158445
2017-2020,unweighted,SHAP,xgboost,Age,-0.005634226695528338,0.111328125,0.16123383620689655,0.5232951500899593
2017-2020,unweighted,SHAP,xgboost,AnyHealthcare,0.00044445341137340033,0.763671875,0.8224158653846153,0.925033347709915
2017-2020,unweighted,SHAP,xgboost,BMI,-0.0259529958728028,0.001953125,0.004557291666666667,0.0057978855802312
2017-2020,unweighted,SHAP,xgboost,Education,-0.0007543203535277342,0.59375,0.6927083333333334,0.9098170757915977
2017-2020,unweighted,SHAP,xgboost,GenHlth,0.00878783923836759,0.033203125,0.05578125,0.3442449315994623
2017-2020,unweighted,SHAP,xgboost,HeartDiseaseorAttack,0.015014096798336323,0.001953125,0.004557291666666667,5.55264462786763e-05
2017-2020,unweighted,SHAP,xgboost,HighBP,0.02080478499773799,0.001953125,0.004557291666666667,0.0050628778865395
2017-2020,unweighted,SHAP,xgboost,HighChol,-0.0003408153279988578,0.84765625,0.84765625,0.925033347709915
2017-2020,unweighted,SHAP,xgboost,Income,0.0015006512180818742,0.1328125,0.17993951612903225,0.5380150977011088
2017-2020,unweighted,SHAP,xgboost,MentHlth,0.001028931502318436,0.263671875,0.3430397727272727,0.6935565844378976
2017-2020,unweighted,SHAP,xgboost,PhysActivity_LTPA,0.0057922046760273665,0.00390625,0.0078125,0.0316894758541444
2017-2020,unweighted,SHAP,xgboost,Sex,-0.006244184074032591,0.02734375,0.0478515625,0.3407087400097327
2017-2020,unweighted,SHAP,xgboost,Smoker,-0.016622225319903823,0.001953125,0.004557291666666667,0.0005035538441048
2017-2020,unweighted,SHAP,xgboost,Stroke,0.0021758058015511625,0.03515625,0.056790865384615384,0.3442449315994623
2017-2020,weighted,PI,logistic_regression,Age,0.0004116798109656761,0.96484375,0.974609375,0.9857797841327102
2017-2020,weighted,PI,logistic_regression,AnyHealthcare,0.0016563934128213903,0.298828125,0.418359375,0.7862764366821532
2017-2020,weighted,PI,logistic_regression,BMI,-0.05172416205556586,0.00390625,0.02734375,0.2066137122346727
2017-2020,weighted,PI,logistic_regression,Education,-0.0024987096880414,0.1171875,0.234375,0.7035050165762479
2017-2020,weighted,PI,logistic_regression,GenHlth,-0.0029605854744959082,0.70703125,0.8248697916666667,0.9513151098457384
2017-2020,weighted,PI,logistic_regression,HeartDiseaseorAttack,0.027240922433497093,0.001953125,0.0205078125,0.2066137122346727
2017-2020,weighted,PI,logistic_regression,HighBP,0.027659578850163725,0.001953125,0.0205078125,0.2066137122346727
2017-2020,weighted,PI,logistic_regression,HighChol,0.015746940384177795,0.015625,0.065625,0.6285410226432561
2017-2020,weighted,PI,logistic_regression,Income,0.0001147576293497601,0.5625,0.6948529411764706,0.9274975438329304
2017-2020,weighted,PI,logistic_regression,MentHlth,-5.6817123559935946e-05,0.84375,0.8859375,0.9513151098457384
2017-2020,weighted,PI,logistic_regression,PhysActivity_LTPA,0.0007368086916958126,0.6328125,0.759375,0.9513151098457384
2017-2020,weighted,PI,logistic_regression,Sex,-0.01009552854225007,0.021484375,0.08203125,0.7035050165762479
2017-2020,weighted,PI,logistic_regression,Smoker,-0.00827298861616205,0.05078125,0.14127604166666669,0.7035050165762479
2017-2020,weighted,PI,logistic_regression,Stroke,0.002041710287404001,0.0078125,0.036458333333333336,0.7035050165762479
2017-2020,weighted,PI,random_forest,Age,-0.06975118259317156,0.060546875,0.14127604166666669,0.7035050165762479
2017-2020,weighted,PI,random_forest,AnyHealthcare,0.004244819333003522,0.0390625,0.12620192307692307,0.7035050165762479
2017-2020,weighted,PI,random_forest,BMI,-0.018624675271719033,0.296875,0.418359375,0.7862764366821532
2017-2020,weighted,PI,random_forest,Education,-0.0017262628792358743,0.734375,0.8336148648648648,0.9513151098457384
2017-2020,weighted,PI,random_forest,GenHlth,-0.024962240766472583,0.04296875,0.12890625,0.7035050165762479
2017-2020,weighted,PI,random_forest,HeartDiseaseorAttack,0.03318244815098551,0.00390625,0.02734375,0.2066137122346727
2017-2020,weighted,PI,random_forest,HighBP,0.040078522507073965,0.0078125,0.036458333333333336,0.3846469663735057
2017-2020,weighted,PI,random_forest,HighChol,0.02486890119577693,0.060546875,0.14127604166666669,0.7035050165762479
2017-2020,weighted,PI,random_forest,Income,0.004145085006438393,0.1875,0.3028846153846154,0.7862764366821532
2017-2020,weighted,PI,random_forest,MentHlth,0.002103593988673241,0.4140625,0.54345703125,0.8750436808311466
2017-2020,weighted,PI,random_forest,PhysActivity_LTPA,0.007728474942980364,0.296875,0.418359375,0.7862764366821532
2017-2020,weighted,PI,random_forest,Sex,0.015555390873307453,0.056640625,0.14127604166666669,0.7035050165762479
2017-2020,weighted,PI,random_forest,Smoker,-0.018245153407858088,0.005859375,0.03515625,0.2899944996565122
2017-2020,weighted,PI,random_forest,Stroke,0.0014022789202177718,0.802734375,0.8859375,0.9513151098457384
2017-2020,weighted,PI,xgboost,Age,-0.0006598323610039092,0.974609375,0.974609375,0.9857797841327102
2017-2020,weighted,PI,xgboost,AnyHealthcare,0.0024797610392560446,0.08984375,0.19860197368421054,0.7035050165762479
2017-2020,weighted,PI,xgboost,BMI,-0.022882721934512462,0.1875,0.3028846153846154,0.7862764366821532
2017-2020,weighted,PI,xgboost,Education,-0.0019821946541613597,0.125,0.23863636363636365,0.7035050165762479
2017-2020,weighted,PI,xgboost,GenHlth,0.017994275910297806,0.109375,0.22968750000000002,0.7035050165762479
2017-2020,weighted,PI,xgboost,HeartDiseaseorAttack,0.01844677402973883,0.001953125,0.0205078125,0.3846469663735057
2017-2020,weighted,PI,xgboost,HighBP,0.0036592540540287223,0.50390625,0.6413352272727273,0.9274975438329304
2017-2020,weighted,PI,xgboost,HighChol,0.006005213668156932,0.2265625,0.3524305555555556,0.7862764366821532
2017-2020,weighted,PI,xgboost,Income,0.006517726415772532,0.03125,0.109375,0.7035050165762479
2017-2020,weighted,PI,xgboost,MentHlth,-0.0006163609095181049,0.828125,0.8859375,0.9513151098457384
2017-2020,weighted,PI,xgboost,PhysActivity_LTPA,-0.004525148928375115,0.171875,0.30078125,0.7468012592610347
2017-2020,weighted,PI,xgboost,Sex,-0.006593301394159037,0.1484375,0.2710597826086956,0.7468012592610347
2017-2020,weighted,PI,xgboost,Smoker,-0.016975187547663126,0.001953125,0.0205078125,0.2066137122346727
2017-2020,weighted,PI,xgboost,Stroke,-0.0008682573878577862,0.34375,0.4657258064516129,0.7862764366821532
2017-2020,weighted,SHAP,logistic_regression,Age,-0.002848584589909614,0.517578125,0.62109375,0.858621111390667
2017-2020,weighted,SHAP,logistic_regression,AnyHealthcare,-0.0018860503714359662,0.677734375,0.7403846153846153,0.87570074414535
2017-2020,weighted,SHAP,logistic_regression,BMI,-0.02331263000556274,0.001953125,0.004557291666666667,0.0049278714893254
2017-2020,weighted,SHAP,logistic_regression,Education,-0.012319160020610401,0.001953125,0.004557291666666667,0.0096256318252921
2017-2020,weighted,SHAP,logistic_regression,GenHlth,0.01821065145283338,0.001953125,0.004557291666666667,0.0301505529456372
2017-2020,weighted,SHAP,logistic_regression,HeartDiseaseorAttack,0.016218984631798394,0.001953125,0.004557291666666667,0.0005704858929677
2017-2020,weighted,SHAP,logistic_regression,HighBP,0.023798052311398768,0.001953125,0.004557291666666667,0.0004891380473788
2017-2020,weighted,SHAP,logistic_regression,HighChol,0.009085942851266248,0.0078125,0.013671875,0.0820549623008579
2017-2020,weighted,SHAP,logistic_regression,Income,0.002386184471835449,0.318359375,0.39326746323529416,0.7259936385061344
2017-2020,weighted,SHAP,logistic_regression,MentHlth,0.0003741558977980365,0.849609375,0.849609375,0.9134858112661952
2017-2020,weighted,SHAP,logistic_regression,PhysActivity_LTPA,0.006960210819420154,0.056640625,0.08485991379310345,0.3734843632695763
2017-2020,weighted,SHAP,logistic_regression,Sex,-0.005096093222909488,0.1328125,0.17993951612903225,0.4727974009575001
2017-2020,weighted,SHAP,logistic_regression,Smoker,-0.03195899054960341,0.001953125,0.004557291666666667,0.0005704858929677
2017-2020,weighted,SHAP,logistic_regression,Stroke,0.00038732632368120967,0.75390625,0.7722942073170732,0.8894537556498054
2017-2020,weighted,SHAP,random_forest,Age,0.0008205330033297486,0.66015625,0.7403846153846153,0.87570074414535
2017-2020,weighted,SHAP,random_forest,AnyHealthcare,-0.001034049675045384,0.05859375,0.08485991379310345,0.3937721440691616
2017-2020,weighted,SHAP,random_forest,BMI,-0.030052403827878327,0.001953125,0.004557291666666667,3.741015994067204e-06
2017-2020,weighted,SHAP,random_forest,Education,-0.013949501381177473,0.001953125,0.004557291666666667,6.314982471270447e-07
2017-2020,weighted,SHAP,random_forest,GenHlth,-0.0006438936268885004,0.712890625,0.74853515625,0.87570074414535
2017-2020,weighted,SHAP,random_forest,HeartDiseaseorAttack,0.019592595674586384,0.001953125,0.004557291666666667,2.6768319300029595e-05
2017-2020,weighted,SHAP,random_forest,HighBP,0.02457420296676871,0.001953125,0.004557291666666667,0.0005704858929677
2017-2020,weighted,SHAP,random_forest,HighChol,0.009816428509956386,0.001953125,0.004557291666666667,0.0301505529456372
2017-2020,weighted,SHAP,random_forest,Income,-0.009980039060118115,0.001953125,0.004557291666666667,0.0001000217144283
2017-2020,weighted,SHAP,random_forest,MentHlth,-0.0021894551372544633,0.00390625,0.0078125,0.0601239334309884
2017-2020,weighted,SHAP,random_forest,PhysActivity_LTPA,0.003348277002241914,0.005859375,0.010699728260869564,0.1160188695137899
2017-2020,weighted,SHAP,random_forest,Sex,0.0018679572049686629,0.080078125,0.112109375,0.4313278678905467
2017-2020,weighted,SHAP,random_forest,Smoker,-0.005509242075413786,0.001953125,0.004557291666666667,6.413604888684646e-06
2017-2020,weighted,SHAP,random_forest,Stroke,0.003338590421924239,0.001953125,0.004557291666666667,0.0171236578454152
2017-2020,weighted,SHAP,xgboost,Age,-0.008793718878621053,0.015625,0.02625,0.2177573921230431
2017-2020,weighted,SHAP,xgboost,AnyHealthcare,-0.000504669898085245,0.6875,0.7403846153846153,0.87570074414535
2017-2020,weighted,SHAP,xgboost,BMI,-0.022613530758261835,0.001953125,0.004557291666666667,0.0103808586306599
2017-2020,weighted,SHAP,xgboost,Education,0.0023003782739359725,0.138671875,0.1820068359375,0.5400942772771414
2017-2020,weighted,SHAP,xgboost,GenHlth,0.014496947260107506,0.005859375,0.010699728260869564,0.1322438273131282
2017-2020,weighted,SHAP,xgboost,HeartDiseaseorAttack,0.014550103934455475,0.001953125,0.004557291666666667,0.0001246503404115
2017-2020,weighted,SHAP,xgboost,HighBP,0.020902742127985215,0.001953125,0.004557291666666667,0.0048885021190355
2017-2020,weighted,SHAP,xgboost,HighChol,-0.004500132330115087,0.05859375,0.08485991379310345,0.3856592778371627
2017-2020,weighted,SHAP,xgboost,Income,0.0004631753263057894,0.55078125,0.642578125,0.8658820827985168
2017-2020,weighted,SHAP,xgboost,MentHlth,0.0013995237257958335,0.158203125,0.20134943181818182,0.5499018106629008
2017-2020,weighted,SHAP,xgboost,PhysActivity_LTPA,0.005791717853898038,0.00390625,0.0078125,0.0561531116637189
2017-2020,weighted,SHAP,xgboost,Sex,-0.009796667365644173,0.00390625,0.0078125,0.1267970568304566
2017-2020,weighted,SHAP,xgboost,Smoker,-0.016020386029303252,0.001953125,0.004557291666666667,0.0004891380473788
2017-2020,weighted,SHAP,xgboost,Stroke,0.0023245167575468174,0.017578125,0.028395432692307692,0.2014468069716966
2021-2023,unweighted,PI,logistic_regression,Age,-0.032943689066689784,0.00390625,0.013671875,0.0617734094617468
2021-2023,unweighted,PI,logistic_regression,AnyHealthcare,0.0037412797228412046,0.01171875,0.03076171875,0.2462624113616795
2021-2023,unweighted,PI,logistic_regression,BMI,-0.10684099006843065,0.001953125,0.009114583333333334,0.0012944436702602
2021-2023,unweighted,PI,logistic_regression,Education,-0.023237191574794973,0.029296875,0.068359375,0.3677858493347953
2021-2023,unweighted,PI,logistic_regression,GenHlth,0.02094191263929426,0.013671875,0.03377757352941177,0.3110732833386529
2021-2023,unweighted,PI,logistic_regression,HeartDiseaseorAttack,0.005715952722776622,0.01171875,0.03076171875,0.3927174580706079
2021-2023,unweighted,PI,logistic_regression,HighBP,0.07617084957499697,0.001953125,0.009114583333333334,0.0048207372214627
2021-2023,unweighted,PI,logistic_regression,HighChol,0.08725500430938468,0.001953125,0.009114583333333334,0.0012944436702602
2021-2023,unweighted,PI,logistic_regression,Income,0.0003519385385586472,0.4609375,0.5320945945945945,0.7968091991128818
2021-2023,unweighted,PI,logistic_regression,MentHlth,0.00028065686185006425,0.703125,0.73828125,0.8805314415505914
2021-2023,unweighted,PI,logistic_regression,PhysActivity_LTPA,-0.0012001776762715704,0.421875,0.5211397058823529,0.7756507398095271
2021-2023,unweighted,PI,logistic_regression,Sex,-0.02984472060007124,0.001953125,0.009114583333333334,0.0386571318002623
2021-2023,unweighted,PI,logistic_regression,Smoker,-0.00046502049618711366,0.46875,0.5320945945945945,0.7756507398095271
2021-2023,unweighted,PI,logistic_regression,Stroke,7.419511274284009e-05,0.25,0.3648976293103448,0.6288056762435461
2021-2023,unweighted,PI,random_forest,Age,0.01353566226787727,0.052734375,0.1107421875,0.4983357162415679
2021-2023,unweighted,PI,random_forest,AnyHealthcare,0.004500569086509445,0.0625,0.125,0.4983357162415679
2021-2023,unweighted,PI,random_forest,BMI,-0.07900762956456167,0.001953125,0.009114583333333334,0.006154151137337
2021-2023,unweighted,PI,random_forest,Education,-0.018200787407670792,0.201171875,0.3220486111111111,0.7429850274389168
2021-2023,unweighted,PI,random_forest,GenHlth,-0.02364830944740191,0.201171875,0.3220486111111111,0.7429850274389168
2021-2023,unweighted,PI,random_forest,HeartDiseaseorAttack,0.0026009052554083053,0.662109375,0.7130408653846153,0.8804047114653708
2021-2023,unweighted,PI,random_forest,HighBP,0.06696303232399278,0.001953125,0.009114583333333334,0.1573585914196723
2021-2023,unweighted,PI,random_forest,HighChol,0.05726958576468535,0.001953125,0.009114583333333334,0.0476750446316758
2021-2023,unweighted,PI,random_forest,Income,-0.006154265501160417,0.40625,0.5170454545454546,0.7756507398095271
2021-2023,unweighted,PI,random_forest,MentHlth,0.013422130685747626,0.0078125,0.0234375,0.2462624113616795
2021-2023,unweighted,PI,random_forest,PhysActivity_LTPA,-0.009775137410911324,0.09375,0.17119565217391303,0.6156443181444606
2021-2023,unweighted,PI,random_forest,Sex,-0.013007721758000227,0.16015625,0.2802734375,0.6378713329991458
2021-2023,unweighted,PI,random_forest,Smoker,-0.008850933379556208,0.20703125,0.3220486111111111,0.7429850274389168
2021-2023,unweighted,PI,random_forest,Stroke,0.00035289908504179267,0.8828125,0.8828125,0.9414210080931926
2021-2023,unweighted,PI,xgboost,Age,-0.00977939512585448,0.365234375,0.4793701171875,0.7756507398095271
2021-2023,unweighted,PI,xgboost,AnyHealthcare,0.008606954617664557,0.00390625,0.013671875,0.1714118741482474
2021-2023,unweighted,PI,xgboost,BMI,-0.06643045823728447,0.0078125,0.0234375,0.2384416607493976
2021-2023,unweighted,PI,xgboost,Education,-0.00904438634917894,0.458984375,0.5320945945945945,0.7926301915756412
2021-2023,unweighted,PI,xgboost,GenHlth,-0.0066131480133128275,0.517578125,0.572060032894737,0.7968091991128818
2021-2023,unweighted,PI,xgboost,HeartDiseaseorAttack,0.01009697002217554,0.068359375,0.13050426136363638,0.5715810228150267
2021-2023,unweighted,PI,xgboost,HighBP,0.06955444560791557,0.001953125,0.009114583333333334,0.0217384249556545
2021-2023,unweighted,PI,xgboost,HighChol,0.042490329287905346,0.001953125,0.009114583333333334,0.0419905834732604
2021-2023,unweighted,PI,xgboost,Income,-0.027449278785388793,0.00390625,0.013671875,0.2105079987370234
2021-2023,unweighted,PI,xgboost,MentHlth,0.004279855587666156,0.251953125,0.3648976293103448,0.7429850274389168
2021-2023,unweighted,PI,xgboost,PhysActivity_LTPA,-0.0006467802607838642,0.8671875,0.8828125,0.9414210080931926
2021-2023,unweighted,PI,xgboost,Sex,-0.019084511015258095,0.037109375,0.08203125000000001,0.4983357162415679
2021-2023,unweighted,PI,xgboost,Smoker,0.0032865404815004126,0.3046875,0.4233870967741935,0.7756507398095271
2021-2023,unweighted,PI,xgboost,Stroke,0.0007328621822339205,0.3125,0.4233870967741935,0.7756507398095271
2021-2023,unweighted,SHAP,logistic_regression,Age,-0.014124306295162073,0.03125,0.04375,0.2537597053914251
2021-2023,unweighted,SHAP,logistic_regression,AnyHealthcare,0.004243382721532041,0.126953125,0.1546875,0.4867486545102886
2021-2023,unweighted,SHAP,logistic_regression,BMI,-0.039221846776132566,0.001953125,0.00390625,9.790885764012652e-05
2021-2023,unweighted,SHAP,logistic_regression,Education,-0.018415881063746167,0.005859375,0.00984375,0.0415964441226578
2021-2023,unweighted,SHAP,logistic_regression,GenHlth,0.0046586596139766125,0.052734375,0.07144657258064516,0.3562433218331665
2021-2023,unweighted,SHAP,logistic_regression,HeartDiseaseorAttack,0.00888370813288578,0.001953125,0.00390625,0.0375336892632094
2021-2023,unweighted,SHAP,logistic_regression,HighBP,0.04816759275218287,0.001953125,0.00390625,0.00047369860924
2021-2023,unweighted,SHAP,logistic_regression,HighChol,0.04358794473602821,0.001953125,0.00390625,0.0010124727216591
2021-2023,unweighted,SHAP,logistic_regression,Income,-0.004744050045088034,0.09375,0.123046875,0.4362933254164469
2021-2023,unweighted,SHAP,logistic_regression,MentHlth,0.009066368765555988,0.001953125,0.00390625,0.0782978110970393
2021-2023,unweighted,SHAP,logistic_regression,PhysActivity_LTPA,-0.003560294165413782,0.103515625,0.1317471590909091,0.4498737270446444
2021-2023,unweighted,SHAP,logistic_regression,Sex,-0.03511383915736309,0.001953125,0.00390625,0.000108769348866
2021-2023,unweighted,SHAP,logistic_regression,Smoker,-0.0025408210203932235,0.49609375,0.5208984375,0.7216404588083143
2021-2023,unweighted,SHAP,logistic_regression,Stroke,-0.0008866181988625325,0.4140625,0.4459134615384615,0.6896157400335013
2021-2023,unweighted,SHAP,random_forest,Age,-0.011010589260623264,0.001953125,0.00390625,0.0003181120401408
2021-2023,unweighted,SHAP,random_forest,AnyHealthcare,-0.0023502887122776933,0.001953125,0.00390625,0.0153219500946253
2021-2023,unweighted,SHAP,random_forest,BMI,-0.03295530466286269,0.001953125,0.00390625,4.548002196610026e-07
2021-2023,unweighted,SHAP,random_forest,Education,-0.014183634430449617,0.001953125,0.00390625,0.0018912928056883
2021-2023,unweighted,SHAP,random_forest,GenHlth,0.0003481244207933484,0.857421875,0.873046875,0.9295660983610098
2021-2023,unweighted,SHAP,random_forest,HeartDiseaseorAttack,0.008161941827709875,0.001953125,0.00390625,0.0214269330780765
2021-2023,unweighted,SHAP,random_forest,HighBP,0.037728331127366996,0.001953125,0.00390625,0.000108769348866
2021-2023,unweighted,SHAP,random_forest,HighChol,0.03678206617217374,0.001953125,0.00390625,0.000108769348866
2021-2023,unweighted,SHAP,random_forest,Income,-0.008547304011735798,0.001953125,0.00390625,0.0001101777297815
2021-2023,unweighted,SHAP,random_forest,MentHlth,0.0015374494757311647,0.03125,0.04375,0.2559163537132225
2021-2023,unweighted,SHAP,random_forest,PhysActivity_LTPA,-0.0038592240405572534,0.005859375,0.00984375,0.171477087476922
2021-2023,unweighted,SHAP,random_forest,Sex,-0.01026689536174702,0.001953125,0.00390625,0.0007684854750397
2021-2023,unweighted,SHAP,random_forest,Smoker,-0.0014861922327580744,0.005859375,0.00984375,0.0782978110970393
2021-2023,unweighted,SHAP,random_forest,Stroke,0.00010151968923626233,0.873046875,0.873046875,0.930888811541734
2021-2023,unweighted,SHAP,xgboost,Age,-0.012803738170849168,0.013671875,0.021267361111111112,0.158469452638133
2021-2023,unweighted,SHAP,xgboost,AnyHealthcare,0.007270482527463572,0.001953125,0.00390625,0.0149430267159172
2021-2023,unweighted,SHAP,xgboost,BMI,-0.047909672756291974,0.001953125,0.00390625,0.0001101777297815
2021-2023,unweighted,SHAP,xgboost,Education,-0.015676191634097152,0.00390625,0.007457386363636364,0.0415964441226578
2021-2023,unweighted,SHAP,xgboost,GenHlth,-0.005189202640609077,0.12890625,0.1546875,0.4867486545102886
2021-2023,unweighted,SHAP,xgboost,HeartDiseaseorAttack,0.006366994007713772,0.0078125,0.012620192307692308,0.0952136781213933
2021-2023,unweighted,SHAP,xgboost,HighBP,0.057114319580035856,0.001953125,0.00390625,0.0001609670304073
2021-2023,unweighted,SHAP,xgboost,HighChol,0.040160729460134395,0.001953125,0.00390625,0.0024540872616058
2021-2023,unweighted,SHAP,xgboost,Income,-0.007485728075462855,0.001953125,0.00390625,0.0952136781213933
2021-2023,unweighted,SHAP,xgboost,MentHlth,-0.0018502442847661477,0.201171875,0.23470052083333334,0.5622018570881446
2021-2023,unweighted,SHAP,xgboost,PhysActivity_LTPA,-0.0022573491607047404,0.35546875,0.40350506756756754,0.6649276954727719
2021-2023,unweighted,SHAP,xgboost,Sex,-0.020590545044234514,0.001953125,0.00390625,0.0007684854750397
2021-2023,unweighted,SHAP,xgboost,Smoker,0.003622399434370367,0.03125,0.04375,0.2721352519553122
2021-2023,unweighted,SHAP,xgboost,Stroke,-0.0007722532427023446,0.365234375,0.40368009868421056,0.6668715118102836
2021-2023,weighted,PI,logistic_regression,Age,-0.0358586534624194,0.005859375,0.017578125,0.1561101397661315
2021-2023,weighted,PI,logistic_regression,AnyHealthcare,0.0059624284037966034,0.015625,0.04375,0.2664333255431411
2021-2023,weighted,PI,logistic_regression,BMI,-0.10041356131214667,0.001953125,0.01025390625,0.0064082269282867
2021-2023,weighted,PI,logistic_regression,Education,-0.02937647972927864,0.001953125,0.01025390625,0.1636959015594838
2021-2023,weighted,PI,logistic_regression,GenHlth,0.0016193536049857542,0.828125,0.891826923076923,0.9583641389365154
2021-2023,weighted,PI,logistic_regression,HeartDiseaseorAttack,0.0034959664180853694,0.115234375,0.23046875,0.6838943537681355
2021-2023,weighted,PI,logistic_regression,HighBP,0.08768321166710655,0.001953125,0.01025390625,0.0064082269282867
2021-2023,weighted,PI,logistic_regression,HighChol,0.09186740245072818,0.001953125,0.01025390625,0.0016202016436682
2021-2023,weighted,PI,logistic_regression,Income,0.0008125473296052513,0.25,0.375,0.7729559315540806
2021-2023,weighted,PI,logistic_regression,MentHlth,-0.0004766173726514682,0.52734375,0.66796875,0.8736983187596272
2021-2023,weighted,PI,logistic_regression,PhysActivity_LTPA,-0.0015929494869750573,0.3046875,0.44127155172413796,0.7729559315540806
2021-2023,weighted,PI,logistic_regression,Sex,-0.02325281495658691,0.00390625,0.01640625,0.1561101397661315
2021-2023,weighted,PI,logistic_regression,Smoker,-0.0006700326205722924,0.59375,0.6927083333333334,0.8170056430625938
2021-2023,weighted,PI,logistic_regression,Stroke,0.0002001990663227501,0.25,0.375,0.6838943537681355
2021-2023,weighted,PI,random_forest,Age,0.0026965051086609987,0.865234375,0.9084960937500001,0.9583641389365154
2021-2023,weighted,PI,random_forest,AnyHealthcare,0.004099816388221484,0.0625,0.13815789473684212,0.5577511046715815
2021-2023,weighted,PI,random_forest,BMI,-0.05970923385288891,0.005859375,0.017578125,0.1818089936362545
2021-2023,weighted,PI,random_forest,Education,-0.02124422869850707,0.201171875,0.3249699519230769,0.7564351126868498
2021-2023,weighted,PI,random_forest,GenHlth,-0.08630827646171312,0.005859375,0.017578125,0.2183328949460561
2021-2023,weighted,PI,random_forest,HeartDiseaseorAttack,0.004851896955778882,0.556640625,0.66796875,0.8736983187596272
2021-2023,weighted,PI,random_forest,HighBP,0.08991254308852874,0.001953125,0.01025390625,0.0821695478610273
2021-2023,weighted,PI,random_forest,HighChol,0.09827642711365034,0.001953125,0.01025390625,0.0197006700681298
2021-2023,weighted,PI,random_forest,Income,0.0010684800878241647,0.75,0.8289473684210527,0.9583641389365154
2021-2023,weighted,PI,random_forest,MentHlth,0.004876787793082533,0.15625,0.27234375,0.6933552331034061
2021-2023,weighted,PI,random_forest,PhysActivity_LTPA,-0.012977201535541568,0.03125,0.07720588235294118,0.4954658832905557
2021-2023,weighted,PI,random_forest,Sex,-0.019128343825218448,0.0625,0.13815789473684212,0.580490904796778
2021-2023,weighted,PI,random_forest,Smoker,-0.00638386100822678,0.4609375,0.60498046875,0.8736983187596272
2021-2023,weighted,PI,random_forest,Stroke,-3.131115365123541e-05,0.984375,1.0,0.9919060059317693
2021-2023,weighted,PI,xgboost,Age,-0.026486082658434933,0.162109375,0.27234375,0.7102554102881697
2021-2023,weighted,PI,xgboost,AnyHealthcare,0.009895831093361233,0.00390625,0.01640625,0.1636959015594838
2021-2023,weighted,PI,xgboost,BMI,-0.028054067051340413,0.10546875,0.221484375,0.6838943537681355
2021-2023,weighted,PI,xgboost,Education,-0.011984273513124352,0.35546875,0.48160282258064513,0.7729559315540806
2021-2023,weighted,PI,xgboost,GenHlth,-0.049271060005490544,0.005859375,0.017578125,0.1561101397661315
2021-2023,weighted,PI,xgboost,HeartDiseaseorAttack,0.004435022061312939,0.32421875,0.45390624999999996,0.7729559315540806
2021-2023,weighted,PI,xgboost,HighBP,0.08683282020552509,0.001953125,0.01025390625,0.0263699626971912
2021-2023,weighted,PI,xgboost,HighChol,0.061422769057206374,0.001953125,0.01025390625,0.0179433611972177
2021-2023,weighted,PI,xgboost,Income,-0.018038480802561506,0.125,0.23863636363636365,0.580490904796778
2021-2023,weighted,PI,xgboost,MentHlth,-0.0060659582178067325,0.1328125,0.24252717391304346,0.6838943537681355
2021-2023,weighted,PI,xgboost,PhysActivity_LTPA,-0.003036386378313647,0.54296875,0.66796875,0.8736983187596272
2021-2023,weighted,PI,xgboost,Sex,-0.02154022678038036,0.017578125,0.046142578125,0.3705057349105928
2021-2023,weighted,PI,xgboost,Smoker,0.001575388366254292,0.7421875,0.8289473684210527,0.9583641389365154
2021-2023,weighted,PI,xgboost,Stroke,0.0003147046237925759,1.0,1.0,0.9583641389365154
2021-2023,weighted,SHAP,logistic_regression,Age,-0.014268365180744366,0.033203125,0.046484374999999994,0.2758411519847125
2021-2023,weighted,SHAP,logistic_regression,AnyHealthcare,0.004482211894819307,0.123046875,0.14765625,0.4768135491461733
2021-2023,weighted,SHAP,logistic_regression,BMI,-0.03862759675117533,0.001953125,0.00390625,9.321912530278563e-05
2021-2023,weighted,SHAP,logistic_regression,Education,-0.01768244798225429,0.005859375,0.011186079545454546,0.0466092334318739
2021-2023,weighted,SHAP,logistic_regression,GenHlth,0.005352672215267226,0.03125,0.046484374999999994,0.2970659566961773
2021-2023,weighted,SHAP,logistic_regression,HeartDiseaseorAttack,0.008027890846520419,0.001953125,0.00390625,0.039111349685449
2021-2023,weighted,SHAP,logistic_regression,HighBP,0.04689300940980744,0.001953125,0.00390625,0.0005965380776782
2021-2023,weighted,SHAP,logistic_regression,HighChol,0.043603142888564206,0.001953125,0.00390625,0.0010687210045605
2021-2023,weighted,SHAP,logistic_regression,Income,-0.004677483389048499,0.09375,0.11931818181818182,0.4260416663420578
2021-2023,weighted,SHAP,logistic_regression,MentHlth,0.008944409505102401,0.001953125,0.00390625,0.0812795485089249
2021-2023,weighted,SHAP,logistic_regression,PhysActivity_LTPA,-0.003338495937925408,0.11328125,0.1399356617647059,0.4586442236975567
2021-2023,weighted,SHAP,logistic_regression,Sex,-0.03543884654531811,0.001953125,0.00390625,0.0001238323769064
2021-2023,weighted,SHAP,logistic_regression,Smoker,-0.0024914552423200313,0.498046875,0.52294921875,0.7288877639303853
2021-2023,weighted,SHAP,logistic_regression,Stroke,-0.000778645731294972,0.41796875,0.4619654605263158,0.7088587546502395
2021-2023,weighted,SHAP,random_forest,Age,-0.010389308504012134,0.001953125,0.00390625,0.0108729772822341
2021-2023,weighted,SHAP,random_forest,AnyHealthcare,-0.0021353817061738347,0.001953125,0.00390625,0.0193379812696375
2021-2023,weighted,SHAP,random_forest,BMI,-0.0330781783636005,0.001953125,0.00390625,5.712049176233847e-07
2021-2023,weighted,SHAP,random_forest,Education,-0.01263140712320288,0.001953125,0.00390625,0.0016652961949091
2021-2023,weighted,SHAP,random_forest,GenHlth,-0.0024399252104448793,0.15234375,0.17514780405405406,0.4870780344548138
2021-2023,weighted,SHAP,random_forest,HeartDiseaseorAttack,0.007240052702872715,0.001953125,0.00390625,0.0193379812696375
2021-2023,weighted,SHAP,random_forest,HighBP,0.03682713745960623,0.001953125,0.00390625,0.0001339599961759
2021-2023,weighted,SHAP,random_forest,HighChol,0.03623041552022042,0.001953125,0.00390625,0.0001238323769064
2021-2023,weighted,SHAP,random_forest,Income,-0.008589953418594393,0.001953125,0.00390625,0.0001646879147382
2021-2023,weighted,SHAP,random_forest,MentHlth,0.001641686621625768,0.0078125,0.013125,0.1404013607379364
2021-2023,weighted,SHAP,random_forest,PhysActivity_LTPA,-0.0028851973661413086,0.033203125,0.046484374999999994,0.3124827800052799
2021-2023,weighted,SHAP,random_forest,Sex,-0.008843497095274353,0.001953125,0.00390625,0.0010687210045605
2021-2023,weighted,SHAP,random_forest,Smoker,-0.0013549256172518704,0.009765625,0.015775240384615384,0.1404013607379364
2021-2023,weighted,SHAP,random_forest,Stroke,0.00040848210037100756,0.529296875,0.5422065548780488,0.7542921353844103
2021-2023,weighted,SHAP,xgboost,Age,-0.01785194288882108,0.0078125,0.013125,0.1231252750722547
2021-2023,weighted,SHAP,xgboost,AnyHealthcare,0.007238206538292237,0.001953125,0.00390625,0.0193379812696375
2021-2023,weighted,SHAP,xgboost,BMI,-0.046929327739859784,0.001953125,0.00390625,0.0001999225647894
2021-2023,weighted,SHAP,xgboost,Education,-0.011408867318491354,0.01171875,0.018229166666666668,0.114524519217177
2021-2023,weighted,SHAP,xgboost,GenHlth,-0.0070823877599696435,0.044921875,0.0589599609375,0.3499354073721525
2021-2023,weighted,SHAP,xgboost,HeartDiseaseorAttack,0.005471244864098297,0.0078125,0.013125,0.1204860765446978
2021-2023,weighted,SHAP,xgboost,HighBP,0.055400445597584294,0.001953125,0.00390625,0.0002670456269459
2021-2023,weighted,SHAP,xgboost,HighChol,0.040184009220596305,0.001953125,0.00390625,0.0035826042600492
2021-2023,weighted,SHAP,xgboost,Income,-0.0074017260563482455,0.001953125,0.00390625,0.1404013607379364
2021-2023,weighted,SHAP,xgboost,MentHlth,-0.002027477397100689,0.154296875,0.17514780405405406,0.4870780344548138
2021-2023,weighted,SHAP,xgboost,PhysActivity_LTPA,-0.001225812444325443,0.61328125,0.61328125,0.7614041805637483
2021-2023,weighted,SHAP,xgboost,Sex,-0.01730411188445639,0.001953125,0.00390625,0.0017033796233516
2021-2023,weighted,SHAP,xgboost,Smoker,0.0034729494756741896,0.044921875,0.0589599609375,0.3124827800052799
2021-2023,weighted,SHAP,xgboost,Stroke,-0.0005352022068726653,0.490234375,0.52294921875,0.7288877639303853
