HighBP,HighChol,CholCheck,BMI,Smoker,Stroke,HeartDiseaseorAttack,PhysActivity,Fruits,Veggies,HvyAlcoholConsump,AnyHealthcare,NoDocbcCost,GenHlth,MentHlth,PhysHlth,DiffWalk,Sex,Age,Education,Income,y_true,y_pred
1,1,0,30.81,1,0,0,1,1,1,1,1,0,2,5,30,0,1,5,4,10,1,0
1,0,0,20.12,0,0,1,1,0,1,1,1,0,3,30,30,0,2,13,5,6,1,0
1,0,0,32.32,0,0,1,1,1,1,1,1,0,2,30,4,1,2,4,1,6,1,0
1,0,0,29.53,0,0,0,1,0,1,1,1,0,2,30,30,0,1,12,5,6,1,0
1,0,0,28.28,0,0,0,1,1,0,1,1,0,2,3,30,0,2,10,5,6,1,0
1,1,0,22.66,0,0,0,1,0,1,1,1,0,2,30,30,0,2,11,4,6,1,0
1,1,0,22.5,0,0,0,1,1,1,1,1,1,2,15,4,0,1,1,4,6,1,0
1,1,0,28.89,0,0,0,1,0,1,1,1,0,2,30,30,0,1,10,5,10,1,0
1,0,0,29.1,0,0,0,1,1,1,1,1,0,1,14,3,0,2,10,5,4,1,0
1,0,0,27.44,0,0,0,0,1,1,1,1,0,3,30,10,0,2,11,6,6,1,0
1,0,0,25.42,0,0,0,0,1,0,1,1,0,2,30,30,0,2,12,6,6,1,0
1,0,0,27.44,0,0,0,1,1,0,1,1,0,3,30,10,1,2,12,5,10,1,0
1,0,0,27.44,0,0,0,1,1,1,1,1,0,3,30,30,0,2,11,6,5,1,0
1,1,0,27.69,0,0,0,1,1,1,1,1,0,1,4,5,0,1,10,5,6,1,0
1,1,0,25.81,0,0,0,1,1,1,0,1,0,3,30,30,0,1,10,5,5,1,0
1,0,0,28.59,1,0,0,1,1,1,1,1,0,3,30,30,0,1,6,5,6,1,0
1,0,0,27.89,0,0,0,0,0,1,1,1,0,1,30,30,0,2,10,6,11,1,0
1,0,0,24.56,1,0,0,1,1,1,1,1,0,1,2,30,0,2,10,6,6,1,0
1,0,0,24.39,0,0,0,1,1,1,1,1,0,1,3,2,0,2,6,6,10,1,0
1,1,0,31.0,1,0,0,1,0,1,1,1,0,1,30,30,0,1,10,4,6,1,0
1,0,0,27.44,0,0,0,1,1,1,1,1,0,2,30,30,0,1,10,5,6,1,0
1,1,0,27.44,1,0,0,0,1,1,1,1,0,2,30,2,0,2,5,5,5,1,0
1,0,0,29.84,0,0,0,1,1,1,1,1,0,1,30,30,0,1,11,6,6,1,0
1,0,0,25.75,0,0,0,1,1,1,1,1,0,5,30,25,1,2,5,5,6,1,0
1,0,0,24.59,0,0,0,1,1,1,1,1,0,3,10,30,0,2,3,5,6,1,0
1,0,0,27.44,0,0,0,1,1,1,1,1,0,1,30,10,0,2,10,4,6,1,0
1,0,0,27.73,0,0,0,1,0,0,1,1,0,3,30,30,0,2,10,5,10,1,0
1,0,0,31.89,0,0,0,1,1,1,1,1,0,3,2,5,0,2,10,6,6,1,0
1,0,0,25.62,0,0,0,1,1,1,1,1,0,2,30,30,0,1,10,6,11,1,0
1,0,0,22.14,1,0,0,1,1,1,1,1,0,3,1,30,0,2,10,5,2,1,0
1,1,0,28.59,1,0,0,1,1,1,1,1,0,1,30,30,0,1,6,4,6,1,0
1,0,0,28.19,0,0,0,1,1,1,1,1,0,3,30,30,0,2,6,5,6,1,0
1,0,0,24.18,0,0,0,0,1,1,1,1,0,3,30,30,0,1,6,4,5,1,0
1,0,0,21.83,0,0,0,1,1,1,1,1,0,1,30,30,0,1,10,4,6,1,0
1,1,0,24.22,1,0,0,1,1,1,1,1,0,2,30,30,0,2,13,6,6,1,0
1,0,0,30.0,1,0,0,1,0,1,1,1,0,2,30,30,0,1,11,6,11,1,0
1,0,0,29.58,0,0,0,1,1,1,1,1,0,3,30,30,0,2,11,6,4,1,0
1,1,0,25.82,1,1,0,1,1,1,1,0,0,2,30,30,0,2,10,5,6,1,0
1,0,0,22.81,0,0,0,1,1,0,1,1,1,2,30,30,0,1,13,3,1,1,0
1,0,0,27.6,1,0,0,1,0,1,1,1,0,2,30,30,0,1,11,4,5,1,0
1,0,1,30.04,1,0,0,0,1,1,1,1,0,3,1,30,0,2,13,4,6,1,0
1,0,0,23.4,1,0,0,1,1,1,1,0,0,1,30,30,0,1,5,4,6,1,0
1,0,0,27.44,0,0,0,0,1,1,1,1,0,2,30,30,0,1,2,4,6,1,0
1,0,0,34.75,0,0,0,0,1,0,1,1,0,3,30,30,0,2,5,6,5,1,0
1,0,0,26.25,1,0,0,1,1,1,1,1,0,2,30,30,0,1,12,6,6,1,0
1,0,0,25.4,0,0,0,1,1,1,1,1,0,1,30,30,0,1,13,6,6,1,0
1,1,0,27.44,0,0,0,1,1,1,1,1,0,1,30,30,0,1,5,5,6,1,0
1,0,0,27.46,1,0,0,1,1,1,1,1,0,3,30,30,0,2,11,5,4,1,0
1,0,0,20.36,1,0,0,1,0,1,0,1,0,2,30,1,0,2,1,6,6,1,0
1,1,0,32.08,1,0,0,1,0,1,1,1,0,3,30,2,0,1,4,5,6,1,0
1,0,0,27.44,0,0,0,1,0,0,1,1,0,4,30,30,0,2,4,4,6,1,0
1,0,0,21.79,0,0,0,1,1,1,1,1,0,3,30,30,0,2,10,5,6,1,0
1,0,0,28.7,0,0,0,0,1,1,1,0,0,2,30,30,1,1,10,3,6,1,0
1,0,0,27.44,0,0,0,1,1,1,1,1,0,1,30,30,0,2,10,4,6,1,0
1,0,0,25.69,0,0,0,0,1,1,1,1,0,3,30,30,0,2,10,6,3,1,0
1,0,0,23.73,0,0,0,1,1,0,1,1,0,3,30,30,0,1,10,5,10,1,0
1,0,0,34.7,1,0,0,1,1,1,1,1,0,3,30,30,0,1,6,4,6,1,0
1,0,1,30.9,1,0,0,0,1,1,1,1,1,3,5,14,1,1,6,4,2,1,0
1,0,0,18.9,0,0,1,1,1,1,1,1,0,3,30,30,0,1,13,6,6,1,0
1,1,0,31.57,0,0,0,1,0,0,1,1,0,1,2,2,0,1,6,5,5,1,0
1,0,0,36.33,1,0,0,1,1,1,1,1,0,1,30,21,0,1,13,5,6,1,0
1,0,0,23.05,0,0,0,1,1,1,1,1,0,2,30,30,0,2,13,6,5,1,0
1,0,0,27.71,0,0,0,1,0,1,1,1,0,2,30,30,0,1,6,5,6,1,0
1,1,0,24.87,0,0,0,0,1,1,1,1,0,2,2,30,0,2,10,6,10,1,0
1,0,0,24.8,0,0,0,1,1,1,1,1,0,4,30,30,0,2,10,4,6,1,0
1,0,0,20.6,0,0,0,0,1,0,1,1,0,3,30,5,1,2,11,5,4,1,0
1,1,0,18.78,0,0,0,1,1,1,1,1,0,1,30,30,0,2,13,6,6,1,0
1,0,0,27.44,0,0,0,1,1,1,1,1,0,2,30,30,0,1,10,4,6,1,0
1,0,0,31.89,0,0,0,1,1,1,1,1,0,2,1,30,0,2,11,6,6,1,0
1,0,0,27.44,0,0,0,0,1,1,1,1,0,3,30,10,1,2,10,5,6,1,0
1,1,0,35.43,0,0,0,1,1,1,1,1,0,3,20,3,0,2,2,6,6,1,0
1,1,0,23.01,1,0,0,1,0,1,1,1,0,2,30,30,0,1,10,5,6,1,0
1,0,0,33.96,1,0,0,1,1,1,1,1,0,2,1,30,0,1,12,6,6,1,0
1,0,0,28.34,0,0,0,1,1,1,1,1,0,2,30,30,0,2,6,3,5,1,0
1,1,0,20.51,0,0,0,1,0,1,1,1,0,1,30,30,0,2,10,6,6,1,0
1,0,0,33.82,1,0,0,1,0,1,1,1,0,1,2,30,0,1,10,5,5,1,0
1,0,0,30.85,1,0,0,1,0,1,0,1,0,2,30,30,0,1,10,6,6,1,0
1,0,1,35.43,0,0,0,0,1,1,1,1,0,1,30,30,0,1,4,4,6,1,0
1,0,0,26.56,0,0,0,1,1,1,1,1,0,2,30,30,0,2,10,6,6,1,0
1,0,0,27.12,1,0,0,1,1,1,1,0,0,2,30,30,0,1,5,5,5,1,0
1,0,0,27.89,0,0,0,1,1,1,1,1,0,3,30,30,0,1,10,6,6,1,0
1,0,0,24.45,1,0,0,1,1,1,1,1,0,1,30,30,0,2,12,4,6,1,0
1,0,0,29.18,1,0,0,0,1,0,1,1,0,2,30,30,0,2,10,4,6,1,0
1,0,0,21.34,1,0,0,1,1,1,1,1,0,2,30,1,0,1,1,4,6,1,0
1,0,0,38.62,0,0,0,1,1,1,1,1,0,4,30,1,0,2,2,5,5,1,0
1,0,0,27.44,0,0,0,1,0,1,1,1,0,2,30,30,0,2,13,6,6,1,0
1,0,0,18.56,0,0,0,1,1,0,1,1,0,3,30,30,0,1,2,4,6,1,0
1,0,0,31.0,0,0,0,1,1,0,1,1,0,3,30,30,0,2,11,5,6,1,0
1,0,0,29.53,0,0,0,1,1,1,1,1,0,2,3,3,0,2,4,6,6,1,0
1,0,0,35.78,1,0,0,1,0,1,1,1,0,2,2,12,1,2,2,4,1,1,0
1,0,0,27.1,1,0,0,1,0,1,1,1,0,1,30,30,0,1,11,5,6,1,0
1,0,0,41.61,0,0,0,1,0,1,1,1,0,2,14,30,0,2,3,5,4,1,0
1,0,0,23.91,0,0,0,0,1,1,1,1,0,2,30,30,0,2,13,5,3,1,0
1,0,0,32.27,1,0,0,0,0,0,1,1,0,3,2,1,0,2,6,3,5,1,0
1,0,0,29.53,1,0,0,1,1,1,1,1,0,2,30,30,0,1,13,6,6,1,0
1,1,0,22.15,0,0,0,1,1,1,1,1,0,2,30,30,0,1,11,6,6,1,0
1,0,0,25.46,0,0,0,1,0,1,1,1,0,1,30,30,0,2,1,6,6,1,0
1,0,0,23.63,0,0,0,0,0,0,1,1,0,3,4,30,0,1,10,6,6,1,0
1,0,0,23.99,1,0,0,1,0,0,1,1,0,1,30,14,0,1,13,6,6,1,0
1,0,0,27.27,0,0,0,1,1,1,1,1,1,5,30,30,0,2,4,4,6,1,0
1,0,0,27.44,1,0,0,1,1,1,1,1,0,2,30,30,0,2,13,5,6,1,0
1,0,0,28.7,0,0,0,0,1,1,1,1,0,2,30,30,0,1,10,4,6,1,0
1,0,0,23.06,1,0,0,1,0,1,1,0,0,1,30,30,0,1,10,4,6,1,0
1,0,0,17.94,0,0,0,1,1,1,1,1,0,4,30,30,0,2,10,6,6,1,0
1,0,0,33.0,1,0,0,0,1,1,0,1,0,4,30,28,1,1,4,4,6,1,0
1,0,0,30.41,1,0,1,1,1,1,1,1,0,1,30,30,0,2,10,4,6,1,0
1,0,0,25.0,0,0,0,1,0,1,1,1,0,2,30,30,0,1,13,6,6,1,0
1,1,0,24.03,0,0,0,1,1,1,1,1,0,2,30,30,0,2,10,5,6,1,0
1,0,0,42.38,0,0,0,0,0,0,1,1,0,1,30,30,0,2,10,6,5,1,0
1,0,0,22.38,1,0,0,1,1,1,1,1,0,2,30,30,0,1,12,6,6,1,0
1,0,0,32.92,0,0,0,1,1,0,1,1,0,2,30,30,0,2,10,6,5,1,0
1,0,0,29.18,0,0,0,1,1,1,1,1,0,2,4,3,0,2,10,6,6,1,0
1,0,0,24.21,0,0,0,1,0,0,1,1,0,3,30,30,1,1,10,5,3,1,0
1,0,0,16.04,0,0,0,0,1,1,1,1,0,3,30,2,1,1,12,5,6,1,0
1,1,0,22.14,0,0,0,1,1,1,1,1,0,3,30,30,0,2,10,6,6,1,0
1,0,0,31.15,1,0,0,1,1,1,0,1,0,2,30,30,1,1,11,5,11,1,0
1,0,0,27.44,0,0,0,1,1,1,1,1,0,3,30,30,0,1,10,4,6,1,0
1,1,0,24.33,0,0,0,1,1,1,1,1,0,2,30,30,0,1,11,6,6,1,0
1,0,0,27.44,0,0,0,0,1,1,1,1,0,3,30,2,0,2,10,5,6,1,0
1,1,0,28.29,0,0,0,1,1,1,1,1,0,2,30,30,0,2,10,6,6,1,0
1,0,0,24.51,0,0,0,1,0,1,1,1,0,2,30,30,0,2,11,5,4,1,0
1,0,0,28.48,1,0,0,1,0,0,1,1,0,2,30,30,0,1,11,4,6,1,0
1,0,0,32.67,1,0,0,1,0,1,1,1,0,3,30,30,0,1,5,6,10,1,0
1,0,0,26.95,1,0,0,1,1,1,1,1,0,2,5,30,0,2,6,6,6,1,0
1,0,0,27.44,1,0,0,0,0,0,1,1,0,3,30,30,0,2,6,6,6,1,0
1,0,0,45.78,0,0,0,1,1,1,1,1,0,1,30,30,0,1,10,4,10,1,0
1,1,0,22.81,1,0,0,1,1,1,1,1,0,3,15,30,1,1,4,6,6,1,0
1,0,0,28.06,0,0,0,1,1,1,1,1,0,2,30,2,0,1,10,6,6,1,0
1,0,0,24.41,0,0,0,0,1,1,1,1,0,3,30,30,0,1,10,4,6,1,0
1,0,0,27.44,1,0,0,0,1,1,1,1,0,2,30,30,0,2,10,6,6,1,0
1,0,0,25.8,0,0,0,0,1,0,1,1,0,2,30,30,0,1,6,3,6,1,0
1,0,0,34.46,0,0,0,1,1,1,1,1,0,3,30,30,0,2,10,6,6,1,0
1,1,0,25.15,0,0,0,1,0,1,1,1,0,1,30,30,0,2,12,3,6,1,0
1,1,0,27.44,0,0,0,0,1,1,1,1,0,2,30,30,0,2,10,6,6,1,0
1,1,0,22.46,0,0,0,0,1,1,1,1,0,2,30,30,0,1,10,6,10,1,0
1,0,0,26.61,0,0,0,1,1,1,1,1,0,3,5,2,0,2,10,6,11,1,0
1,0,0,18.02,0,0,0,1,0,1,1,0,1,4,30,2,0,1,1,3,1,1,0
1,0,0,22.46,0,0,0,1,0,1,1,1,0,3,20,4,0,2,1,5,6,1,0
1,0,0,31.89,1,0,0,1,0,1,1,1,0,1,30,30,0,2,11,6,6,1,0
1,1,0,19.21,1,0,0,1,1,1,1,1,0,2,30,30,0,2,11,5,6,1,0
1,1,0,29.41,0,0,0,1,1,1,1,1,1,1,5,30,0,1,3,6,11,1,0
1,0,1,27.44,0,0,0,0,0,1,1,1,0,4,15,30,1,1,6,4,2,1,0
1,0,0,35.94,1,0,0,1,0,0,1,1,0,2,30,2,0,1,6,4,6,1,0
1,1,0,27.41,1,0,0,0,0,1,1,1,0,3,30,30,0,1,5,6,10,1,0
1,1,0,23.78,0,0,0,0,1,1,1,1,0,4,30,25,0,2,5,5,6,1,0
1,0,0,29.76,0,0,0,1,1,1,1,1,0,3,4,5,0,2,10,5,6,1,0
1,0,0,27.44,0,0,0,1,1,1,1,1,0,3,3,3,0,2,11,5,5,1,0
1,0,1,32.92,1,0,0,0,1,1,1,1,1,2,30,2,1,2,10,5,3,1,0
1,0,0,35.44,1,0,0,1,1,1,1,1,0,3,30,30,0,1,5,5,6,1,0
1,1,0,27.44,1,0,0,0,0,1,1,1,0,1,30,30,0,2,10,6,10,1,0
1,0,0,27.98,0,0,0,1,1,1,1,1,0,2,3,30,0,1,2,6,6,1,0
1,1,0,34.98,0,0,0,1,0,1,1,1,0,2,30,30,0,1,3,6,6,1,0
1,0,0,27.44,0,0,0,1,1,1,1,0,1,3,5,30,0,2,10,4,6,1,0
1,1,0,18.3,0,0,0,1,1,1,1,1,0,2,30,30,0,2,13,5,6,1,0
1,0,0,31.46,1,0,0,1,1,1,1,1,0,2,30,30,0,2,11,2,6,1,0
1,0,1,28.8,1,0,0,1,0,1,1,1,0,3,30,30,0,1,10,6,1,1,0
1,0,0,27.44,0,0,0,1,1,1,1,1,0,3,5,30,0,2,6,6,6,1,0
1,0,0,28.35,0,1,0,1,1,1,1,1,0,1,30,30,0,2,13,4,6,1,0
1,0,0,25.84,0,0,0,1,1,1,1,1,0,2,30,30,0,1,13,5,6,1,0
0,0,0,32.89,1,0,0,1,1,1,1,1,0,2,2,30,0,2,5,6,6,1,0
1,0,0,27.44,0,0,0,1,0,0,1,1,0,2,25,30,0,2,3,6,6,1,0
1,1,0,35.26,1,0,0,1,1,1,1,1,0,3,15,30,0,1,4,6,6,1,0
1,0,0,30.42,1,0,0,1,1,1,1,1,0,2,30,30,0,1,11,6,5,1,0
0,0,0,16.6,1,0,0,0,0,0,1,1,0,3,30,30,1,2,10,4,6,1,0
1,0,0,28.19,0,0,0,1,0,1,1,1,0,2,10,5,0,1,10,6,6,1,0
1,0,1,58.59,1,0,0,1,1,1,0,1,0,3,6,6,1,1,1,4,1,1,0
1,1,0,31.47,1,0,0,1,0,0,1,1,0,1,30,30,0,1,10,6,6,1,0
1,0,0,23.3,1,0,0,1,1,0,1,1,0,3,30,30,0,2,10,4,6,1,0
1,0,0,27.44,0,0,0,1,1,1,1,1,0,3,30,30,0,2,10,6,6,1,0
1,1,0,32.5,0,0,0,1,0,1,1,1,0,2,6,30,0,2,6,4,6,1,0
1,0,0,32.28,1,0,0,1,0,1,1,1,0,2,30,20,1,1,11,6,11,1,0
1,0,0,35.87,0,0,0,0,0,0,1,1,0,3,15,5,0,2,5,4,6,1,0
1,0,0,27.26,1,0,0,1,1,1,1,1,0,3,30,30,0,2,10,5,6,1,0
1,0,0,36.94,0,0,0,1,0,1,1,1,0,2,30,30,0,1,10,6,6,1,0
1,0,1,27.44,0,0,0,1,1,1,1,1,0,2,30,15,0,1,10,4,6,1,0
1,1,0,31.32,1,0,0,1,1,1,1,1,0,1,10,30,0,2,10,4,5,1,0
1,0,0,35.13,0,0,0,1,1,1,1,1,0,2,30,30,0,1,10,6,10,1,0
1,1,0,31.25,0,0,0,1,1,1,0,1,0,3,5,30,0,2,10,6,11,1,0
1,0,0,34.3,1,0,0,1,0,1,1,1,0,4,30,30,1,1,3,5,6,1,0
1,0,0,25.83,0,0,0,1,1,1,1,1,0,2,30,30,0,1,10,4,4,1,0
1,0,0,27.44,1,0,0,0,1,0,1,1,0,2,30,30,0,2,12,5,6,1,0
1,0,0,29.16,1,0,0,1,0,1,1,1,0,2,30,30,0,1,11,5,6,1,0
1,0,1,43.77,0,0,0,0,1,1,1,0,0,3,30,30,0,2,5,4,6,1,0
1,0,0,24.22,0,0,0,1,0,0,1,1,0,3,30,30,0,1,10,6,6,1,0
1,1,0,21.21,0,0,0,1,1,1,1,1,0,2,30,30,0,2,13,6,6,1,0
1,1,0,27.44,0,0,0,1,1,1,1,1,0,2,1,30,0,2,3,6,6,1,0
1,0,0,32.45,0,0,0,1,1,1,1,1,0,3,1,1,0,2,10,5,6,1,0
1,0,0,32.11,0,0,0,1,1,0,1,1,0,3,2,4,1,2,5,6,6,1,0
1,0,0,40.85,0,0,0,0,0,1,1,1,0,3,30,30,0,2,2,6,6,1,0
1,0,0,23.69,1,0,0,0,1,1,1,1,0,3,30,30,1,2,10,6,6,1,0
1,1,0,26.17,1,0,0,1,1,1,1,1,0,1,30,30,0,1,12,6,6,1,0
1,0,0,27.44,1,0,0,1,1,1,1,1,0,3,3,30,0,2,10,5,6,1,0
1,0,1,27.44,0,0,0,1,1,1,1,1,0,3,30,30,0,1,10,4,6,1,0
1,0,0,28.65,0,0,0,1,1,1,1,1,0,3,30,2,0,1,10,6,11,1,0
1,0,0,38.61,1,0,0,1,1,1,1,1,0,1,2,2,0,2,5,5,6,1,0
1,0,0,21.95,1,0,0,1,1,1,1,1,0,2,30,30,0,2,13,6,6,1,0
1,0,0,19.73,0,0,0,0,1,1,1,1,0,2,30,10,1,2,13,5,2,1,0
1,0,0,28.59,1,0,0,1,0,0,1,1,0,3,3,30,0,2,13,6,6,1,0
1,0,0,22.14,1,0,0,1,1,1,1,1,0,3,30,3,0,2,10,3,5,1,0
1,1,0,22.6,0,0,0,1,1,1,1,1,0,2,30,30,0,2,4,6,6,1,0
1,0,1,27.44,0,0,0,0,0,1,1,1,0,4,30,30,0,2,10,5,6,1,0
1,0,0,25.61,0,0,0,1,0,0,1,1,0,3,30,30,0,2,10,3,6,1,0
1,1,0,31.66,0,0,0,1,0,1,1,1,0,1,30,30,0,1,11,6,6,1,0
1,0,0,19.14,0,0,0,1,1,1,1,1,0,3,30,30,0,2,13,5,6,1,0
1,1,0,26.45,1,0,0,1,0,1,1,1,0,2,30,3,0,2,10,5,6,1,0
1,1,0,29.82,1,0,0,1,0,1,1,1,0,4,3,30,0,1,3,6,6,1,0
1,0,0,26.61,1,0,0,1,1,1,1,1,0,3,30,20,0,1,11,5,6,1,0
1,0,0,27.12,0,0,1,1,1,1,1,1,0,2,30,30,1,1,10,4,6,1,0
1,0,0,20.81,1,0,0,1,1,1,1,1,0,3,5,3,0,1,11,4,6,1,0
0,0,0,48.92,0,0,0,1,1,1,1,1,0,2,30,2,0,2,4,6,6,1,0
1,1,0,28.34,1,0,0,1,1,1,1,1,0,2,5,5,0,2,11,6,6,1,0
1,0,0,21.13,0,0,0,1,1,1,1,1,0,1,25,1,0,2,10,6,5,1,0
1,0,0,32.61,1,0,0,1,1,0,1,1,0,2,30,30,1,2,10,5,4,1,0
1,0,0,31.57,0,0,0,1,1,1,1,1,0,3,30,30,0,1,10,6,6,1,0
1,1,0,24.41,1,0,0,0,1,0,1,1,1,3,30,30,0,1,5,6,10,1,0
1,0,0,27.64,1,0,0,1,0,1,1,1,0,3,30,30,0,1,10,4,6,1,0
1,0,0,25.82,0,1,0,1,1,1,1,1,0,3,30,10,0,2,10,5,6,1,0
1,0,0,23.04,0,0,0,1,1,1,1,0,0,4,10,20,1,1,10,5,4,1,0
1,1,0,25.11,0,0,0,1,0,1,1,1,0,2,30,30,0,1,10,6,6,1,0
1,0,0,26.61,0,0,0,1,0,1,1,1,0,3,30,30,0,1,10,6,6,1,0
1,0,0,22.71,0,0,0,1,1,1,1,1,0,1,30,30,0,2,13,6,6,1,0
1,0,0,27.25,0,0,0,0,1,1,1,1,0,3,30,30,0,2,11,6,6,1,0
1,0,0,43.07,0,1,0,1,1,1,1,1,0,3,2,30,0,2,5,6,6,1,0
1,1,0,21.46,1,0,0,1,1,1,1,1,0,2,30,28,0,2,11,4,6,1,0
1,0,0,29.76,1,0,0,1,1,1,1,1,0,3,30,30,0,2,10,6,6,1,0
1,0,0,23.91,1,0,0,1,1,1,1,1,0,4,30,5,0,2,4,5,6,1,0
1,0,0,22.38,0,0,0,0,0,1,1,1,0,3,2,20,1,1,10,5,5,1,0
1,1,0,28.07,1,0,0,1,1,1,1,1,0,2,30,30,0,2,10,4,6,1,0
1,0,0,27.44,0,0,0,1,0,1,1,1,0,1,3,30,0,2,10,6,6,1,0
1,0,0,29.26,0,0,0,1,0,0,1,1,0,3,30,30,0,1,10,4,6,1,0
1,1,0,27.44,0,0,0,1,1,1,1,1,0,2,30,30,0,2,11,6,6,1,0
1,0,0,16.14,0,0,0,1,1,1,1,1,0,4,30,1,1,2,10,5,2,1,0
1,0,0,27.44,0,0,0,1,1,0,0,1,0,2,4,30,0,2,10,6,6,1,0
1,1,0,25.81,0,0,0,1,1,1,1,1,0,2,30,30,0,1,10,6,10,1,0
1,1,0,24.72,1,0,0,0,1,1,1,1,0,2,5,30,0,2,10,5,6,1,0
1,0,0,30.43,1,0,0,1,1,1,1,1,0,2,30,30,0,1,13,5,6,1,0
1,0,0,28.34,0,0,0,0,1,0,1,1,0,3,30,30,0,2,1,6,5,1,0
1,0,0,27.44,0,0,0,1,1,1,1,1,1,1,30,30,0,1,6,4,6,1,0
1,0,0,27.46,1,0,0,1,1,1,1,1,0,4,1,21,0,2,3,6,4,1,0
1,0,0,42.91,0,0,0,1,1,1,1,1,0,3,5,3,1,2,3,5,6,1,0
1,0,0,45.19,1,0,0,1,0,1,1,1,0,1,1,2,0,2,6,3,1,1,0
1,0,0,28.29,1,0,0,1,0,1,1,1,0,2,30,30,0,2,11,4,6,1,0
1,0,0,37.25,1,0,0,1,1,1,1,1,0,2,30,30,0,2,11,6,11,1,0
1,0,0,29.18,0,0,0,1,1,1,1,1,0,2,1,4,0,2,11,5,6,1,0
1,0,0,30.79,1,0,0,1,1,1,1,1,0,3,30,30,0,1,10,6,6,1,0
1,0,0,22.92,0,0,0,1,0,0,1,1,0,3,3,2,1,1,10,6,6,1,0
1,0,0,27.44,0,0,0,0,1,1,1,1,0,4,3,30,0,1,3,4,6,1,0
1,1,0,30.0,1,0,0,1,0,0,1,1,0,2,30,30,0,1,5,4,6,1,0
1,0,0,22.6,1,0,0,1,1,1,1,0,0,3,20,2,0,2,2,4,6,1,0
1,0,0,27.44,1,0,0,1,1,1,1,1,0,1,30,30,0,2,10,4,6,1,0
1,0,0,29.7,0,0,0,1,1,1,1,1,0,2,6,10,0,2,10,5,4,1,0
1,0,1,23.01,0,0,0,1,1,1,1,1,0,1,30,3,0,1,1,5,6,1,0
1,0,0,27.55,1,0,0,1,1,1,1,1,0,2,30,5,0,1,13,6,6,1,0
1,0,0,22.86,1,0,0,0,1,1,1,1,0,1,30,30,0,1,5,4,1,1,0
1,0,0,27.44,0,0,0,0,1,1,1,1,0,2,30,30,1,2,10,5,6,1,0
1,0,0,26.26,1,0,0,1,1,1,1,1,0,2,30,30,0,1,13,6,6,1,0
1,1,0,27.44,1,0,0,1,1,1,1,1,0,2,30,30,0,2,11,6,6,1,0
1,0,0,28.12,0,0,0,1,0,1,0,1,0,3,30,3,0,1,6,5,6,1,0
1,1,0,28.35,0,0,0,0,0,1,1,1,0,2,30,30,0,2,6,5,4,1,0
1,1,0,24.94,0,0,0,1,1,1,1,1,0,3,30,30,0,2,5,5,1,1,0
1,0,0,27.44,0,0,0,1,1,1,1,1,0,3,30,30,0,2,10,6,6,1,0
1,1,0,27.44,0,0,0,0,1,1,1,1,1,1,30,30,0,2,5,3,6,1,0
1,1,0,27.26,0,0,0,1,0,1,1,1,0,2,15,30,0,1,10,6,6,1,0
1,1,0,27.44,1,0,0,0,1,1,1,1,0,2,27,1,0,1,4,4,6,1,0
1,1,0,22.27,0,0,0,1,1,1,1,1,0,3,30,30,0,2,10,6,11,1,0
1,1,0,27.34,0,0,0,1,1,1,1,1,0,3,21,21,0,1,6,6,6,1,0
1,0,0,29.98,0,0,0,1,0,0,1,1,0,3,30,30,0,1,6,6,6,1,0
1,0,0,33.41,1,0,0,1,1,1,1,1,0,2,25,30,0,1,3,6,6,1,0
1,0,0,29.12,0,0,0,1,1,1,1,1,0,2,30,30,0,2,12,6,10,1,0
1,0,0,28.7,0,0,0,1,1,1,1,1,0,1,30,30,0,1,10,5,6,1,0
1,0,0,31.85,1,0,0,1,1,1,0,1,0,3,30,30,0,1,10,4,6,1,0
1,1,0,27.44,0,0,0,1,1,1,1,1,0,1,30,30,0,2,10,6,6,1,0
1,0,0,45.61,0,0,0,1,0,0,1,1,0,2,30,30,0,1,5,6,6,1,0
1,0,0,28.84,0,1,0,1,1,1,1,1,0,1,30,30,1,1,12,6,11,1,0
1,1,0,26.54,1,0,1,1,0,1,1,1,0,1,30,30,0,1,10,5,6,1,0
1,1,0,23.75,1,0,0,1,1,1,0,1,0,2,30,30,0,1,4,5,6,1,0
1,0,1,25.09,0,0,0,1,1,1,1,1,1,1,30,30,0,1,1,5,6,1,0
1,0,0,27.44,0,0,0,1,1,1,1,1,0,2,30,2,1,2,10,6,6,1,0
1,0,0,26.57,0,0,0,0,0,1,1,1,0,3,30,30,0,2,5,6,6,1,0
1,0,0,33.64,1,0,0,1,0,1,1,1,0,3,12,3,0,1,2,5,6,1,0
1,0,0,24.63,1,0,0,1,1,1,1,1,0,2,30,30,0,1,11,5,5,1,0
1,0,0,33.07,0,0,0,1,1,0,1,1,0,2,30,30,0,2,10,4,2,1,0
1,1,0,27.44,0,0,0,1,1,1,1,1,0,2,30,30,0,2,10,5,6,1,0
1,0,0,29.68,0,0,0,1,1,1,1,1,0,3,30,30,0,2,10,6,6,1,0
1,0,0,27.44,0,0,0,0,0,0,1,1,0,2,30,30,0,2,6,4,6,1,0
0,0,0,27.44,1,0,0,1,1,1,1,1,0,2,30,30,0,2,6,4,10,1,0
1,0,0,28.32,1,0,0,1,1,1,1,1,0,2,30,30,0,2,12,4,6,1,0
1,0,0,17.51,0,1,0,1,1,1,1,1,0,3,30,30,0,2,13,4,6,1,0
1,0,0,38.45,0,0,0,1,0,0,1,1,0,3,14,30,0,2,3,4,1,1,0
1,0,0,25.54,0,0,0,1,1,1,1,1,0,3,30,30,0,1,10,4,6,1,0
1,0,0,28.04,1,0,0,1,1,1,1,1,0,2,30,30,0,1,10,3,2,1,0
1,1,0,26.63,0,0,0,0,1,1,1,1,0,1,5,30,0,1,4,6,6,1,0
1,0,0,24.37,0,0,0,1,1,1,1,1,0,2,30,30,0,1,10,6,10,1,0
1,1,0,27.44,0,0,0,1,1,1,1,1,0,1,30,30,0,2,14,6,6,1,0
1,0,0,23.34,0,0,0,1,1,1,0,1,0,4,4,14,0,1,2,6,5,1,0
1,0,0,27.44,0,0,0,1,0,0,1,1,0,3,3,30,0,2,6,6,10,1,0
1,0,0,25.0,1,0,0,1,1,1,0,1,0,2,30,30,0,1,12,5,6,1,0
1,0,0,21.3,0,0,0,1,0,0,1,1,0,3,30,30,0,2,6,4,6,1,0
1,0,0,27.89,1,0,0,1,1,0,1,1,0,3,3,30,0,2,11,6,5,1,0
1,0,0,25.77,1,0,0,1,0,0,1,1,0,3,2,4,0,1,12,5,6,1,0
1,0,0,26.63,1,0,0,1,1,1,1,1,0,3,30,30,0,1,10,4,6,1,0
1,0,0,25.84,0,0,0,1,1,1,1,1,0,3,1,21,0,1,6,4,6,1,0
1,0,0,26.63,1,0,0,1,1,1,1,1,0,3,2,30,0,2,10,6,11,1,0
1,0,0,29.26,0,0,0,0,0,1,1,1,0,3,30,30,0,2,10,5,6,1,0
1,1,0,23.34,0,0,0,1,1,1,1,1,0,3,2,30,0,2,10,6,6,1,0
1,1,0,25.42,0,0,0,1,1,1,1,1,0,2,30,30,0,2,10,6,6,1,0
1,0,0,29.76,1,0,0,0,0,1,1,1,0,2,30,30,0,2,12,4,6,1,0
1,1,0,23.75,1,0,0,1,1,1,1,1,0,2,30,30,0,1,10,5,6,1,0
1,1,0,23.33,0,0,0,1,1,1,1,1,0,1,30,30,0,1,10,6,6,1,0
1,0,0,27.44,0,0,0,1,0,1,1,1,0,3,4,30,0,2,10,6,6,1,0
1,0,0,27.12,0,0,0,1,0,1,1,0,0,2,30,5,0,1,6,4,6,1,0
1,1,0,24.63,1,0,0,1,1,1,1,1,0,2,30,30,0,1,11,6,6,1,0
1,0,1,34.2,0,0,0,1,0,1,1,1,0,3,30,30,0,2,6,2,2,1,0
1,0,0,27.44,0,0,0,0,0,1,1,1,0,3,30,30,0,1,6,4,4,1,0
1,0,0,27.32,0,0,0,1,1,1,1,1,0,3,2,30,0,2,11,6,6,1,0
1,1,0,28.8,0,0,0,0,1,1,1,1,0,1,30,30,0,1,6,5,5,1,0
1,1,0,30.27,0,0,0,1,1,1,1,1,0,2,2,4,0,2,10,6,6,1,0
1,0,0,38.92,1,0,0,1,1,1,1,1,0,2,30,30,1,2,10,6,6,1,0
1,0,0,24.34,0,0,0,1,0,1,1,1,0,1,30,2,0,1,10,5,6,1,0
1,0,0,26.63,1,0,0,1,1,1,1,1,0,1,30,30,0,1,10,5,2,1,0
1,0,0,25.8,1,0,0,1,1,1,1,1,0,3,30,30,0,1,11,5,6,1,0
1,0,0,32.98,0,0,0,1,1,1,1,1,0,2,30,30,0,1,10,5,6,1,0
1,0,0,32.77,1,0,0,1,1,1,1,1,0,3,30,30,0,2,10,5,6,1,0
1,0,0,27.44,0,0,0,0,1,1,1,1,0,2,30,30,0,2,12,6,6,1,0
1,0,0,25.85,1,0,0,1,0,1,1,1,0,3,30,30,0,2,4,5,6,1,0
1,0,1,39.48,1,0,0,1,1,0,0,1,0,3,25,30,0,2,3,4,3,1,0
1,1,0,27.44,0,0,0,1,1,1,1,1,0,2,2,30,0,2,11,4,6,1,0
