year,model,method,size_A,A,A_equals_above_mean,last_A,last_A_over_mean,first_B,first_B_over_mean,top5
2015,xgboost,SHAP,5,"GenHlth,HighBP,BMI,Age,HighChol",1,HighChol,1.6415,Income,0.8581,"GenHlth,HighBP,BMI,Age,HighChol"
2015,xgboost,PI,5,"GenHlth,BMI,Age,HighBP,HighChol",1,HighChol,1.2217,CholCheck,0.4908,"GenHlth,BMI,Age,HighBP,HighChol"
2015,random_forest,SHAP,6,"GenHlth,BMI,HighBP,Age,HighChol,Income",1,Income,1.1755,PhysHlth,0.8671,"GenHlth,BMI,HighBP,Age,HighChol"
2015,random_forest,PI,5,"GenHlth,BMI,Age,HighBP,HighChol",1,HighChol,1.4281,Education,0.4708,"GenHlth,BMI,Age,HighBP,HighChol"
2015,logistic_regression,SHAP,5,"GenHlth,Age,BMI,HighBP,HighChol",1,HighChol,1.9653,Sex,0.9797,"GenHlth,Age,BMI,HighBP,HighChol"
2015,logistic_regression,PI,5,"GenHlth,BMI,Age,HighBP,HighChol",1,HighChol,1.162,CholCheck,0.5222,"GenHlth,BMI,Age,HighBP,HighChol"
2021,xgboost,SHAP,5,"GenHlth,HighBP,Age,BMI,HighChol",1,HighChol,1.6797,Sex,0.8507,"GenHlth,HighBP,Age,BMI,HighChol"
2021,xgboost,PI,5,"GenHlth,Age,BMI,HighBP,HighChol",1,HighChol,1.2833,CholCheck,0.6887,"GenHlth,Age,BMI,HighBP,HighChol"
2021,random_forest,SHAP,6,"GenHlth,HighBP,BMI,Age,HighChol,Income",1,Income,1.554,PhysHlth,0.8352,"GenHlth,HighBP,BMI,Age,HighChol"
2021,random_forest,PI,5,"GenHlth,Age,BMI,HighBP,HighChol",1,HighChol,1.4811,HeartDiseaseorAttack,0.4957,"GenHlth,Age,BMI,HighBP,HighChol"
2021,logistic_regression,SHAP,6,"GenHlth,Age,HighBP,BMI,HighChol,Sex",1,Sex,1.0374,Income,0.7337,"GenHlth,Age,HighBP,BMI,HighChol"
2021,logistic_regression,PI,5,"GenHlth,Age,BMI,HighBP,HighChol",1,HighChol,1.2638,CholCheck,0.7894,"GenHlth,Age,BMI,HighBP,HighChol"
2023,xgboost,SHAP,5,"GenHlth,HighBP,Age,BMI,HighChol",1,HighChol,1.6758,Sex,0.7565,"GenHlth,HighBP,Age,BMI,HighChol"
2023,xgboost,PI,5,"Age,GenHlth,BMI,HighBP,HighChol",1,HighChol,1.2289,CholCheck,0.5753,"Age,GenHlth,BMI,HighBP,HighChol"
2023,random_forest,SHAP,7,"BMI,HighBP,GenHlth,HighChol,Age,Income,PhysHlth",1,PhysHlth,1.0039,MentHlth,0.9273,"BMI,HighBP,GenHlth,HighChol,Age"
2023,random_forest,PI,5,"GenHlth,Age,HighBP,BMI,HighChol",1,HighChol,1.4783,DiffWalk,0.5176,"GenHlth,Age,HighBP,BMI,HighChol"
2023,logistic_regression,SHAP,5,"GenHlth,Age,HighBP,BMI,HighChol",1,HighChol,1.9427,Sex,0.9444,"GenHlth,Age,HighBP,BMI,HighChol"
2023,logistic_regression,PI,5,"GenHlth,Age,BMI,HighBP,HighChol",1,HighChol,1.2214,CholCheck,0.691,"GenHlth,Age,BMI,HighBP,HighChol"
