cohort,bin,bin_idx,model,n_in_bin,group_A,group_A_size
cdc_brfss_diabetes_2015,"[0.000, 0.013]",0,logistic_regression,400,"GenHlth, Age, BMI, HighChol, HighBP, CholCheck",6
cdc_brfss_diabetes_2015,"[0.000, 0.013]",0,xgboost,400,"GenHlth, Age, HighBP, BMI, HighChol",5
cdc_brfss_diabetes_2015,"[0.013, 0.044]",1,logistic_regression,400,"GenHlth, Age, BMI, HighBP, HighChol, Sex",6
cdc_brfss_diabetes_2015,"[0.013, 0.044]",1,xgboost,400,"GenHlth, HighBP, Age, BMI, HighChol",5
cdc_brfss_diabetes_2015,"[0.044, 0.116]",2,logistic_regression,400,"GenHlth, HighBP, Age, BMI, HighChol, Sex",6
cdc_brfss_diabetes_2015,"[0.044, 0.116]",2,xgboost,400,"GenHlth, HighBP, BMI, Age, HighChol",5
cdc_brfss_diabetes_2015,"[0.116, 0.256]",3,logistic_regression,400,"GenHlth, HighBP, Age, HighChol, BMI, Sex",6
cdc_brfss_diabetes_2015,"[0.116, 0.256]",3,xgboost,400,"GenHlth, HighBP, BMI, Age, HighChol",5
cdc_brfss_diabetes_2015,"[0.256, 0.781]",4,logistic_regression,400,"GenHlth, HighBP, BMI, Age, HighChol",5
cdc_brfss_diabetes_2015,"[0.256, 0.781]",4,xgboost,400,"GenHlth, HighBP, BMI, HighChol, Age",5
cdc_brfss_diabetes_2015,ALL (full sample),-1,logistic_regression,2000,"GenHlth, Age, BMI, HighBP, HighChol",5
cdc_brfss_diabetes_2015,ALL (full sample),-1,xgboost,2000,"GenHlth, HighBP, Age, BMI, HighChol",5
cdc_brfss_diabetes_2021,"[0.001, 0.017]",0,logistic_regression,400,"Age, GenHlth, BMI, HighBP, CholCheck, HighChol, Sex",7
cdc_brfss_diabetes_2021,"[0.001, 0.017]",0,xgboost,400,"Age, GenHlth, HighBP, BMI, HighChol",5
cdc_brfss_diabetes_2021,"[0.017, 0.053]",1,logistic_regression,400,"Age, GenHlth, BMI, HighBP, HighChol, Sex",6
cdc_brfss_diabetes_2021,"[0.017, 0.053]",1,xgboost,400,"GenHlth, Age, HighBP, BMI, HighChol",5
cdc_brfss_diabetes_2021,"[0.053, 0.123]",2,logistic_regression,400,"Age, GenHlth, HighBP, BMI, HighChol, Sex",6
cdc_brfss_diabetes_2021,"[0.053, 0.123]",2,xgboost,400,"GenHlth, HighBP, Age, BMI, HighChol",5
cdc_brfss_diabetes_2021,"[0.123, 0.256]",3,logistic_regression,400,"GenHlth, Age, HighBP, HighChol, BMI, Sex",6
cdc_brfss_diabetes_2021,"[0.123, 0.256]",3,xgboost,400,"HighBP, GenHlth, BMI, HighChol, Age",5
cdc_brfss_diabetes_2021,"[0.256, 0.812]",4,logistic_regression,400,"GenHlth, HighBP, Age, BMI, HighChol",5
cdc_brfss_diabetes_2021,"[0.256, 0.812]",4,xgboost,400,"GenHlth, HighBP, BMI, HighChol, Age",5
cdc_brfss_diabetes_2021,ALL (full sample),-1,logistic_regression,2000,"GenHlth, Age, HighBP, BMI, HighChol, Sex",6
cdc_brfss_diabetes_2021,ALL (full sample),-1,xgboost,2000,"GenHlth, HighBP, Age, BMI, HighChol",5
cdc_brfss_diabetes_2023,"[0.000, 0.017]",0,logistic_regression,400,"Age, GenHlth, BMI, HighChol, CholCheck, HighBP",6
cdc_brfss_diabetes_2023,"[0.000, 0.017]",0,xgboost,400,"Age, GenHlth, HighBP, BMI, HighChol, CholCheck",6
cdc_brfss_diabetes_2023,"[0.017, 0.057]",1,logistic_regression,400,"Age, GenHlth, HighBP, BMI, HighChol, Sex",6
cdc_brfss_diabetes_2023,"[0.017, 0.057]",1,xgboost,400,"Age, GenHlth, HighBP, BMI, HighChol",5
cdc_brfss_diabetes_2023,"[0.057, 0.130]",2,logistic_regression,400,"Age, GenHlth, HighBP, BMI, HighChol, Sex",6
cdc_brfss_diabetes_2023,"[0.057, 0.130]",2,xgboost,400,"HighBP, GenHlth, BMI, Age, HighChol",5
cdc_brfss_diabetes_2023,"[0.130, 0.257]",3,logistic_regression,400,"GenHlth, HighBP, Age, HighChol, BMI, Sex",6
cdc_brfss_diabetes_2023,"[0.130, 0.257]",3,xgboost,400,"HighBP, GenHlth, BMI, Age, HighChol",5
cdc_brfss_diabetes_2023,"[0.257, 0.759]",4,logistic_regression,400,"GenHlth, HighBP, BMI, Age, HighChol",5
cdc_brfss_diabetes_2023,"[0.257, 0.759]",4,xgboost,400,"HighBP, GenHlth, BMI, HighChol, Age",5
cdc_brfss_diabetes_2023,ALL (full sample),-1,logistic_regression,2000,"GenHlth, Age, HighBP, BMI, HighChol",5
cdc_brfss_diabetes_2023,ALL (full sample),-1,xgboost,2000,"GenHlth, HighBP, Age, BMI, HighChol",5
