year,model,seed,class_weighting,n_train,n_test,auc,fit_s,shap_s,pi_s
2015,xgboost,0,balanced,202944,50736,0.8262762794579716,3.391035318374634,3.66629958152771,5.45450496673584
2015,random_forest,0,balanced,202944,50736,0.785213343959457,20.03745460510254,1313.732915878296,75.01837944984436
2015,logistic_regression,0,balanced,202944,50736,0.8183384880822814,0.40517544746398926,0.008314132690429688,1.2861907482147217
2015,xgboost,1,balanced,202944,50736,0.8282120740798695,3.4168365001678467,3.7754273414611816,5.81175422668457
2015,random_forest,1,balanced,202944,50736,0.7859257518213167,21.353232622146606,1327.4486315250397,78.15300798416138
2015,logistic_regression,1,balanced,202944,50736,0.8215163990939635,0.2910192012786865,0.007899999618530273,1.3183355331420898
2015,xgboost,2,balanced,202944,50736,0.8277069345240102,3.6012160778045654,3.5602712631225586,5.665075063705444
2015,random_forest,2,balanced,202944,50736,0.7826788345235123,19.884326934814453,1319.5291783809662,74.49732971191406
2015,logistic_regression,2,balanced,202944,50736,0.8193519500810061,0.3225221633911133,0.011439323425292969,1.203402042388916
2021,xgboost,0,balanced,189102,47276,0.8196636354395013,2.7952709197998047,3.835655450820923,5.924846410751343
2021,random_forest,0,balanced,189102,47276,0.7801268481087666,18.872606992721558,1270.778559923172,73.54574179649353
2021,logistic_regression,0,balanced,189102,47276,0.8124172346802668,0.33829522132873535,0.0071485042572021484,1.2057607173919678
2021,xgboost,1,balanced,189102,47276,0.819564908977628,3.1000773906707764,3.3851826190948486,5.349489450454712
2021,random_forest,1,balanced,189102,47276,0.7820071104937499,18.204984426498413,1247.0645236968994,77.88420557975769
2021,logistic_regression,1,balanced,189102,47276,0.8130362629805479,0.4144916534423828,0.009830713272094727,1.2570738792419434
2021,xgboost,2,balanced,189102,47276,0.8161907453774615,2.7822651863098145,3.544780969619751,5.428241968154907
2021,random_forest,2,balanced,189102,47276,0.7779469069493191,18.779762268066406,1272.4787545204163,77.3309576511383
2021,logistic_regression,2,balanced,189102,47276,0.8092212590053448,0.3870394229888916,0.015683889389038086,1.3979337215423584
2023,xgboost,0,balanced,218215,54554,0.817437580733527,3.7251510620117188,3.6959242820739746,5.517167568206787
2023,random_forest,0,balanced,218215,54554,0.7732332156846683,22.348790884017944,1452.5464029312134,74.08556365966797
2023,logistic_regression,0,balanced,218215,54554,0.8113930801701338,0.35762691497802734,0.008113861083984375,1.0709717273712158
2023,xgboost,1,balanced,218215,54554,0.8119384601375944,3.3085758686065674,3.49521541595459,5.022070407867432
2023,random_forest,1,balanced,218215,54554,0.7685519025947265,20.41246771812439,1412.466888666153,77.15143537521362
2023,logistic_regression,1,balanced,218215,54554,0.8063627109268033,0.49103617668151855,0.011837959289550781,1.2992777824401855
2023,xgboost,2,balanced,218215,54554,0.8176223381165869,3.594210624694824,3.673236846923828,5.322076320648193
2023,random_forest,2,balanced,218215,54554,0.7712544986606519,20.35890007019043,1416.3122944831848,70.4491457939148
2023,logistic_regression,2,balanced,218215,54554,0.8108839782045265,0.34275007247924805,0.007654905319213867,1.0684814453125
