year,model,seed,class_weighting,method,feature,importance,pi_std
2015,xgboost,0,balanced,SHAP,HighBP,0.5022854208946228,
2015,xgboost,0,balanced,SHAP,HighChol,0.2999700605869293,
2015,xgboost,0,balanced,SHAP,CholCheck,0.0721602514386177,
2015,xgboost,0,balanced,SHAP,BMI,0.4407252371311188,
2015,xgboost,0,balanced,SHAP,Smoker,0.026083042845129967,
2015,xgboost,0,balanced,SHAP,Stroke,0.022381732240319252,
2015,xgboost,0,balanced,SHAP,HeartDiseaseorAttack,0.06867102533578873,
2015,xgboost,0,balanced,SHAP,PhysActivity,0.02196422778069973,
2015,xgboost,0,balanced,SHAP,NoDocbcCost,0.008655404672026634,
2015,xgboost,0,balanced,SHAP,GenHlth,0.6576721668243408,
2015,xgboost,0,balanced,SHAP,MentHlth,0.07413916289806366,
2015,xgboost,0,balanced,SHAP,PhysHlth,0.028763283044099808,
2015,xgboost,0,balanced,SHAP,DiffWalk,0.04698817804455757,
2015,xgboost,0,balanced,SHAP,Sex,0.1400662064552307,
2015,xgboost,0,balanced,SHAP,Age,0.4142797589302063,
2015,xgboost,0,balanced,SHAP,Education,0.047257158905267715,
2015,xgboost,0,balanced,SHAP,Income,0.13333760201931,
2015,xgboost,0,balanced,PI,HighBP,0.017742215700988374,0.0013315451285919493
2015,xgboost,0,balanced,PI,HighChol,0.011958892372199815,0.000991379491183733
2015,xgboost,0,balanced,PI,CholCheck,0.005795150293785034,0.0019249216783441122
2015,xgboost,0,balanced,PI,BMI,0.03759847220300414,0.0022251389499009424
2015,xgboost,0,balanced,PI,Smoker,0.0006890916932586255,0.0002624986610316182
2015,xgboost,0,balanced,PI,Stroke,0.0005025584360916268,0.00028278301154873017
2015,xgboost,0,balanced,PI,HeartDiseaseorAttack,0.002553177345840707,0.00042493464442372946
2015,xgboost,0,balanced,PI,PhysActivity,-0.0003319098438297363,0.00023787179452407995
2015,xgboost,0,balanced,PI,NoDocbcCost,7.051556809767323e-05,0.00015187667202001817
2015,xgboost,0,balanced,PI,GenHlth,0.04946620603223597,0.0038369587219759206
2015,xgboost,0,balanced,PI,MentHlth,0.0008794240918613916,0.0006334626995919291
2015,xgboost,0,balanced,PI,PhysHlth,0.0007050222314414322,0.0004261322185235308
2015,xgboost,0,balanced,PI,DiffWalk,0.0018764589266104248,0.00036222282961841475
2015,xgboost,0,balanced,PI,Sex,0.004100132690540359,0.0004235324265698675
2015,xgboost,0,balanced,PI,Age,0.037263864176398306,0.0018907421724089631
2015,xgboost,0,balanced,PI,Education,0.0006892501645809013,0.0004382792546214544
2015,xgboost,0,balanced,PI,Income,0.0047113690913030085,0.0009782834920533069
2015,random_forest,0,balanced,SHAP,HighBP,0.07457062395293203,
2015,random_forest,0,balanced,SHAP,HighChol,0.05058431412368143,
2015,random_forest,0,balanced,SHAP,CholCheck,0.00466616635211986,
2015,random_forest,0,balanced,SHAP,BMI,0.08627456262859308,
2015,random_forest,0,balanced,SHAP,Smoker,0.014484881344557183,
2015,random_forest,0,balanced,SHAP,Stroke,0.004437868786074451,
2015,random_forest,0,balanced,SHAP,HeartDiseaseorAttack,0.017287535728805474,
2015,random_forest,0,balanced,SHAP,PhysActivity,0.010905181320738377,
2015,random_forest,0,balanced,SHAP,NoDocbcCost,0.005174310208974171,
2015,random_forest,0,balanced,SHAP,GenHlth,0.09027360104615008,
2015,random_forest,0,balanced,SHAP,MentHlth,0.020679704397775587,
2015,random_forest,0,balanced,SHAP,PhysHlth,0.02900916005198984,
2015,random_forest,0,balanced,SHAP,DiffWalk,0.022626457526338784,
2015,random_forest,0,balanced,SHAP,Sex,0.018072913240259256,
2015,random_forest,0,balanced,SHAP,Age,0.05325059893981151,
2015,random_forest,0,balanced,SHAP,Education,0.027457901715684283,
2015,random_forest,0,balanced,SHAP,Income,0.03847982331348022,
2015,random_forest,0,balanced,PI,HighBP,0.017421765835934945,0.0018728651599842824
2015,random_forest,0,balanced,PI,HighChol,0.007213497819893289,0.003130370068511063
2015,random_forest,0,balanced,PI,CholCheck,0.0021031938560501563,0.0009919158340281193
2015,random_forest,0,balanced,PI,BMI,0.0314778718569194,0.0036540553772365747
2015,random_forest,0,balanced,PI,Smoker,-0.0015514884585753562,0.002287940947367001
2015,random_forest,0,balanced,PI,Stroke,0.0005229261712969668,0.000862099582636427
2015,random_forest,0,balanced,PI,HeartDiseaseorAttack,0.0030591470856581203,0.0014079722053859604
2015,random_forest,0,balanced,PI,PhysActivity,-0.002102685079699873,0.001439342096482249
2015,random_forest,0,balanced,PI,NoDocbcCost,4.083972785964285e-05,0.0005262893603047585
2015,random_forest,0,balanced,PI,GenHlth,0.04297755186995735,0.00402770708363178
2015,random_forest,0,balanced,PI,MentHlth,6.288809314003441e-06,0.001676205538037739
2015,random_forest,0,balanced,PI,PhysHlth,-0.0004899224332921559,0.0023833900889886745
2015,random_forest,0,balanced,PI,DiffWalk,0.0011520281284928657,0.0013841095826774615
2015,random_forest,0,balanced,PI,Sex,0.0025061614067114824,0.0024725202877418076
2015,random_forest,0,balanced,PI,Age,0.02454483491500219,0.0026154572380323155
2015,random_forest,0,balanced,PI,Education,0.0018434301668176945,0.0026727073178845146
2015,random_forest,0,balanced,PI,Income,0.00046653123207028856,0.003799163583023196
2015,logistic_regression,0,balanced,SHAP,HighBP,0.35445736971491415,
2015,logistic_regression,0,balanced,SHAP,HighChol,0.2759271247976003,
2015,logistic_regression,0,balanced,SHAP,CholCheck,0.0693653159496266,
2015,logistic_regression,0,balanced,SHAP,BMI,0.3833720243015709,
2015,logistic_regression,0,balanced,SHAP,Smoker,0.013512689431114375,
2015,logistic_regression,0,balanced,SHAP,Stroke,0.01604651990707837,
2015,logistic_regression,0,balanced,SHAP,HeartDiseaseorAttack,0.032849534374616254,
2015,logistic_regression,0,balanced,SHAP,PhysActivity,0.02044671295465061,
2015,logistic_regression,0,balanced,SHAP,NoDocbcCost,0.005758885098608028,
2015,logistic_regression,0,balanced,SHAP,GenHlth,0.5337537599378219,
2015,logistic_regression,0,balanced,SHAP,MentHlth,0.0247739074721356,
2015,logistic_regression,0,balanced,SHAP,PhysHlth,0.04312935862068998,
2015,logistic_regression,0,balanced,SHAP,DiffWalk,0.02210436187563016,
2015,logistic_regression,0,balanced,SHAP,Sex,0.14151976049419998,
2015,logistic_regression,0,balanced,SHAP,Age,0.3752490631834834,
2015,logistic_regression,0,balanced,SHAP,Education,0.03541318362293851,
2015,logistic_regression,0,balanced,SHAP,Income,0.1005034849464301,
2015,logistic_regression,0,balanced,PI,HighBP,0.02107275326657356,0.0019598744952257926
2015,logistic_regression,0,balanced,PI,HighChol,0.012537546235050833,0.0013586901469595503
2015,logistic_regression,0,balanced,PI,CholCheck,0.00509780975117421,0.001780883502901364
2015,logistic_regression,0,balanced,PI,BMI,0.03288189023925915,0.0025901511972610614
2015,logistic_regression,0,balanced,PI,Smoker,9.381085246649157e-05,6.877889549459896e-05
2015,logistic_regression,0,balanced,PI,Stroke,0.0005104319586280104,0.00012719286663904887
2015,logistic_regression,0,balanced,PI,HeartDiseaseorAttack,0.001371890406905152,0.0003650701095121718
2015,logistic_regression,0,balanced,PI,PhysActivity,5.4501623955760525e-05,9.751270554788624e-05
2015,logistic_regression,0,balanced,PI,NoDocbcCost,3.756604396614183e-05,4.7993396352029064e-05
2015,logistic_regression,0,balanced,PI,GenHlth,0.05738205292258234,0.004158551160809088
2015,logistic_regression,0,balanced,PI,MentHlth,0.0001720915153536895,0.0002757370430879679
2015,logistic_regression,0,balanced,PI,PhysHlth,0.0001344962793019322,0.00029920473919057037
2015,logistic_regression,0,balanced,PI,DiffWalk,0.00045737325776418203,0.00013850638415065106
2015,logistic_regression,0,balanced,PI,Sex,0.0032493960783019026,0.0003705128075064603
2015,logistic_regression,0,balanced,PI,Age,0.027097182371550066,0.0016434507270348642
2015,logistic_regression,0,balanced,PI,Education,0.0002736090784384193,0.0002578543121995736
2015,logistic_regression,0,balanced,PI,Income,0.0033425396830957465,0.0006709724357809642
2015,xgboost,1,balanced,SHAP,HighBP,0.4735308289527893,
2015,xgboost,1,balanced,SHAP,HighChol,0.31626442074775696,
2015,xgboost,1,balanced,SHAP,CholCheck,0.07767868787050247,
2015,xgboost,1,balanced,SHAP,BMI,0.4244462251663208,
2015,xgboost,1,balanced,SHAP,Smoker,0.026436753571033478,
2015,xgboost,1,balanced,SHAP,Stroke,0.020977044478058815,
2015,xgboost,1,balanced,SHAP,HeartDiseaseorAttack,0.0720466673374176,
2015,xgboost,1,balanced,SHAP,PhysActivity,0.021883778274059296,
2015,xgboost,1,balanced,SHAP,NoDocbcCost,0.008815706707537174,
2015,xgboost,1,balanced,SHAP,GenHlth,0.6891563534736633,
2015,xgboost,1,balanced,SHAP,MentHlth,0.07839566469192505,
2015,xgboost,1,balanced,SHAP,PhysHlth,0.0325341671705246,
2015,xgboost,1,balanced,SHAP,DiffWalk,0.05176451802253723,
2015,xgboost,1,balanced,SHAP,Sex,0.13314153254032135,
2015,xgboost,1,balanced,SHAP,Age,0.4359871745109558,
2015,xgboost,1,balanced,SHAP,Education,0.049807094037532806,
2015,xgboost,1,balanced,SHAP,Income,0.1517655998468399,
2015,xgboost,1,balanced,PI,HighBP,0.016727861618837936,0.0012999692188789991
2015,xgboost,1,balanced,PI,HighChol,0.012588115268036326,0.0007443362510104998
2015,xgboost,1,balanced,PI,CholCheck,0.00573593623314167,0.0011032877156872832
2015,xgboost,1,balanced,PI,BMI,0.03770144102977668,0.003585471018919418
2015,xgboost,1,balanced,PI,Smoker,0.0005354412354557469,0.0002595649642895234
2015,xgboost,1,balanced,PI,Stroke,0.00047293680972705366,0.00021495236956772405
2015,xgboost,1,balanced,PI,HeartDiseaseorAttack,0.002379467754880926,0.00048761387475433274
2015,xgboost,1,balanced,PI,PhysActivity,0.00036965104031003724,0.00021589661461074365
2015,xgboost,1,balanced,PI,NoDocbcCost,0.00030811412370654876,0.00020772109937695427
2015,xgboost,1,balanced,PI,GenHlth,0.05584401784520539,0.0036514018337435996
2015,xgboost,1,balanced,PI,MentHlth,0.001274605696243325,0.0006447196462205653
2015,xgboost,1,balanced,PI,PhysHlth,0.0005083801720348058,0.00037646385742437857
2015,xgboost,1,balanced,PI,DiffWalk,0.0008710668147622558,0.0003667624290355679
2015,xgboost,1,balanced,PI,Sex,0.002792022820537643,0.000939953749769719
2015,xgboost,1,balanced,PI,Age,0.03731784034281184,0.0022707548998542946
2015,xgboost,1,balanced,PI,Education,0.000683149018674678,0.0005102099116844117
2015,xgboost,1,balanced,PI,Income,0.003812111062374235,0.0010890559208707822
2015,random_forest,1,balanced,SHAP,HighBP,0.07672094034873457,
2015,random_forest,1,balanced,SHAP,HighChol,0.04912790356677199,
2015,random_forest,1,balanced,SHAP,CholCheck,0.006165297409087398,
2015,random_forest,1,balanced,SHAP,BMI,0.07211989510737542,
2015,random_forest,1,balanced,SHAP,Smoker,0.013466417809043231,
2015,random_forest,1,balanced,SHAP,Stroke,0.004226700020881706,
2015,random_forest,1,balanced,SHAP,HeartDiseaseorAttack,0.015507454668279928,
2015,random_forest,1,balanced,SHAP,PhysActivity,0.01123288605328747,
2015,random_forest,1,balanced,SHAP,NoDocbcCost,0.0049608475786038185,
2015,random_forest,1,balanced,SHAP,GenHlth,0.08488194737026004,
2015,random_forest,1,balanced,SHAP,MentHlth,0.02149983228232712,
2015,random_forest,1,balanced,SHAP,PhysHlth,0.028017160775597367,
2015,random_forest,1,balanced,SHAP,DiffWalk,0.022430956625454357,
2015,random_forest,1,balanced,SHAP,Sex,0.017525338604057892,
2015,random_forest,1,balanced,SHAP,Age,0.06046811971209695,
2015,random_forest,1,balanced,SHAP,Education,0.02557900305609658,
2015,random_forest,1,balanced,SHAP,Income,0.03903975126858236,
2015,random_forest,1,balanced,PI,HighBP,0.02083429979988418,0.0034136720038352155
2015,random_forest,1,balanced,PI,HighChol,0.016907922573581056,0.0023598902938487803
2015,random_forest,1,balanced,PI,CholCheck,0.0019657033028177007,0.0003765419146048906
2015,random_forest,1,balanced,PI,BMI,0.033650313510489326,0.003159465102532956
2015,random_forest,1,balanced,PI,Smoker,-0.000419748829626676,0.0019130899456341758
2015,random_forest,1,balanced,PI,Stroke,0.0005296987351737448,0.0006287476876214253
2015,random_forest,1,balanced,PI,HeartDiseaseorAttack,0.006190778120048146,0.002269793152460295
2015,random_forest,1,balanced,PI,PhysActivity,-0.0014404459349644627,0.002048922813442305
2015,random_forest,1,balanced,PI,NoDocbcCost,-0.0007800292104348849,0.0006110025588754507
2015,random_forest,1,balanced,PI,GenHlth,0.04813441304015483,0.0042274028685467
2015,random_forest,1,balanced,PI,MentHlth,0.0001609276277319993,0.0017952360103399582
2015,random_forest,1,balanced,PI,PhysHlth,-0.002228186026315626,0.002037254214678679
2015,random_forest,1,balanced,PI,DiffWalk,0.0014856394538879103,0.000589325385527915
2015,random_forest,1,balanced,PI,Sex,0.0027960554986588893,0.001456340656628423
2015,random_forest,1,balanced,PI,Age,0.023746468904465367,0.0036457258488784704
2015,random_forest,1,balanced,PI,Education,-0.0017685274452728938,0.001928839316854883
2015,random_forest,1,balanced,PI,Income,0.0016763638604983643,0.0028960399712471977
2015,logistic_regression,1,balanced,SHAP,HighBP,0.3598074244282541,
2015,logistic_regression,1,balanced,SHAP,HighChol,0.2883746442629823,
2015,logistic_regression,1,balanced,SHAP,CholCheck,0.07313468518470591,
2015,logistic_regression,1,balanced,SHAP,BMI,0.36417027450795963,
2015,logistic_regression,1,balanced,SHAP,Smoker,0.009714564524551642,
2015,logistic_regression,1,balanced,SHAP,Stroke,0.016853500278642304,
2015,logistic_regression,1,balanced,SHAP,HeartDiseaseorAttack,0.04420919273843661,
2015,logistic_regression,1,balanced,SHAP,PhysActivity,0.020348396981066236,
2015,logistic_regression,1,balanced,SHAP,NoDocbcCost,0.004861085784088944,
2015,logistic_regression,1,balanced,SHAP,GenHlth,0.5233078200458162,
2015,logistic_regression,1,balanced,SHAP,MentHlth,0.030212416995122605,
2015,logistic_regression,1,balanced,SHAP,PhysHlth,0.050944373485516205,
2015,logistic_regression,1,balanced,SHAP,DiffWalk,0.028961262855270436,
2015,logistic_regression,1,balanced,SHAP,Sex,0.14134393932490416,
2015,logistic_regression,1,balanced,SHAP,Age,0.3872760860386665,
2015,logistic_regression,1,balanced,SHAP,Education,0.030236134226582126,
2015,logistic_regression,1,balanced,SHAP,Income,0.11136991285429569,
2015,logistic_regression,1,balanced,PI,HighBP,0.019375825666866055,0.00161619919848197
2015,logistic_regression,1,balanced,PI,HighChol,0.010809758430486604,0.0007423662025720258
2015,logistic_regression,1,balanced,PI,CholCheck,0.0055087884442043935,0.0010533857390208493
2015,logistic_regression,1,balanced,PI,BMI,0.036006565216662303,0.0034511691204788687
2015,logistic_regression,1,balanced,PI,Smoker,0.00015370467167613588,5.319068823999983e-05
2015,logistic_regression,1,balanced,PI,Stroke,0.0001026477138300952,0.00015954115473487942
2015,logistic_regression,1,balanced,PI,HeartDiseaseorAttack,0.0012790387229679623,0.00036755888710674015
2015,logistic_regression,1,balanced,PI,PhysActivity,1.3641044606194086e-05,0.00013900935740372212
2015,logistic_regression,1,balanced,PI,NoDocbcCost,-3.2570027018508085e-06,2.8677932240958826e-05
2015,logistic_regression,1,balanced,PI,GenHlth,0.06352133203320119,0.0028427555601775695
2015,logistic_regression,1,balanced,PI,MentHlth,0.0003716110803481887,0.00021494928067703498
2015,logistic_regression,1,balanced,PI,PhysHlth,-0.0002553556842955218,0.0003029294976831648
2015,logistic_regression,1,balanced,PI,DiffWalk,0.00012564690704424119,0.00016166190053182685
2015,logistic_regression,1,balanced,PI,Sex,0.002113381893950794,0.0008951232497515368
2015,logistic_regression,1,balanced,PI,Age,0.025645055432017384,0.00301648749245739
2015,logistic_regression,1,balanced,PI,Education,0.0003889386683454288,0.00014848170869574665
2015,logistic_regression,1,balanced,PI,Income,0.0020086281796540483,0.0007149329999759664
2015,xgboost,2,balanced,SHAP,HighBP,0.46134594082832336,
2015,xgboost,2,balanced,SHAP,HighChol,0.31095391511917114,
2015,xgboost,2,balanced,SHAP,CholCheck,0.07363922148942947,
2015,xgboost,2,balanced,SHAP,BMI,0.43421995639801025,
2015,xgboost,2,balanced,SHAP,Smoker,0.026243213564157486,
2015,xgboost,2,balanced,SHAP,Stroke,0.02299167588353157,
2015,xgboost,2,balanced,SHAP,HeartDiseaseorAttack,0.06438731402158737,
2015,xgboost,2,balanced,SHAP,PhysActivity,0.02014206536114216,
2015,xgboost,2,balanced,SHAP,NoDocbcCost,0.010969416238367558,
2015,xgboost,2,balanced,SHAP,GenHlth,0.6782332062721252,
2015,xgboost,2,balanced,SHAP,MentHlth,0.07083501666784286,
2015,xgboost,2,balanced,SHAP,PhysHlth,0.03200644627213478,
2015,xgboost,2,balanced,SHAP,DiffWalk,0.054647237062454224,
2015,xgboost,2,balanced,SHAP,Sex,0.13983593881130219,
2015,xgboost,2,balanced,SHAP,Age,0.4388910233974457,
2015,xgboost,2,balanced,SHAP,Education,0.05501721054315567,
2015,xgboost,2,balanced,SHAP,Income,0.1509343534708023,
2015,xgboost,2,balanced,PI,HighBP,0.01767076598614923,0.0010889452969436585
2015,xgboost,2,balanced,PI,HighChol,0.011792927024540068,0.0008906495683220108
2015,xgboost,2,balanced,PI,CholCheck,0.006011096662418935,0.0014168482609389962
2015,xgboost,2,balanced,PI,BMI,0.0359445737375821,0.0028328736446513823
2015,xgboost,2,balanced,PI,Smoker,0.0002532413432330571,0.00022550507750047596
2015,xgboost,2,balanced,PI,Stroke,0.00043037891911057446,0.0002256064539996523
2015,xgboost,2,balanced,PI,HeartDiseaseorAttack,0.002371248097614409,0.00035733062417901354
2015,xgboost,2,balanced,PI,PhysActivity,-4.123590616514905e-05,0.00018457856124980414
2015,xgboost,2,balanced,PI,NoDocbcCost,-0.00012799478479211813,0.00013477577133386658
2015,xgboost,2,balanced,PI,GenHlth,0.052922002667155896,0.0044878736673442995
2015,xgboost,2,balanced,PI,MentHlth,0.000791785280366375,0.00037607800961097083
2015,xgboost,2,balanced,PI,PhysHlth,0.000609205465659357,0.0003086992636389892
2015,xgboost,2,balanced,PI,DiffWalk,0.0014056281173499107,0.00030198528052899245
2015,xgboost,2,balanced,PI,Sex,0.004264242255610851,0.000850128000485687
2015,xgboost,2,balanced,PI,Age,0.03295815664823489,0.0020997137990773768
2015,xgboost,2,balanced,PI,Education,0.0005996429724516971,0.0004045160895272775
2015,xgboost,2,balanced,PI,Income,0.0035899509497896442,0.0007330853775422562
2015,random_forest,2,balanced,SHAP,HighBP,0.07626352218167962,
2015,random_forest,2,balanced,SHAP,HighChol,0.04846172734956819,
2015,random_forest,2,balanced,SHAP,CholCheck,0.0044631086949585555,
2015,random_forest,2,balanced,SHAP,BMI,0.08275462590989488,
2015,random_forest,2,balanced,SHAP,Smoker,0.013687810290996229,
2015,random_forest,2,balanced,SHAP,Stroke,0.0046474920263449735,
2015,random_forest,2,balanced,SHAP,HeartDiseaseorAttack,0.01445483461193786,
2015,random_forest,2,balanced,SHAP,PhysActivity,0.01050136031959479,
2015,random_forest,2,balanced,SHAP,NoDocbcCost,0.004720942680892605,
2015,random_forest,2,balanced,SHAP,GenHlth,0.09025325599091259,
2015,random_forest,2,balanced,SHAP,MentHlth,0.023116860255978745,
2015,random_forest,2,balanced,SHAP,PhysHlth,0.029614318019131086,
2015,random_forest,2,balanced,SHAP,DiffWalk,0.02194758469435955,
2015,random_forest,2,balanced,SHAP,Sex,0.016569417115899286,
2015,random_forest,2,balanced,SHAP,Age,0.06008466985417212,
2015,random_forest,2,balanced,SHAP,Education,0.025834841601187625,
2015,random_forest,2,balanced,SHAP,Income,0.03551960582731914,
2015,random_forest,2,balanced,PI,HighBP,0.021686183244059753,0.0023237291590601583
2015,random_forest,2,balanced,PI,HighChol,0.015868767729500466,0.0015168748648711602
2015,random_forest,2,balanced,PI,CholCheck,0.002705305644890299,0.0008745812268310945
2015,random_forest,2,balanced,PI,BMI,0.032942201088264254,0.0034551089410269392
2015,random_forest,2,balanced,PI,Smoker,0.000889145056391194,0.002232496354147948
2015,random_forest,2,balanced,PI,Stroke,0.0004087767757108174,0.0006473345651875325
2015,random_forest,2,balanced,PI,HeartDiseaseorAttack,0.003532325772666589,0.0011216877979340803
2015,random_forest,2,balanced,PI,PhysActivity,4.775408186676877e-05,0.0014395927332411717
2015,random_forest,2,balanced,PI,NoDocbcCost,0.0002360138423865843,0.0006394692738908796
2015,random_forest,2,balanced,PI,GenHlth,0.04493429320247272,0.004064809046584718
2015,random_forest,2,balanced,PI,MentHlth,-0.0003311842119859354,0.0018646813455516185
2015,random_forest,2,balanced,PI,PhysHlth,-0.0028139127144961697,0.001741043796776524
2015,random_forest,2,balanced,PI,DiffWalk,0.004972988563124658,0.0010524175792049272
2015,random_forest,2,balanced,PI,Sex,0.002490218357634899,0.0013582049518996726
2015,random_forest,2,balanced,PI,Age,0.022300672477226224,0.002882770637488773
2015,random_forest,2,balanced,PI,Education,-0.002553861274704938,0.0016575520764264577
2015,random_forest,2,balanced,PI,Income,0.0011350758673114082,0.0032008538699240716
2015,logistic_regression,2,balanced,SHAP,HighBP,0.3538640984913172,
2015,logistic_regression,2,balanced,SHAP,HighChol,0.27113843100797314,
2015,logistic_regression,2,balanced,SHAP,CholCheck,0.09606547062988467,
2015,logistic_regression,2,balanced,SHAP,BMI,0.37780637124180777,
2015,logistic_regression,2,balanced,SHAP,Smoker,0.009898994693490466,
2015,logistic_regression,2,balanced,SHAP,Stroke,0.02554983192927808,
2015,logistic_regression,2,balanced,SHAP,HeartDiseaseorAttack,0.03911194980411274,
2015,logistic_regression,2,balanced,SHAP,PhysActivity,0.02048255610599538,
2015,logistic_regression,2,balanced,SHAP,NoDocbcCost,0.0007809829985181714,
2015,logistic_regression,2,balanced,SHAP,GenHlth,0.5308261644691296,
2015,logistic_regression,2,balanced,SHAP,MentHlth,0.021159558933539845,
2015,logistic_regression,2,balanced,SHAP,PhysHlth,0.04626102052376105,
2015,logistic_regression,2,balanced,SHAP,DiffWalk,0.024424856024224558,
2015,logistic_regression,2,balanced,SHAP,Sex,0.1420311297158399,
2015,logistic_regression,2,balanced,SHAP,Age,0.3932516079938801,
2015,logistic_regression,2,balanced,SHAP,Education,0.034389257688167585,
2015,logistic_regression,2,balanced,SHAP,Income,0.11177610962597789,
2015,logistic_regression,2,balanced,PI,HighBP,0.020015199067921763,0.0011809984686876908
2015,logistic_regression,2,balanced,PI,HighChol,0.011261239057242422,0.0007979645107281158
2015,logistic_regression,2,balanced,PI,CholCheck,0.00530649563107074,0.001445692839512924
2015,logistic_regression,2,balanced,PI,BMI,0.03248105371085207,0.0019217723731873224
2015,logistic_regression,2,balanced,PI,Smoker,7.45482462187752e-05,4.4082606709972344e-05
2015,logistic_regression,2,balanced,PI,Stroke,0.0002854443840307752,0.00019141970069393494
2015,logistic_regression,2,balanced,PI,HeartDiseaseorAttack,0.0010589429078703637,0.00026226740657204296
2015,logistic_regression,2,balanced,PI,PhysActivity,9.067895870328302e-05,9.299097950435312e-05
2015,logistic_regression,2,balanced,PI,NoDocbcCost,9.25806145707364e-06,7.2539932455264025e-06
2015,logistic_regression,2,balanced,PI,GenHlth,0.06212858179593213,0.004408996274345041
2015,logistic_regression,2,balanced,PI,MentHlth,0.00020157552188574402,0.00020604716842959745
2015,logistic_regression,2,balanced,PI,PhysHlth,0.00040092827496208684,0.00022347754015942273
2015,logistic_regression,2,balanced,PI,DiffWalk,0.00036995964235859714,0.0001359407805910731
2015,logistic_regression,2,balanced,PI,Sex,0.0033128388210701075,0.0007644056635522367
2015,logistic_regression,2,balanced,PI,Age,0.023202803841444943,0.0014189804041970357
2015,logistic_regression,2,balanced,PI,Education,0.00015863813415536442,0.00017496524401601704
2015,logistic_regression,2,balanced,PI,Income,0.0018810671058491102,0.0006335461162338061
2021,xgboost,0,balanced,SHAP,HighBP,0.4998093843460083,
2021,xgboost,0,balanced,SHAP,HighChol,0.28113070130348206,
2021,xgboost,0,balanced,SHAP,CholCheck,0.06913187354803085,
2021,xgboost,0,balanced,SHAP,BMI,0.3642091453075409,
2021,xgboost,0,balanced,SHAP,Smoker,0.05098413676023483,
2021,xgboost,0,balanced,SHAP,Stroke,0.016474053263664246,
2021,xgboost,0,balanced,SHAP,HeartDiseaseorAttack,0.07395149022340775,
2021,xgboost,0,balanced,SHAP,PhysActivity,0.08289511501789093,
2021,xgboost,0,balanced,SHAP,NoDocbcCost,0.0075004855170845985,
2021,xgboost,0,balanced,SHAP,GenHlth,0.5760413408279419,
2021,xgboost,0,balanced,SHAP,MentHlth,0.06648561358451843,
2021,xgboost,0,balanced,SHAP,PhysHlth,0.03183310106396675,
2021,xgboost,0,balanced,SHAP,DiffWalk,0.06157286465167999,
2021,xgboost,0,balanced,SHAP,Sex,0.13908419013023376,
2021,xgboost,0,balanced,SHAP,Age,0.45154401659965515,
2021,xgboost,0,balanced,SHAP,Education,0.03818804398179054,
2021,xgboost,0,balanced,SHAP,Income,0.13207681477069855,
2021,xgboost,0,balanced,PI,HighBP,0.01707508453987323,0.002514353730231774
2021,xgboost,0,balanced,PI,HighChol,0.013212991234117987,0.001511301398870765
2021,xgboost,0,balanced,PI,CholCheck,0.009166933418693934,0.0014324801092923728
2021,xgboost,0,balanced,PI,BMI,0.028173544765094028,0.003600938581980191
2021,xgboost,0,balanced,PI,Smoker,0.0004053481729538011,0.0004336325259391335
2021,xgboost,0,balanced,PI,Stroke,0.0010218859778719281,0.0002769430584000461
2021,xgboost,0,balanced,PI,HeartDiseaseorAttack,0.0017809555468005999,0.0003247217574698972
2021,xgboost,0,balanced,PI,PhysActivity,0.0019476796677500574,0.0005611708848969707
2021,xgboost,0,balanced,PI,NoDocbcCost,0.00016578843691517076,0.00014311939631539514
2021,xgboost,0,balanced,PI,GenHlth,0.05027175465379689,0.0026836490888836545
2021,xgboost,0,balanced,PI,MentHlth,0.00022713729932033466,0.0003871526282713716
2021,xgboost,0,balanced,PI,PhysHlth,7.828146032369254e-05,0.0004039512336698074
2021,xgboost,0,balanced,PI,DiffWalk,0.0015577825929938617,0.0005322082034290219
2021,xgboost,0,balanced,PI,Sex,0.003819109294461398,0.000821167384024233
2021,xgboost,0,balanced,PI,Age,0.04833116648609607,0.003140471915947918
2021,xgboost,0,balanced,PI,Education,0.00013141846416496737,0.00023741478510510948
2021,xgboost,0,balanced,PI,Income,0.005065206507107911,0.00085309333161732
2021,random_forest,0,balanced,SHAP,HighBP,0.07779060021132268,
2021,random_forest,0,balanced,SHAP,HighChol,0.04917285191242484,
2021,random_forest,0,balanced,SHAP,CholCheck,0.006451893236224594,
2021,random_forest,0,balanced,SHAP,BMI,0.0789860583322721,
2021,random_forest,0,balanced,SHAP,Smoker,0.013525317325396857,
2021,random_forest,0,balanced,SHAP,Stroke,0.004112867997222466,
2021,random_forest,0,balanced,SHAP,HeartDiseaseorAttack,0.0159031979340963,
2021,random_forest,0,balanced,SHAP,PhysActivity,0.015692480109021075,
2021,random_forest,0,balanced,SHAP,NoDocbcCost,0.003790312890361973,
2021,random_forest,0,balanced,SHAP,GenHlth,0.08170921601534424,
2021,random_forest,0,balanced,SHAP,MentHlth,0.029505858144052474,
2021,random_forest,0,balanced,SHAP,PhysHlth,0.027746221086853765,
2021,random_forest,0,balanced,SHAP,DiffWalk,0.022369483476286027,
2021,random_forest,0,balanced,SHAP,Sex,0.016120502505392008,
2021,random_forest,0,balanced,SHAP,Age,0.05681642316291173,
2021,random_forest,0,balanced,SHAP,Education,0.025022673444512124,
2021,random_forest,0,balanced,SHAP,Income,0.04835309152287664,
2021,random_forest,0,balanced,PI,HighBP,0.020793927903082855,0.002874211871004098
2021,random_forest,0,balanced,PI,HighChol,0.011647604156407022,0.0019380025807851997
2021,random_forest,0,balanced,PI,CholCheck,0.00357705850487543,0.0008821648974044464
2021,random_forest,0,balanced,PI,BMI,0.029722856955251363,0.005312498889628885
2021,random_forest,0,balanced,PI,Smoker,0.00019970287928033903,0.0026937363272700144
2021,random_forest,0,balanced,PI,Stroke,0.001744451557831883,0.0004054379246354392
2021,random_forest,0,balanced,PI,HeartDiseaseorAttack,0.005935015102268693,0.0008720194072307303
2021,random_forest,0,balanced,PI,PhysActivity,0.0012630010834236427,0.0015156109185686184
2021,random_forest,0,balanced,PI,NoDocbcCost,-0.00031266210315502587,0.0008836554413201944
2021,random_forest,0,balanced,PI,GenHlth,0.044241948192652425,0.004617450621988078
2021,random_forest,0,balanced,PI,MentHlth,-0.0011258084638365972,0.0013080005937489733
2021,random_forest,0,balanced,PI,PhysHlth,1.61815883646943e-05,0.0018306755567415167
2021,random_forest,0,balanced,PI,DiffWalk,0.0020417528480909386,0.0013365229391214069
2021,random_forest,0,balanced,PI,Sex,0.006375332414064849,0.002185900405293485
2021,random_forest,0,balanced,PI,Age,0.03381962638300665,0.003054301608023714
2021,random_forest,0,balanced,PI,Education,0.0003326849207131111,0.0018572383212616405
2021,random_forest,0,balanced,PI,Income,0.0019122878295413925,0.0023755971225429997
2021,logistic_regression,0,balanced,SHAP,HighBP,0.35050993118194645,
2021,logistic_regression,0,balanced,SHAP,HighChol,0.2734529770585278,
2021,logistic_regression,0,balanced,SHAP,CholCheck,0.07621696280706913,
2021,logistic_regression,0,balanced,SHAP,BMI,0.3305529954928323,
2021,logistic_regression,0,balanced,SHAP,Smoker,0.04076655143425869,
2021,logistic_regression,0,balanced,SHAP,Stroke,0.0122942021992437,
2021,logistic_regression,0,balanced,SHAP,HeartDiseaseorAttack,0.05870135394156836,
2021,logistic_regression,0,balanced,SHAP,PhysActivity,0.07324744607807314,
2021,logistic_regression,0,balanced,SHAP,NoDocbcCost,0.0002560838844325935,
2021,logistic_regression,0,balanced,SHAP,GenHlth,0.45826346034798415,
2021,logistic_regression,0,balanced,SHAP,MentHlth,0.031088649703000536,
2021,logistic_regression,0,balanced,SHAP,PhysHlth,0.03721362831036095,
2021,logistic_regression,0,balanced,SHAP,DiffWalk,0.033705743107381024,
2021,logistic_regression,0,balanced,SHAP,Sex,0.14962342493397593,
2021,logistic_regression,0,balanced,SHAP,Age,0.3940354512817954,
2021,logistic_regression,0,balanced,SHAP,Education,0.03081447229905192,
2021,logistic_regression,0,balanced,SHAP,Income,0.10398431020050102,
2021,logistic_regression,0,balanced,PI,HighBP,0.01688974112741719,0.0028009228274409295
2021,logistic_regression,0,balanced,PI,HighChol,0.011960984438097122,0.001482137224574851
2021,logistic_regression,0,balanced,PI,CholCheck,0.008073418365671903,0.0011107693236952103
2021,logistic_regression,0,balanced,PI,BMI,0.02860382809678589,0.003417477103108144
2021,logistic_regression,0,balanced,PI,Smoker,8.395301881223283e-05,0.00018606380670786686
2021,logistic_regression,0,balanced,PI,Stroke,0.00035763649496047825,0.00015740197491213195
2021,logistic_regression,0,balanced,PI,HeartDiseaseorAttack,0.0010981606421747725,0.00022594380348017607
2021,logistic_regression,0,balanced,PI,PhysActivity,0.0015090818805607586,0.0004707803166335092
2021,logistic_regression,0,balanced,PI,NoDocbcCost,1.7851866443874264e-06,3.7292143647641e-06
2021,logistic_regression,0,balanced,PI,GenHlth,0.05209124150497392,0.003399112000572038
2021,logistic_regression,0,balanced,PI,MentHlth,0.0001947248760629794,0.00020284846210657164
2021,logistic_regression,0,balanced,PI,PhysHlth,-4.6632358252063354e-05,0.000182313301380749
2021,logistic_regression,0,balanced,PI,DiffWalk,0.0004580501657966418,0.0002058768085984
2021,logistic_regression,0,balanced,PI,Sex,0.0029858498309203174,0.0007844838622748663
2021,logistic_regression,0,balanced,PI,Age,0.032676696542893756,0.0018951731582949913
2021,logistic_regression,0,balanced,PI,Education,0.0001468654584852236,0.00016722747178717396
2021,logistic_regression,0,balanced,PI,Income,0.0017332890114580945,0.0006525705984368463
2021,xgboost,1,balanced,SHAP,HighBP,0.49357864260673523,
2021,xgboost,1,balanced,SHAP,HighChol,0.28212472796440125,
2021,xgboost,1,balanced,SHAP,CholCheck,0.08127566426992416,
2021,xgboost,1,balanced,SHAP,BMI,0.3430396020412445,
2021,xgboost,1,balanced,SHAP,Smoker,0.050698600709438324,
2021,xgboost,1,balanced,SHAP,Stroke,0.01825779117643833,
2021,xgboost,1,balanced,SHAP,HeartDiseaseorAttack,0.07094329595565796,
2021,xgboost,1,balanced,SHAP,PhysActivity,0.07982472330331802,
2021,xgboost,1,balanced,SHAP,NoDocbcCost,0.008260571397840977,
2021,xgboost,1,balanced,SHAP,GenHlth,0.5703059434890747,
2021,xgboost,1,balanced,SHAP,MentHlth,0.06451666355133057,
2021,xgboost,1,balanced,SHAP,PhysHlth,0.02753075212240219,
2021,xgboost,1,balanced,SHAP,DiffWalk,0.05241769552230835,
2021,xgboost,1,balanced,SHAP,Sex,0.13105429708957672,
2021,xgboost,1,balanced,SHAP,Age,0.4511261582374573,
2021,xgboost,1,balanced,SHAP,Education,0.043167248368263245,
2021,xgboost,1,balanced,SHAP,Income,0.1301739364862442,
2021,xgboost,1,balanced,PI,HighBP,0.016135760366394015,0.0017975593876927392
2021,xgboost,1,balanced,PI,HighChol,0.011465433041137073,0.0016944282910231966
2021,xgboost,1,balanced,PI,CholCheck,0.007030697002527853,0.0016773932583791947
2021,xgboost,1,balanced,PI,BMI,0.03109750402179966,0.0017931159512575132
2021,xgboost,1,balanced,PI,Smoker,0.0007761663219407966,0.00040798655111551704
2021,xgboost,1,balanced,PI,Stroke,0.0005844003414424481,0.0002875313924000521
2021,xgboost,1,balanced,PI,HeartDiseaseorAttack,0.0023405766768441194,0.0007471122024016511
2021,xgboost,1,balanced,PI,PhysActivity,0.00098059276404332,0.00037629284885398295
2021,xgboost,1,balanced,PI,NoDocbcCost,-4.6004465018711914e-05,0.00014115554670489407
2021,xgboost,1,balanced,PI,GenHlth,0.04784813601891051,0.0034385626456381823
2021,xgboost,1,balanced,PI,MentHlth,0.0015883318559373639,0.0005120163146953617
2021,xgboost,1,balanced,PI,PhysHlth,0.0007308102695425145,0.0001606328635701815
2021,xgboost,1,balanced,PI,DiffWalk,0.0020865302537836027,0.00028699910612193293
2021,xgboost,1,balanced,PI,Sex,0.0037707738271117175,0.0006796386752161069
2021,xgboost,1,balanced,PI,Age,0.04396544535276915,0.0034255550526692967
2021,xgboost,1,balanced,PI,Education,0.000886880724908734,0.0003372057976004735
2021,xgboost,1,balanced,PI,Income,0.006044055123280279,0.0009522385397974767
2021,random_forest,1,balanced,SHAP,HighBP,0.07909473117911758,
2021,random_forest,1,balanced,SHAP,HighChol,0.04708763485353043,
2021,random_forest,1,balanced,SHAP,CholCheck,0.006009829390169471,
2021,random_forest,1,balanced,SHAP,BMI,0.07090793902873882,
2021,random_forest,1,balanced,SHAP,Smoker,0.013506491784898758,
2021,random_forest,1,balanced,SHAP,Stroke,0.0043676022626955024,
2021,random_forest,1,balanced,SHAP,HeartDiseaseorAttack,0.014867567407266675,
2021,random_forest,1,balanced,SHAP,PhysActivity,0.015806728953143712,
2021,random_forest,1,balanced,SHAP,NoDocbcCost,0.0025457086709717203,
2021,random_forest,1,balanced,SHAP,GenHlth,0.08067642192752349,
2021,random_forest,1,balanced,SHAP,MentHlth,0.02568679301161598,
2021,random_forest,1,balanced,SHAP,PhysHlth,0.02601338356287112,
2021,random_forest,1,balanced,SHAP,DiffWalk,0.01983265547911159,
2021,random_forest,1,balanced,SHAP,Sex,0.01656206881438378,
2021,random_forest,1,balanced,SHAP,Age,0.061307336283110685,
2021,random_forest,1,balanced,SHAP,Education,0.023632378080890904,
2021,random_forest,1,balanced,SHAP,Income,0.048355409109797014,
2021,random_forest,1,balanced,PI,HighBP,0.021234581732821344,0.002835376251487034
2021,random_forest,1,balanced,PI,HighChol,0.015519185626580168,0.002249370070838589
2021,random_forest,1,balanced,PI,CholCheck,0.002556719688762088,0.0009192199691539218
2021,random_forest,1,balanced,PI,BMI,0.03154651334580928,0.0032055499852814678
2021,random_forest,1,balanced,PI,Smoker,0.0018884812370729477,0.0013532025490506495
2021,random_forest,1,balanced,PI,Stroke,0.0012294149512460883,0.000676767055665591
2021,random_forest,1,balanced,PI,HeartDiseaseorAttack,0.005462880429429906,0.0015141253697866536
2021,random_forest,1,balanced,PI,PhysActivity,0.0012027397485145474,0.001689052361136141
2021,random_forest,1,balanced,PI,NoDocbcCost,-8.368626678473268e-05,0.0006343687631924501
2021,random_forest,1,balanced,PI,GenHlth,0.04847243015200783,0.004751261739231461
2021,random_forest,1,balanced,PI,MentHlth,-9.798007157149068e-05,0.002420857441583776
2021,random_forest,1,balanced,PI,PhysHlth,0.0008286631209167728,0.0013226592304357988
2021,random_forest,1,balanced,PI,DiffWalk,0.0031161110016745264,0.0010626207300245473
2021,random_forest,1,balanced,PI,Sex,0.0035756385633147424,0.00156342396722532
2021,random_forest,1,balanced,PI,Age,0.03034563265373138,0.004626349010250581
2021,random_forest,1,balanced,PI,Education,0.0021500377556717075,0.001582835547752152
2021,random_forest,1,balanced,PI,Income,0.00477862044059244,0.003029575237094538
2021,logistic_regression,1,balanced,SHAP,HighBP,0.33606594795856864,
2021,logistic_regression,1,balanced,SHAP,HighChol,0.27157147909260193,
2021,logistic_regression,1,balanced,SHAP,CholCheck,0.13990150114713562,
2021,logistic_regression,1,balanced,SHAP,BMI,0.31417447774879553,
2021,logistic_regression,1,balanced,SHAP,Smoker,0.04209269335294014,
2021,logistic_regression,1,balanced,SHAP,Stroke,0.009565637115695858,
2021,logistic_regression,1,balanced,SHAP,HeartDiseaseorAttack,0.04825540604660976,
2021,logistic_regression,1,balanced,SHAP,PhysActivity,0.06294594707397112,
2021,logistic_regression,1,balanced,SHAP,NoDocbcCost,0.0015617190928120762,
2021,logistic_regression,1,balanced,SHAP,GenHlth,0.4593104012071094,
2021,logistic_regression,1,balanced,SHAP,MentHlth,0.026265378769342342,
2021,logistic_regression,1,balanced,SHAP,PhysHlth,0.034208885135404835,
2021,logistic_regression,1,balanced,SHAP,DiffWalk,0.02491178356687392,
2021,logistic_regression,1,balanced,SHAP,Sex,0.14646285403367004,
2021,logistic_regression,1,balanced,SHAP,Age,0.40603372792998443,
2021,logistic_regression,1,balanced,SHAP,Education,0.0302920631891629,
2021,logistic_regression,1,balanced,SHAP,Income,0.10370395201626134,
2021,logistic_regression,1,balanced,PI,HighBP,0.017638161134640007,0.002019345630757529
2021,logistic_regression,1,balanced,PI,HighChol,0.010814410354903348,0.0014068410456621974
2021,logistic_regression,1,balanced,PI,CholCheck,0.006542360221937671,0.0017579665345699045
2021,logistic_regression,1,balanced,PI,BMI,0.03347614005712596,0.0016395045531885563
2021,logistic_regression,1,balanced,PI,Smoker,0.0002451738402442616,0.00024294477540689747
2021,logistic_regression,1,balanced,PI,Stroke,0.0004640336189631666,0.0001708077764346797
2021,logistic_regression,1,balanced,PI,HeartDiseaseorAttack,0.0018686718211365916,0.0005392479007145516
2021,logistic_regression,1,balanced,PI,PhysActivity,0.0014074903969270136,0.00029357951796068777
2021,logistic_regression,1,balanced,PI,NoDocbcCost,2.524705341608868e-05,2.3400852718104402e-05
2021,logistic_regression,1,balanced,PI,GenHlth,0.05005337913260451,0.0033172166752756327
2021,logistic_regression,1,balanced,PI,MentHlth,9.311697691981591e-05,0.00017107997346939066
2021,logistic_regression,1,balanced,PI,PhysHlth,0.0002368716963787487,0.00012809961020838464
2021,logistic_regression,1,balanced,PI,DiffWalk,0.0007034989658229018,0.00011551401179628752
2021,logistic_regression,1,balanced,PI,Sex,0.0020756878098427633,0.0006517956002161184
2021,logistic_regression,1,balanced,PI,Age,0.030479020979021,0.002456113622571961
2021,logistic_regression,1,balanced,PI,Education,0.0002727395843592939,0.00021737093281798989
2021,logistic_regression,1,balanced,PI,Income,0.003818354181030226,0.0005814542981126741
2021,xgboost,2,balanced,SHAP,HighBP,0.4736035168170929,
2021,xgboost,2,balanced,SHAP,HighChol,0.2880447804927826,
2021,xgboost,2,balanced,SHAP,CholCheck,0.07681645452976227,
2021,xgboost,2,balanced,SHAP,BMI,0.3607415556907654,
2021,xgboost,2,balanced,SHAP,Smoker,0.05229175463318825,
2021,xgboost,2,balanced,SHAP,Stroke,0.01874580606818199,
2021,xgboost,2,balanced,SHAP,HeartDiseaseorAttack,0.07041620463132858,
2021,xgboost,2,balanced,SHAP,PhysActivity,0.07661017030477524,
2021,xgboost,2,balanced,SHAP,NoDocbcCost,0.008247096091508865,
2021,xgboost,2,balanced,SHAP,GenHlth,0.5613993406295776,
2021,xgboost,2,balanced,SHAP,MentHlth,0.06775318086147308,
2021,xgboost,2,balanced,SHAP,PhysHlth,0.03359885886311531,
2021,xgboost,2,balanced,SHAP,DiffWalk,0.06364557892084122,
2021,xgboost,2,balanced,SHAP,Sex,0.13255900144577026,
2021,xgboost,2,balanced,SHAP,Age,0.46935123205184937,
2021,xgboost,2,balanced,SHAP,Education,0.0406852588057518,
2021,xgboost,2,balanced,SHAP,Income,0.12687742710113525,
2021,xgboost,2,balanced,PI,HighBP,0.014608243868807191,0.0020551005870006345
2021,xgboost,2,balanced,PI,HighChol,0.014898843527364657,0.0016415534486350118
2021,xgboost,2,balanced,PI,CholCheck,0.008315904166256226,0.0010284777204383792
2021,xgboost,2,balanced,PI,BMI,0.029020277257953263,0.002272800294371462
2021,xgboost,2,balanced,PI,Smoker,0.001379432187530749,0.00023985829464030482
2021,xgboost,2,balanced,PI,Stroke,0.0005317106602317434,0.00023295784507272797
2021,xgboost,2,balanced,PI,HeartDiseaseorAttack,0.0027929265570109997,0.0003941540458138614
2021,xgboost,2,balanced,PI,PhysActivity,0.0019919481926523376,0.00031130259445379636
2021,xgboost,2,balanced,PI,NoDocbcCost,-0.00012621885157103606,0.0001310722892731618
2021,xgboost,2,balanced,PI,GenHlth,0.044421882694769946,0.0031439368394650087
2021,xgboost,2,balanced,PI,MentHlth,0.0017892535867887749,0.0007074049243093264
2021,xgboost,2,balanced,PI,PhysHlth,0.0002622172428510372,0.0005029797163247154
2021,xgboost,2,balanced,PI,DiffWalk,0.0013140984602251326,0.0005758006645209486
2021,xgboost,2,balanced,PI,Sex,0.003848944482747252,0.0007000888171511607
2021,xgboost,2,balanced,PI,Age,0.045093527364654086,0.004718550670960841
2021,xgboost,2,balanced,PI,Education,0.0006313979447781892,0.0002560006839238774
2021,xgboost,2,balanced,PI,Income,0.004446608555763431,0.0007540214539015331
2021,random_forest,2,balanced,SHAP,HighBP,0.07851176383728711,
2021,random_forest,2,balanced,SHAP,HighChol,0.050221315146384525,
2021,random_forest,2,balanced,SHAP,CholCheck,0.008414199523515171,
2021,random_forest,2,balanced,SHAP,BMI,0.06857551797657861,
2021,random_forest,2,balanced,SHAP,Smoker,0.013274276438864112,
2021,random_forest,2,balanced,SHAP,Stroke,0.004805261346717326,
2021,random_forest,2,balanced,SHAP,HeartDiseaseorAttack,0.018470321176767893,
2021,random_forest,2,balanced,SHAP,PhysActivity,0.016612620198483953,
2021,random_forest,2,balanced,SHAP,NoDocbcCost,0.0038560848503307304,
2021,random_forest,2,balanced,SHAP,GenHlth,0.07300757414553191,
2021,random_forest,2,balanced,SHAP,MentHlth,0.025237401796131768,
2021,random_forest,2,balanced,SHAP,PhysHlth,0.02840737243764164,
2021,random_forest,2,balanced,SHAP,DiffWalk,0.022620464437476243,
2021,random_forest,2,balanced,SHAP,Sex,0.018005959456645695,
2021,random_forest,2,balanced,SHAP,Age,0.05799265779549898,
2021,random_forest,2,balanced,SHAP,Education,0.026079298568584278,
2021,random_forest,2,balanced,SHAP,Income,0.04655164597224878,
2021,random_forest,2,balanced,PI,HighBP,0.01867637233658368,0.003380828749923117
2021,random_forest,2,balanced,PI,HighChol,0.014884324009324091,0.0032946217813038916
2021,random_forest,2,balanced,PI,CholCheck,0.0032222906201779923,0.0005444978467527245
2021,random_forest,2,balanced,PI,BMI,0.02465453970911725,0.0029515973460419328
2021,random_forest,2,balanced,PI,Smoker,-0.001381566203749207,0.0015424575847496043
2021,random_forest,2,balanced,PI,Stroke,0.0007395925670574344,0.0004287900545133982
2021,random_forest,2,balanced,PI,HeartDiseaseorAttack,0.005164737844315359,0.0014323758694835596
2021,random_forest,2,balanced,PI,PhysActivity,0.0025560097179816,0.0014893840428583842
2021,random_forest,2,balanced,PI,NoDocbcCost,-9.507863028982433e-05,0.0004599834305397557
2021,random_forest,2,balanced,PI,GenHlth,0.036491915361633764,0.0037294752071096826
2021,random_forest,2,balanced,PI,MentHlth,-0.00464254817951999,0.0020469539322335757
2021,random_forest,2,balanced,PI,PhysHlth,-0.0005974137364981536,0.0016430401802124104
2021,random_forest,2,balanced,PI,DiffWalk,0.002235517416855526,0.0017792538011607627
2021,random_forest,2,balanced,PI,Sex,0.005472778981581883,0.0013474548332169558
2021,random_forest,2,balanced,PI,Age,0.03022577891591984,0.0034157752756502325
2021,random_forest,2,balanced,PI,Education,-0.0016609663810367437,0.0016924195280725001
2021,random_forest,2,balanced,PI,Income,0.003965511014806878,0.0018071016769642034
2021,logistic_regression,2,balanced,SHAP,HighBP,0.33798280193820857,
2021,logistic_regression,2,balanced,SHAP,HighChol,0.2634537242761956,
2021,logistic_regression,2,balanced,SHAP,CholCheck,0.0677825892483632,
2021,logistic_regression,2,balanced,SHAP,BMI,0.3468349738435103,
2021,logistic_regression,2,balanced,SHAP,Smoker,0.04433257321087,
2021,logistic_regression,2,balanced,SHAP,Stroke,0.012130525008927914,
2021,logistic_regression,2,balanced,SHAP,HeartDiseaseorAttack,0.04527971724326657,
2021,logistic_regression,2,balanced,SHAP,PhysActivity,0.06975959550984204,
2021,logistic_regression,2,balanced,SHAP,NoDocbcCost,0.00022762932695225918,
2021,logistic_regression,2,balanced,SHAP,GenHlth,0.4662382389361822,
2021,logistic_regression,2,balanced,SHAP,MentHlth,0.027989490782081305,
2021,logistic_regression,2,balanced,SHAP,PhysHlth,0.0384156952822934,
2021,logistic_regression,2,balanced,SHAP,DiffWalk,0.02921736314743212,
2021,logistic_regression,2,balanced,SHAP,Sex,0.14851936288133802,
2021,logistic_regression,2,balanced,SHAP,Age,0.40698282583282164,
2021,logistic_regression,2,balanced,SHAP,Education,0.033404839808684104,
2021,logistic_regression,2,balanced,SHAP,Income,0.10435172458015916,
2021,logistic_regression,2,balanced,PI,HighBP,0.015998526708033534,0.0020381150272750126
2021,logistic_regression,2,balanced,PI,HighChol,0.015162402738106751,0.0017277496160648408
2021,logistic_regression,2,balanced,PI,CholCheck,0.007707783413769142,0.0011958654623542386
2021,logistic_regression,2,balanced,PI,BMI,0.02962735562559484,0.001535640047359144
2021,logistic_regression,2,balanced,PI,Smoker,0.00034928100068927216,0.00029253207112452323
2021,logistic_regression,2,balanced,PI,Stroke,0.00023907137463459184,0.0001611619356817632
2021,logistic_regression,2,balanced,PI,HeartDiseaseorAttack,0.0018996027446729902,0.00038675093455921484
2021,logistic_regression,2,balanced,PI,PhysActivity,0.0013687785219473447,0.00030434544190055757
2021,logistic_regression,2,balanced,PI,NoDocbcCost,-4.185954890367771e-06,3.0891594255929736e-06
2021,logistic_regression,2,balanced,PI,GenHlth,0.04872196230999032,0.0035153235943266078
2021,logistic_regression,2,balanced,PI,MentHlth,0.00041410584720423803,0.00018683225761606986
2021,logistic_regression,2,balanced,PI,PhysHlth,-0.00024473472536872264,0.0002686887785203621
2021,logistic_regression,2,balanced,PI,DiffWalk,0.0001801561114939676,0.00024608012916023804
2021,logistic_regression,2,balanced,PI,Sex,0.0034110730818475155,0.000645947851335052
2021,logistic_regression,2,balanced,PI,Age,0.029247841360517224,0.0023870136637850876
2021,logistic_regression,2,balanced,PI,Education,0.0003352621556844904,0.00015492628363122585
2021,logistic_regression,2,balanced,PI,Income,0.001714554811385549,0.0007114233310702706
2023,xgboost,0,balanced,SHAP,HighBP,0.478628009557724,
2023,xgboost,0,balanced,SHAP,HighChol,0.2841646075248718,
2023,xgboost,0,balanced,SHAP,CholCheck,0.07777424156665802,
2023,xgboost,0,balanced,SHAP,BMI,0.3434032201766968,
2023,xgboost,0,balanced,SHAP,Smoker,0.04915941506624222,
2023,xgboost,0,balanced,SHAP,Stroke,0.021974680945277214,
2023,xgboost,0,balanced,SHAP,HeartDiseaseorAttack,0.06766455620527267,
2023,xgboost,0,balanced,SHAP,PhysActivity,0.08599074184894562,
2023,xgboost,0,balanced,SHAP,NoDocbcCost,0.0067120930179953575,
2023,xgboost,0,balanced,SHAP,GenHlth,0.513148844242096,
2023,xgboost,0,balanced,SHAP,MentHlth,0.0884767696261406,
2023,xgboost,0,balanced,SHAP,PhysHlth,0.03128138557076454,
2023,xgboost,0,balanced,SHAP,DiffWalk,0.06626318395137787,
2023,xgboost,0,balanced,SHAP,Sex,0.12542997300624847,
2023,xgboost,0,balanced,SHAP,Age,0.4618554413318634,
2023,xgboost,0,balanced,SHAP,Education,0.05696234107017517,
2023,xgboost,0,balanced,SHAP,Income,0.12021797150373459,
2023,xgboost,0,balanced,PI,HighBP,0.020051346054445807,0.001306929651397836
2023,xgboost,0,balanced,PI,HighChol,0.0127852620889503,0.0014752854696101925
2023,xgboost,0,balanced,PI,CholCheck,0.008153113833416737,0.001754248069560707
2023,xgboost,0,balanced,PI,BMI,0.026914335493467757,0.002532411151740024
2023,xgboost,0,balanced,PI,Smoker,0.0007032574097804223,0.000366548396963868
2023,xgboost,0,balanced,PI,Stroke,0.0008228362844916792,0.00026079557903961224
2023,xgboost,0,balanced,PI,HeartDiseaseorAttack,0.0020305777118083236,0.0004706206373193523
2023,xgboost,0,balanced,PI,PhysActivity,0.0020286109671768136,0.0005166657267183165
2023,xgboost,0,balanced,PI,NoDocbcCost,-0.0002932612519423561,0.00012612997426704207
2023,xgboost,0,balanced,PI,GenHlth,0.04718417445914116,0.0022916852232795176
2023,xgboost,0,balanced,PI,MentHlth,0.00048559365565823407,0.00046175284265998796
2023,xgboost,0,balanced,PI,PhysHlth,0.0008077352106410807,0.0002979790187792576
2023,xgboost,0,balanced,PI,DiffWalk,0.001835381311327522,0.0003941915305738805
2023,xgboost,0,balanced,PI,Sex,0.00331245059104871,0.00045980498023206665
2023,xgboost,0,balanced,PI,Age,0.043427507955902535,0.002688055592701122
2023,xgboost,0,balanced,PI,Education,0.00029103013837863403,0.00031548743562825524
2023,xgboost,0,balanced,PI,Income,0.003509513596414027,0.0011074775389920716
2023,random_forest,0,balanced,SHAP,HighBP,0.07495683952942332,
2023,random_forest,0,balanced,SHAP,HighChol,0.04716492722178555,
2023,random_forest,0,balanced,SHAP,CholCheck,0.0036016577416995415,
2023,random_forest,0,balanced,SHAP,BMI,0.0754525369283807,
2023,random_forest,0,balanced,SHAP,Smoker,0.014400098089526536,
2023,random_forest,0,balanced,SHAP,Stroke,0.004532212273276733,
2023,random_forest,0,balanced,SHAP,HeartDiseaseorAttack,0.013808447376749794,
2023,random_forest,0,balanced,SHAP,PhysActivity,0.01838881671115834,
2023,random_forest,0,balanced,SHAP,NoDocbcCost,0.004346605843673962,
2023,random_forest,0,balanced,SHAP,GenHlth,0.07434548598550189,
2023,random_forest,0,balanced,SHAP,MentHlth,0.0259938868828591,
2023,random_forest,0,balanced,SHAP,PhysHlth,0.03106217158049337,
2023,random_forest,0,balanced,SHAP,DiffWalk,0.0207539872848662,
2023,random_forest,0,balanced,SHAP,Sex,0.0179415788792251,
2023,random_forest,0,balanced,SHAP,Age,0.06332195590605538,
2023,random_forest,0,balanced,SHAP,Education,0.024381478395291412,
2023,random_forest,0,balanced,SHAP,Income,0.036856791065138776,
2023,random_forest,0,balanced,PI,HighBP,0.022069662655629096,0.0029247213125094657
2023,random_forest,0,balanced,PI,HighChol,0.009434790438752994,0.0025316897667047237
2023,random_forest,0,balanced,PI,CholCheck,0.002628540180392458,0.0008631240953540147
2023,random_forest,0,balanced,PI,BMI,0.02093416204181251,0.0032522197230578755
2023,random_forest,0,balanced,PI,Smoker,-0.0006590477142662587,0.0015408898709271608
2023,random_forest,0,balanced,PI,Stroke,0.0013913857065811941,0.0006887883232380088
2023,random_forest,0,balanced,PI,HeartDiseaseorAttack,0.0042601290953550915,0.0010490904849455428
2023,random_forest,0,balanced,PI,PhysActivity,0.0010352447046902192,0.0017114508623784373
2023,random_forest,0,balanced,PI,NoDocbcCost,-0.002101368501771661,0.0006654372753525327
2023,random_forest,0,balanced,PI,GenHlth,0.0441501043536275,0.0032238500069400053
2023,random_forest,0,balanced,PI,MentHlth,-0.0041696147808189645,0.0017176625426029834
2023,random_forest,0,balanced,PI,PhysHlth,-0.002969055376158591,0.0017935413505360894
2023,random_forest,0,balanced,PI,DiffWalk,0.00402163226826292,0.0016951669592668822
2023,random_forest,0,balanced,PI,Sex,0.0021137537856828923,0.0019024968037729467
2023,random_forest,0,balanced,PI,Age,0.030038903891158143,0.0035984817833506523
2023,random_forest,0,balanced,PI,Education,-0.00016116490885369482,0.001673183200982413
2023,random_forest,0,balanced,PI,Income,0.0015540567172299346,0.0034444786337149975
2023,logistic_regression,0,balanced,SHAP,HighBP,0.34159991545779794,
2023,logistic_regression,0,balanced,SHAP,HighChol,0.2757215633673307,
2023,logistic_regression,0,balanced,SHAP,CholCheck,0.12213537132353154,
2023,logistic_regression,0,balanced,SHAP,BMI,0.31588157752141455,
2023,logistic_regression,0,balanced,SHAP,Smoker,0.043113304092050206,
2023,logistic_regression,0,balanced,SHAP,Stroke,0.014319454311286601,
2023,logistic_regression,0,balanced,SHAP,HeartDiseaseorAttack,0.04775595163419652,
2023,logistic_regression,0,balanced,SHAP,PhysActivity,0.08511878601521607,
2023,logistic_regression,0,balanced,SHAP,NoDocbcCost,0.0029150112998349155,
2023,logistic_regression,0,balanced,SHAP,GenHlth,0.427519728959502,
2023,logistic_regression,0,balanced,SHAP,MentHlth,0.03404657491073869,
2023,logistic_regression,0,balanced,SHAP,PhysHlth,0.030005241864100078,
2023,logistic_regression,0,balanced,SHAP,DiffWalk,0.03232696100130103,
2023,logistic_regression,0,balanced,SHAP,Sex,0.13973621946592954,
2023,logistic_regression,0,balanced,SHAP,Age,0.41358162701535583,
2023,logistic_regression,0,balanced,SHAP,Education,0.05075661724569588,
2023,logistic_regression,0,balanced,SHAP,Income,0.08780215359621261,
2023,logistic_regression,0,balanced,PI,HighBP,0.021614407337727893,0.001761810261247603
2023,logistic_regression,0,balanced,PI,HighChol,0.011825799139214666,0.0012393025811618908
2023,logistic_regression,0,balanced,PI,CholCheck,0.007247746375021224,0.0016645319697424807
2023,logistic_regression,0,balanced,PI,BMI,0.02782406904483341,0.0027252234748316316
2023,logistic_regression,0,balanced,PI,Smoker,0.0002634396352798163,0.00018029284536878105
2023,logistic_regression,0,balanced,PI,Stroke,0.0006875514918578852,0.0001677566978738505
2023,logistic_regression,0,balanced,PI,HeartDiseaseorAttack,0.0011155127203113957,0.0003103601325104455
2023,logistic_regression,0,balanced,PI,PhysActivity,0.0011633194355386456,0.00044120978629204306
2023,logistic_regression,0,balanced,PI,NoDocbcCost,-2.481462931152034e-05,4.0679210725498135e-05
2023,logistic_regression,0,balanced,PI,GenHlth,0.05263536971113926,0.002410887977208244
2023,logistic_regression,0,balanced,PI,MentHlth,0.00027357778326803084,0.0001676167699326976
2023,logistic_regression,0,balanced,PI,PhysHlth,0.0004551752061035641,0.00024715768479879126
2023,logistic_regression,0,balanced,PI,DiffWalk,0.00043466258032405226,0.00025589426478785787
2023,logistic_regression,0,balanced,PI,Sex,0.0027954771442643246,0.00030256589169899944
2023,logistic_regression,0,balanced,PI,Age,0.03302741441736769,0.002348704804438136
2023,logistic_regression,0,balanced,PI,Education,0.0005609668404451429,0.0003433667897903026
2023,logistic_regression,0,balanced,PI,Income,0.0016248435016033569,0.0005804044002075834
2023,xgboost,1,balanced,SHAP,HighBP,0.49284616112709045,
2023,xgboost,1,balanced,SHAP,HighChol,0.2871207892894745,
2023,xgboost,1,balanced,SHAP,CholCheck,0.07530518621206284,
2023,xgboost,1,balanced,SHAP,BMI,0.35663509368896484,
2023,xgboost,1,balanced,SHAP,Smoker,0.04735894501209259,
2023,xgboost,1,balanced,SHAP,Stroke,0.02380242943763733,
2023,xgboost,1,balanced,SHAP,HeartDiseaseorAttack,0.06879661977291107,
2023,xgboost,1,balanced,SHAP,PhysActivity,0.07722689211368561,
2023,xgboost,1,balanced,SHAP,NoDocbcCost,0.00923928339034319,
2023,xgboost,1,balanced,SHAP,GenHlth,0.5247830748558044,
2023,xgboost,1,balanced,SHAP,MentHlth,0.08475644886493683,
2023,xgboost,1,balanced,SHAP,PhysHlth,0.03575228527188301,
2023,xgboost,1,balanced,SHAP,DiffWalk,0.07238410413265228,
2023,xgboost,1,balanced,SHAP,Sex,0.12474644184112549,
2023,xgboost,1,balanced,SHAP,Age,0.47188517451286316,
2023,xgboost,1,balanced,SHAP,Education,0.07037349045276642,
2023,xgboost,1,balanced,SHAP,Income,0.11805907636880875,
2023,xgboost,1,balanced,PI,HighBP,0.018990557703085754,0.002339266540927232
2023,xgboost,1,balanced,PI,HighChol,0.014252393500177318,0.0013691028916861148
2023,xgboost,1,balanced,PI,CholCheck,0.005344113817714835,0.0018026268423915
2023,xgboost,1,balanced,PI,BMI,0.027340177764874428,0.0023085054484462855
2023,xgboost,1,balanced,PI,Smoker,0.0014629776145205554,0.0006790694109025748
2023,xgboost,1,balanced,PI,Stroke,0.00045294809812984616,0.0003809449613780985
2023,xgboost,1,balanced,PI,HeartDiseaseorAttack,0.0012355602490386254,0.0005553881581786221
2023,xgboost,1,balanced,PI,PhysActivity,0.002525071788181776,0.0005436181223688172
2023,xgboost,1,balanced,PI,NoDocbcCost,0.00013143542075836346,0.00019997625526052939
2023,xgboost,1,balanced,PI,GenHlth,0.04545434444676226,0.0038580581942708777
2023,xgboost,1,balanced,PI,MentHlth,0.0021822293446950524,0.0006438084930186384
2023,xgboost,1,balanced,PI,PhysHlth,0.000626470251765665,0.00046558929221229427
2023,xgboost,1,balanced,PI,DiffWalk,0.0016222959464390896,0.0004368567101815207
2023,xgboost,1,balanced,PI,Sex,0.003003367259077361,0.000616790341103831
2023,xgboost,1,balanced,PI,Age,0.04714516001370226,0.003138088303674551
2023,xgboost,1,balanced,PI,Education,0.00026756539285700543,0.00026512826512525725
2023,xgboost,1,balanced,PI,Income,0.002097527141075839,0.0006677091421688806
2023,random_forest,1,balanced,SHAP,HighBP,0.07722882193126285,
2023,random_forest,1,balanced,SHAP,HighChol,0.04800042566373821,
2023,random_forest,1,balanced,SHAP,CholCheck,0.006478375391494594,
2023,random_forest,1,balanced,SHAP,BMI,0.07657444258203502,
2023,random_forest,1,balanced,SHAP,Smoker,0.01243709864279614,
2023,random_forest,1,balanced,SHAP,Stroke,0.00505724255799127,
2023,random_forest,1,balanced,SHAP,HeartDiseaseorAttack,0.015039066903553729,
2023,random_forest,1,balanced,SHAP,PhysActivity,0.017232114737478644,
2023,random_forest,1,balanced,SHAP,NoDocbcCost,0.0042235002205088575,
2023,random_forest,1,balanced,SHAP,GenHlth,0.06940522513191723,
2023,random_forest,1,balanced,SHAP,MentHlth,0.027693113649130345,
2023,random_forest,1,balanced,SHAP,PhysHlth,0.029839389926816198,
2023,random_forest,1,balanced,SHAP,DiffWalk,0.02325198417084248,
2023,random_forest,1,balanced,SHAP,Sex,0.016407797947734466,
2023,random_forest,1,balanced,SHAP,Age,0.07419110567206504,
2023,random_forest,1,balanced,SHAP,Education,0.023435548954370996,
2023,random_forest,1,balanced,SHAP,Income,0.03524333443042467,
2023,random_forest,1,balanced,PI,HighBP,0.02504131365403056,0.003238817520160569
2023,random_forest,1,balanced,PI,HighChol,0.013201366771356882,0.003100703813136681
2023,random_forest,1,balanced,PI,CholCheck,0.002083127045454525,0.0008591480213968391
2023,random_forest,1,balanced,PI,BMI,0.025073526607851927,0.0037145123821724414
2023,random_forest,1,balanced,PI,Smoker,0.004406793768840389,0.002469650209744973
2023,random_forest,1,balanced,PI,Stroke,0.0016506354948458645,0.0008700364705132857
2023,random_forest,1,balanced,PI,HeartDiseaseorAttack,0.006018278628191343,0.0010235855796399162
2023,random_forest,1,balanced,PI,PhysActivity,0.0023074280620092426,0.001424718984457733
2023,random_forest,1,balanced,PI,NoDocbcCost,-0.0005394888675042786,0.0005071251722765865
2023,random_forest,1,balanced,PI,GenHlth,0.04122988112370587,0.0038380487358547137
2023,random_forest,1,balanced,PI,MentHlth,-0.0005079768919120875,0.0019668913057279526
2023,random_forest,1,balanced,PI,PhysHlth,-0.00050811708755788,0.002178210757211048
2023,random_forest,1,balanced,PI,DiffWalk,0.0023236707289757907,0.0015282369132349693
2023,random_forest,1,balanced,PI,Sex,0.0005237028377842679,0.0020875818770043288
2023,random_forest,1,balanced,PI,Age,0.030085881449280216,0.004275638947792802
2023,random_forest,1,balanced,PI,Education,-0.0014370774703513444,0.002777899499914356
2023,random_forest,1,balanced,PI,Income,0.0013508611537573878,0.0027852059921885473
2023,logistic_regression,1,balanced,SHAP,HighBP,0.3439192101414788,
2023,logistic_regression,1,balanced,SHAP,HighChol,0.27891292391898487,
2023,logistic_regression,1,balanced,SHAP,CholCheck,0.07700270629952875,
2023,logistic_regression,1,balanced,SHAP,BMI,0.34544990577811996,
2023,logistic_regression,1,balanced,SHAP,Smoker,0.038485743532764786,
2023,logistic_regression,1,balanced,SHAP,Stroke,0.021026131270234137,
2023,logistic_regression,1,balanced,SHAP,HeartDiseaseorAttack,0.03884142640045215,
2023,logistic_regression,1,balanced,SHAP,PhysActivity,0.07435928863270966,
2023,logistic_regression,1,balanced,SHAP,NoDocbcCost,0.0003592631064854865,
2023,logistic_regression,1,balanced,SHAP,GenHlth,0.4452197462701377,
2023,logistic_regression,1,balanced,SHAP,MentHlth,0.03357859761197144,
2023,logistic_regression,1,balanced,SHAP,PhysHlth,0.03947260000531631,
2023,logistic_regression,1,balanced,SHAP,DiffWalk,0.045229245738594506,
2023,logistic_regression,1,balanced,SHAP,Sex,0.13954638789161036,
2023,logistic_regression,1,balanced,SHAP,Age,0.4264608207613965,
2023,logistic_regression,1,balanced,SHAP,Education,0.04954850718444673,
2023,logistic_regression,1,balanced,SHAP,Income,0.0939477178448715,
2023,logistic_regression,1,balanced,PI,HighBP,0.020626961337085147,0.0025209564284372327
2023,logistic_regression,1,balanced,PI,HighChol,0.01415607508590393,0.0017620519521292684
2023,logistic_regression,1,balanced,PI,CholCheck,0.004730377336180225,0.0016523287898054845
2023,logistic_regression,1,balanced,PI,BMI,0.02899428610614687,0.002103499275984125
2023,logistic_regression,1,balanced,PI,Smoker,0.0003009479789235936,0.00018542229801585435
2023,logistic_regression,1,balanced,PI,Stroke,0.00010376080027204581,0.00022728820167162715
2023,logistic_regression,1,balanced,PI,HeartDiseaseorAttack,0.0009165831100617639,0.0004107986824318672
2023,logistic_regression,1,balanced,PI,PhysActivity,0.002053549769774765,0.00039345027238501336
2023,logistic_regression,1,balanced,PI,NoDocbcCost,2.3793203892230606e-06,4.524231760515568e-06
2023,logistic_regression,1,balanced,PI,GenHlth,0.05022282295388867,0.0035664745132116867
2023,logistic_regression,1,balanced,PI,MentHlth,0.00038061115047274276,0.00023116557797371132
2023,logistic_regression,1,balanced,PI,PhysHlth,-5.214476906808541e-05,0.0002372705651642932
2023,logistic_regression,1,balanced,PI,DiffWalk,0.0005398774097228442,0.0002763897923513627
2023,logistic_regression,1,balanced,PI,Sex,0.0026380814954886423,0.0008463503277807696
2023,logistic_regression,1,balanced,PI,Age,0.0332863637863912,0.0035446813405425356
2023,logistic_regression,1,balanced,PI,Education,0.0006843750590825204,0.0002579556189897231
2023,logistic_regression,1,balanced,PI,Income,0.0009910830762546174,0.0005292832960824487
2023,xgboost,2,balanced,SHAP,HighBP,0.46140947937965393,
2023,xgboost,2,balanced,SHAP,HighChol,0.2731369733810425,
2023,xgboost,2,balanced,SHAP,CholCheck,0.07388118654489517,
2023,xgboost,2,balanced,SHAP,BMI,0.3562978208065033,
2023,xgboost,2,balanced,SHAP,Smoker,0.050244178622961044,
2023,xgboost,2,balanced,SHAP,Stroke,0.022919584065675735,
2023,xgboost,2,balanced,SHAP,HeartDiseaseorAttack,0.06630539149045944,
2023,xgboost,2,balanced,SHAP,PhysActivity,0.08269788324832916,
2023,xgboost,2,balanced,SHAP,NoDocbcCost,0.007914969697594643,
2023,xgboost,2,balanced,SHAP,GenHlth,0.5514184236526489,
2023,xgboost,2,balanced,SHAP,MentHlth,0.08964613825082779,
2023,xgboost,2,balanced,SHAP,PhysHlth,0.032800789922475815,
2023,xgboost,2,balanced,SHAP,DiffWalk,0.07217931002378464,
2023,xgboost,2,balanced,SHAP,Sex,0.1207173764705658,
2023,xgboost,2,balanced,SHAP,Age,0.4520094692707062,
2023,xgboost,2,balanced,SHAP,Education,0.06693104654550552,
2023,xgboost,2,balanced,SHAP,Income,0.11623644828796387,
2023,xgboost,2,balanced,PI,HighBP,0.020261258992148666,0.0017655019239454176
2023,xgboost,2,balanced,PI,HighChol,0.01506598087763431,0.0013174100517562878
2023,xgboost,2,balanced,PI,CholCheck,0.006672159131511124,0.0014676472191255706
2023,xgboost,2,balanced,PI,BMI,0.024891216190017385,0.0018548076885910813
2023,xgboost,2,balanced,PI,Smoker,0.0011411004284698212,0.0003486756101740276
2023,xgboost,2,balanced,PI,Stroke,0.00017036174321979347,0.0002951089481449507
2023,xgboost,2,balanced,PI,HeartDiseaseorAttack,0.0021160650110441325,0.0006708445848162353
2023,xgboost,2,balanced,PI,PhysActivity,0.002664069762635113,0.0007820256402963864
2023,xgboost,2,balanced,PI,NoDocbcCost,-3.49367549403401e-05,0.00015209737235263797
2023,xgboost,2,balanced,PI,GenHlth,0.048481969558157735,0.0028767007104370727
2023,xgboost,2,balanced,PI,MentHlth,0.0013853733161700687,0.0006325572345964644
2023,xgboost,2,balanced,PI,PhysHlth,0.001318063383813295,0.0003396590058874634
2023,xgboost,2,balanced,PI,DiffWalk,0.002075824855101727,0.000564746724837796
2023,xgboost,2,balanced,PI,Sex,0.0040634666489779096,0.0008518996640058437
2023,xgboost,2,balanced,PI,Age,0.05020905173587836,0.0018123609318487681
2023,xgboost,2,balanced,PI,Education,0.00043452238467817095,0.00041236036543763053
2023,xgboost,2,balanced,PI,Income,0.004049683414198091,0.000733515816493845
2023,random_forest,2,balanced,SHAP,HighBP,0.07373623734071263,
2023,random_forest,2,balanced,SHAP,HighChol,0.046086863260147,
2023,random_forest,2,balanced,SHAP,CholCheck,0.0075891446362855945,
2023,random_forest,2,balanced,SHAP,BMI,0.07624584752661125,
2023,random_forest,2,balanced,SHAP,Smoker,0.012539256586251745,
2023,random_forest,2,balanced,SHAP,Stroke,0.004547285894245354,
2023,random_forest,2,balanced,SHAP,HeartDiseaseorAttack,0.016214306140724225,
2023,random_forest,2,balanced,SHAP,PhysActivity,0.017024463269262956,
2023,random_forest,2,balanced,SHAP,NoDocbcCost,0.00427776062598936,
2023,random_forest,2,balanced,SHAP,GenHlth,0.07346003393039285,
2023,random_forest,2,balanced,SHAP,MentHlth,0.025858975146634725,
2023,random_forest,2,balanced,SHAP,PhysHlth,0.0300661796306529,
2023,random_forest,2,balanced,SHAP,DiffWalk,0.024001371457379794,
2023,random_forest,2,balanced,SHAP,Sex,0.016809673826562788,
2023,random_forest,2,balanced,SHAP,Age,0.06274823936820986,
2023,random_forest,2,balanced,SHAP,Education,0.024134950477981313,
2023,random_forest,2,balanced,SHAP,Income,0.034889937099823576,
2023,random_forest,2,balanced,PI,HighBP,0.023822032122267245,0.0031631709087718025
2023,random_forest,2,balanced,PI,HighChol,0.01686380577823964,0.0025825787417233853
2023,random_forest,2,balanced,PI,CholCheck,0.002445388588683273,0.0008617475111428497
2023,random_forest,2,balanced,PI,BMI,0.022117909985743357,0.0032875305123662903
2023,random_forest,2,balanced,PI,Smoker,-0.000700818005543069,0.002829746063466795
2023,random_forest,2,balanced,PI,Stroke,0.001521375109392642,0.000752996803361016
2023,random_forest,2,balanced,PI,HeartDiseaseorAttack,0.00514446720687658,0.001388006104376684
2023,random_forest,2,balanced,PI,PhysActivity,0.002063964303464749,0.0015472244709919419
2023,random_forest,2,balanced,PI,NoDocbcCost,-0.001371413835435642,0.0006205418233991117
2023,random_forest,2,balanced,PI,GenHlth,0.04225477137855423,0.0042966056289632055
2023,random_forest,2,balanced,PI,MentHlth,-0.0010286755372857837,0.0014422752664908151
2023,random_forest,2,balanced,PI,PhysHlth,-0.0021251456833039305,0.0013328908204764975
2023,random_forest,2,balanced,PI,DiffWalk,0.005253403229274522,0.0016296359836094445
2023,random_forest,2,balanced,PI,Sex,0.0026912036284876483,0.0022055717234691617
2023,random_forest,2,balanced,PI,Age,0.0327857011016013,0.002978970614954462
2023,random_forest,2,balanced,PI,Education,-0.003478654531972436,0.0031746455926163065
2023,random_forest,2,balanced,PI,Income,0.0018214899256210559,0.003250875897103324
2023,logistic_regression,2,balanced,SHAP,HighBP,0.34485831280709695,
2023,logistic_regression,2,balanced,SHAP,HighChol,0.2732113455888198,
2023,logistic_regression,2,balanced,SHAP,CholCheck,0.08761341184633352,
2023,logistic_regression,2,balanced,SHAP,BMI,0.31278007490398996,
2023,logistic_regression,2,balanced,SHAP,Smoker,0.04101986740995861,
2023,logistic_regression,2,balanced,SHAP,Stroke,0.017384703939035594,
2023,logistic_regression,2,balanced,SHAP,HeartDiseaseorAttack,0.03519642501612562,
2023,logistic_regression,2,balanced,SHAP,PhysActivity,0.07318749935144157,
2023,logistic_regression,2,balanced,SHAP,NoDocbcCost,0.00041342634577766594,
2023,logistic_regression,2,balanced,SHAP,GenHlth,0.44946598713208435,
2023,logistic_regression,2,balanced,SHAP,MentHlth,0.0391372277759539,
2023,logistic_regression,2,balanced,SHAP,PhysHlth,0.03431095630500696,
2023,logistic_regression,2,balanced,SHAP,DiffWalk,0.03303815207835313,
2023,logistic_regression,2,balanced,SHAP,Sex,0.13266850977602393,
2023,logistic_regression,2,balanced,SHAP,Age,0.4053614154242554,
2023,logistic_regression,2,balanced,SHAP,Education,0.054833549584549626,
2023,logistic_regression,2,balanced,SHAP,Income,0.0902847042121379,
2023,logistic_regression,2,balanced,PI,HighBP,0.02215419662447332,0.0019276029854187649
2023,logistic_regression,2,balanced,PI,HighChol,0.014444593719427256,0.0010496348465849868
2023,logistic_regression,2,balanced,PI,CholCheck,0.006468186483601512,0.0015737306468689687
2023,logistic_regression,2,balanced,PI,BMI,0.02731650472867888,0.0020852272288419856
2023,logistic_regression,2,balanced,PI,Smoker,0.00032359958969936377,0.00027006088723507537
2023,logistic_regression,2,balanced,PI,Stroke,0.00019653827309078497,0.00025159950250872915
2023,logistic_regression,2,balanced,PI,HeartDiseaseorAttack,0.0017133430044294796,0.00047141899445705634
2023,logistic_regression,2,balanced,PI,PhysActivity,0.0017081277264047179,0.0005676772894363504
2023,logistic_regression,2,balanced,PI,NoDocbcCost,6.553145044907449e-06,5.45767170258292e-06
2023,logistic_regression,2,balanced,PI,GenHlth,0.054518113117217284,0.002401332687023384
2023,logistic_regression,2,balanced,PI,MentHlth,-3.4279838199891e-05,0.0002546845923633544
2023,logistic_regression,2,balanced,PI,PhysHlth,0.00011937859521711225,0.0002485965068067062
2023,logistic_regression,2,balanced,PI,DiffWalk,0.0006612547942904335,0.00026539780685894094
2023,logistic_regression,2,balanced,PI,Sex,0.0036626392863768676,0.0007647491397084319
2023,logistic_regression,2,balanced,PI,Age,0.0364126746156796,0.0015284681266131478
2023,logistic_regression,2,balanced,PI,Education,0.0004790044603043553,0.00040324548519803886
2023,logistic_regression,2,balanced,PI,Income,0.0018625031604103336,0.0005607794695853406
