feature,type,cdc_brfss_diabetes_2015,cdc_brfss_diabetes_2021,cdc_brfss_diabetes_2023
Age,ordinal,8.03,7.86,7.97
BMI,continuous,28.38,28.95,28.81
CholCheck,binary,96.27%,96.33%,96.53%
Diabetes_binary,binary,13.93%,14.20%,14.62%
DiffWalk,binary,16.82%,15.39%,15.34%
Education,ordinal,5.05,5.14,5.12
GenHlth,ordinal,2.51,2.48,2.58
HeartDiseaseorAttack,binary,9.42%,8.65%,8.88%
HighBP,binary,42.90%,41.86%,42.99%
HighChol,binary,42.41%,40.21%,41.91%
Income,ordinal,6.05,6.93,4.64
MentHlth,continuous,3.18,3.94,4.20
NoDocbcCost,binary,8.42%,6.37%,7.41%
PhysActivity,binary,75.65%,77.92%,77.48%
PhysHlth,continuous,4.24,3.75,4.41
Sex,binary,44.03%,47.78%,48.49%
Smoker,binary,44.32%,41.20%,39.74%
Stroke,binary,4.06%,3.89%,4.21%
