feature,cdc_brfss_diabetes_2015,cdc_brfss_diabetes_2021,cdc_brfss_diabetes_2023
GenHlth,0.2936,0.2789,0.2663
HighBP,0.2631,0.2603,0.256
DiffWalk,0.2183,0.2096,0.2078
BMI,0.2168,0.2008,0.1926
HighChol,0.2003,0.197,0.1917
Age,0.1774,0.1909,0.1925
HeartDiseaseorAttack,0.1773,0.1753,0.1679
PhysHlth,0.1713,0.1601,0.1541
Income,-0.1639,-0.1515,-0.1457
PhysActivity,-0.1181,-0.148,-0.1527
Education,-0.1245,-0.1023,-0.1039
Stroke,0.1058,0.1016,0.1019
CholCheck,0.0648,0.0686,0.067
Smoker,0.0608,0.057,0.0556
MentHlth,0.0693,0.0361,0.0333
Sex,0.0314,0.0346,0.0331
NoDocbcCost,0.0314,0.0133,0.0056
