cycle,weighting,method,model,domain,diff,p,q_bh
2017-2020,unweighted,PI,logistic_regression,Body size,-0.06169856379762543,0.0007777461613280328,0.006999715451952295
2017-2020,unweighted,PI,logistic_regression,Demographic,-0.004959658107723708,0.7212400524298044,0.8363808369031444
2017-2020,unweighted,PI,logistic_regression,Health status and activity,0.029245604386146772,0.10027379657563815,0.2005475931512763
2017-2020,unweighted,PI,logistic_regression,Self-reported comorbidity diagnoses,0.05652721382756656,3.113040452637988e-05,0.0005603472814748378
2017-2020,unweighted,PI,logistic_regression,Smoking,-0.015239906790267094,0.002004766291644024,0.012028597749864143
2017-2020,unweighted,PI,logistic_regression,Socioeconomic and access,-0.0038746895180971587,0.4686431000853129,0.7029646501279694
2017-2020,unweighted,PI,random_forest,Body size,-0.04518631902327727,0.016176726115874337,0.0637024413688901
2017-2020,unweighted,PI,random_forest,Demographic,0.005850734006530339,0.8305298928194094,0.8543318268741608
2017-2020,unweighted,PI,random_forest,Health status and activity,-0.004742455006767343,0.8543318268741608,0.8543318268741608
2017-2020,unweighted,PI,random_forest,Self-reported comorbidity diagnoses,0.05299297501847135,0.01769512260246947,0.0637024413688901
2017-2020,unweighted,PI,random_forest,Smoking,-0.004110546669510179,0.5215015323078225,0.722079044733908
2017-2020,unweighted,PI,random_forest,Socioeconomic and access,-0.004804388325446901,0.743449632802795,0.8363808369031444
2017-2020,unweighted,PI,xgboost,Body size,-0.047779045486903246,0.030587964749180848,0.09176389424754254
2017-2020,unweighted,PI,xgboost,Demographic,0.007744564336129978,0.6538730283329439,0.8363808369031444
2017-2020,unweighted,PI,xgboost,Health status and activity,0.024795302817385317,0.16939046907043243,0.3049028443267784
2017-2020,unweighted,PI,xgboost,Self-reported comorbidity diagnoses,0.018911535465322336,0.049501126108765864,0.1143361201601795
2017-2020,unweighted,PI,xgboost,Smoking,-0.012001742116834675,0.05081605340452422,0.1143361201601795
2017-2020,unweighted,PI,xgboost,Socioeconomic and access,0.008329384984900337,0.18995020904779003,0.3108276148054746
2017-2020,unweighted,SHAP,logistic_regression,Body size,-0.023718355269222863,0.0014013207609681988,0.0028026415219363976
2017-2020,unweighted,SHAP,logistic_regression,Demographic,-0.007967596508969966,0.4815797907387273,0.5099080137233584
2017-2020,unweighted,SHAP,logistic_regression,Health status and activity,0.025129977695898108,0.008902552708532047,0.01456781352305244
2017-2020,unweighted,SHAP,logistic_regression,Self-reported comorbidity diagnoses,0.05055101178704933,2.1676821168236552e-05,6.503046350470965e-05
2017-2020,unweighted,SHAP,logistic_regression,Smoking,-0.031574858887177766,0.00014185695200505125,0.0003191781420113653
2017-2020,unweighted,SHAP,logistic_regression,Socioeconomic and access,-0.012420178817576845,0.2795773723579876,0.3354928468295851
2017-2020,unweighted,SHAP,random_forest,Body size,-0.03275456151075076,9.662952070074468e-08,9.294403669739883e-07
2017-2020,unweighted,SHAP,random_forest,Demographic,0.005698287715133488,0.20731170550143022,0.26654362135898174
2017-2020,unweighted,SHAP,random_forest,Health status and activity,-0.0025988564103867073,0.4215957496738222,0.47429521838304994
2017-2020,unweighted,SHAP,random_forest,Self-reported comorbidity diagnoses,0.058553046469397255,3.4296332384704786e-07,1.5433349573117153e-06
2017-2020,unweighted,SHAP,random_forest,Smoking,-0.005771681957036106,1.032711518859987e-07,9.294403669739883e-07
2017-2020,unweighted,SHAP,random_forest,Socioeconomic and access,-0.023126234306357157,2.1459727602007446e-07,1.2875836561204468e-06
2017-2020,unweighted,SHAP,xgboost,Body size,-0.0259529958728028,0.001932628526743737,0.0034787313481387267
2017-2020,unweighted,SHAP,xgboost,Demographic,-0.011878410769560931,0.14093467108403832,0.19514031380866842
2017-2020,unweighted,SHAP,xgboost,Health status and activity,0.015608975416713397,0.039705167823903355,0.059557751735855036
2017-2020,unweighted,SHAP,xgboost,Self-reported comorbidity diagnoses,0.03765387226962662,1.435921445985321e-05,5.1693172055471556e-05
2017-2020,unweighted,SHAP,xgboost,Smoking,-0.016622225319903823,0.00010301751238862261,0.00026490217471360103
2017-2020,unweighted,SHAP,xgboost,Socioeconomic and access,0.0011907842759275394,0.7787419099299404,0.7787419099299404
2017-2020,weighted,PI,logistic_regression,Body size,-0.05172416205556586,0.017221268712005237,0.13760337639735398
2017-2020,weighted,PI,logistic_regression,Demographic,-0.009683848731284406,0.6979242035625913,0.8375090442751095
2017-2020,weighted,PI,logistic_regression,Health status and activity,-0.0022805939063600374,0.8774888072280936,0.8774888072280936
2017-2020,weighted,PI,logistic_regression,Self-reported comorbidity diagnoses,0.07268915195524261,0.006175663399150298,0.11116194118470538
2017-2020,weighted,PI,logistic_regression,Smoking,-0.00827298861616205,0.21442364559613755,0.5513750886757823
2017-2020,weighted,PI,logistic_regression,Socioeconomic and access,-0.0007275586458702496,0.8757782847651582,0.8774888072280936
2017-2020,weighted,PI,random_forest,Body size,-0.018624675271719033,0.5803468937415893,0.7854167027395136
2017-2020,weighted,PI,random_forest,Demographic,-0.05419579171986413,0.4306524140591642,0.7854167027395136
2017-2020,weighted,PI,random_forest,Health status and activity,-0.015130171834818984,0.536405658296657,0.7854167027395136
2017-2020,weighted,PI,random_forest,Self-reported comorbidity diagnoses,0.09953215077405417,0.04091589143843416,0.14914002839477775
2017-2020,weighted,PI,random_forest,Smoking,-0.018245153407858088,0.04142778566521604,0.14914002839477775
2017-2020,weighted,PI,random_forest,Socioeconomic and access,0.0066636414602060405,0.6108796576862883,0.7854167027395136
2017-2020,weighted,PI,xgboost,Body size,-0.022882721934512462,0.4682401590951539,0.7854167027395136
2017-2020,weighted,PI,xgboost,Demographic,-0.007253133755162927,0.8219571115764852,0.8774888072280936
2017-2020,weighted,PI,xgboost,Health status and activity,0.012852766072404587,0.5457377434475128,0.7854167027395136
2017-2020,weighted,PI,xgboost,Self-reported comorbidity diagnoses,0.0272429843640667,0.06735199607735383,0.2020559882320615
2017-2020,weighted,PI,xgboost,Smoking,-0.016975187547663126,0.022933896066225663,0.13760337639735398
2017-2020,weighted,PI,xgboost,Socioeconomic and access,0.007015292800867217,0.2866443986355908,0.6449498969300793
2017-2020,weighted,SHAP,logistic_regression,Body size,-0.02331263000556274,0.001525293556219775,0.00305058711243955
2017-2020,weighted,SHAP,logistic_regression,Demographic,-0.007944677812819111,0.48601830448704636,0.5591133953617966
2017-2020,weighted,SHAP,logistic_regression,Health status and activity,0.02554501817005158,0.008906311019348414,0.014573963486206496
2017-2020,weighted,SHAP,logistic_regression,Self-reported comorbidity diagnoses,0.049490306118144624,2.4013619669413786e-05,8.644903080988963e-05
2017-2020,weighted,SHAP,logistic_regression,Smoking,-0.03195899054960341,0.00013710316247652265,0.00030848211557217597
2017-2020,weighted,SHAP,logistic_regression,Socioeconomic and access,-0.011819025920210918,0.3047459587442516,0.39181623267118065
2017-2020,weighted,SHAP,random_forest,Body size,-0.030052403827878327,1.7814361876510493e-07,2.061515857077208e-06
2017-2020,weighted,SHAP,random_forest,Demographic,0.0026884902082984193,0.5409785146261555,0.5728007801924
2017-2020,weighted,SHAP,random_forest,Health status and activity,0.000514928238098955,0.8819819673222432,0.8819819673222432
2017-2020,weighted,SHAP,random_forest,Self-reported comorbidity diagnoses,0.05732181757323571,4.087218073365876e-07,2.061515857077208e-06
2017-2020,weighted,SHAP,random_forest,Smoking,-0.005509242075413786,4.5811463490604615e-07,2.061515857077208e-06
2017-2020,weighted,SHAP,random_forest,Socioeconomic and access,-0.02496359011634098,3.798896162814404e-07,2.061515857077208e-06
2017-2020,weighted,SHAP,xgboost,Body size,-0.022613530758261835,0.0037074495109499796,0.006673409119709963
2017-2020,weighted,SHAP,xgboost,Demographic,-0.018590386244265227,0.021782982286008834,0.03016105239601223
2017-2020,weighted,SHAP,xgboost,Health status and activity,0.02168818883980137,0.011425397761585195,0.017138096642377792
2017-2020,weighted,SHAP,xgboost,Self-reported comorbidity diagnoses,0.03327723048987243,5.697051049248242e-05,0.00017091153147744725
2017-2020,weighted,SHAP,xgboost,Smoking,-0.016020386029303252,9.316915188168827e-05,0.00023957781912434129
2017-2020,weighted,SHAP,xgboost,Socioeconomic and access,0.002258883702156518,0.49698968476604144,0.5591133953617966
2021-2023,unweighted,PI,logistic_regression,Body size,-0.10684099006843065,3.552481506888295e-05,0.00031972333561994655
2021-2023,unweighted,PI,logistic_regression,Demographic,-0.062788409666761,0.0021748736995443226,0.007829545318359561
2021-2023,unweighted,PI,logistic_regression,Health status and activity,0.020022391824872747,0.18800858228461895,0.41232393845400583
2021-2023,unweighted,PI,logistic_regression,Self-reported comorbidity diagnoses,0.1692160017199011,6.564939946443424e-05,0.00039389639678660544
2021-2023,unweighted,PI,logistic_regression,Smoking,-0.00046502049618711366,0.6463756165079393,0.7271725685714316
2021-2023,unweighted,PI,logistic_regression,Socioeconomic and access,-0.019143973313395127,0.2285397568245618,0.41232393845400583
2021-2023,unweighted,PI,random_forest,Body size,-0.07900762956456167,0.0005861096321273404,0.002637493344573032
2021-2023,unweighted,PI,random_forest,Demographic,0.0005279405098770424,0.9651455650489548,0.9651455650489548
2021-2023,unweighted,PI,random_forest,Health status and activity,-0.020001316172565606,0.5513017707643211,0.69394518275212
2021-2023,unweighted,PI,random_forest,Self-reported comorbidity diagnoses,0.12718642242912823,0.004844145855362114,0.014532437566086341
2021-2023,unweighted,PI,random_forest,Smoking,-0.008850933379556208,0.4957504486794033,0.69394518275212
2021-2023,unweighted,PI,random_forest,Socioeconomic and access,-0.01985448382232177,0.512638295746138,0.69394518275212
2021-2023,unweighted,PI,xgboost,Body size,-0.06643045823728447,0.07380337118433736,0.18978009733115322
2021-2023,unweighted,PI,xgboost,Demographic,-0.028863906141112578,0.2519757401663369,0.41232393845400583
2021-2023,unweighted,PI,xgboost,Health status and activity,-0.002980072686430532,0.8752771487473494,0.9267640398501347
2021-2023,unweighted,PI,xgboost,Self-reported comorbidity diagnoses,0.12287460710023038,7.034281274952523e-06,0.00012661706294914542
2021-2023,unweighted,PI,xgboost,Smoking,0.0032865404815004126,0.5782876522934334,0.69394518275212
2021-2023,unweighted,PI,xgboost,Socioeconomic and access,-0.027886710516903175,0.23975837806633202,0.41232393845400583
2021-2023,unweighted,SHAP,logistic_regression,Body size,-0.039221846776132566,4.662326554291739e-06,2.0980469494312824e-05
2021-2023,unweighted,SHAP,logistic_regression,Demographic,-0.04923814545252516,0.002848607934499639,0.005697215868999278
2021-2023,unweighted,SHAP,logistic_regression,Health status and activity,0.010164734214118818,0.22785320094603118,0.25633485106428505
2021-2023,unweighted,SHAP,logistic_regression,Self-reported comorbidity diagnoses,0.09975262742223431,1.3471870653302809e-05,4.0415611959908426e-05
2021-2023,unweighted,SHAP,logistic_regression,Smoking,-0.0025408210203932235,0.6872766274364898,0.6872766274364898
2021-2023,unweighted,SHAP,logistic_regression,Socioeconomic and access,-0.018916548387302157,0.028783294433682202,0.0431749416505233
2021-2023,unweighted,SHAP,random_forest,Body size,-0.03295530466286269,1.08285766585953e-08,1.949143798547154e-07
2021-2023,unweighted,SHAP,random_forest,Demographic,-0.021277484622370287,4.0330179964876336e-05,9.074290492097175e-05
2021-2023,unweighted,SHAP,random_forest,Health status and activity,-0.00197365014403274,0.43349875138479627,0.4589986779368431
2021-2023,unweighted,SHAP,random_forest,Self-reported comorbidity diagnoses,0.08277385881648688,3.541297499406981e-08,3.1871677494662833e-07
2021-2023,unweighted,SHAP,random_forest,Smoking,-0.0014861922327580744,0.0428773727436168,0.05936866995270018
2021-2023,unweighted,SHAP,random_forest,Socioeconomic and access,-0.025081227154463103,3.6746935188345732e-06,2.0980469494312824e-05
2021-2023,unweighted,SHAP,xgboost,Body size,-0.047909672756291974,1.6094896448356572e-05,4.138687658148833e-05
2021-2023,unweighted,SHAP,xgboost,Demographic,-0.033394283215083684,0.004830145711939718,0.008694262281491493
2021-2023,unweighted,SHAP,xgboost,Health status and activity,-0.009296796086079969,0.14079411765495806,0.1810210084135175
2021-2023,unweighted,SHAP,xgboost,Self-reported comorbidity diagnoses,0.10286978980518166,9.057572965683127e-06,3.260726267645926e-05
2021-2023,unweighted,SHAP,xgboost,Smoking,0.003622399434370367,0.19438232282522305,0.23325878739026765
2021-2023,unweighted,SHAP,xgboost,Socioeconomic and access,-0.015891437182096436,0.01036169832976033,0.01695550635778963
2021-2023,weighted,PI,logistic_regression,Body size,-0.10041356131214667,0.00045773049487762444,0.0027463829692657466
2021-2023,weighted,PI,logistic_regression,Demographic,-0.05911146841900631,0.019133101609472174,0.06887916579409983
2021-2023,weighted,PI,logistic_regression,Health status and activity,-0.0004502132546407689,0.9844699997383154,0.9844699997383154
2021-2023,weighted,PI,logistic_regression,Self-reported comorbidity diagnoses,0.18324677960224284,5.010076554996708e-05,0.0006950266228226754
2021-2023,weighted,PI,logistic_regression,Smoking,-0.0006700326205722924,0.6224804899524524,0.765126335983532
2021-2023,weighted,PI,logistic_regression,Socioeconomic and access,-0.022601503995876782,0.08412391581073905,0.1682478316214781
2021-2023,weighted,PI,random_forest,Body size,-0.05970923385288891,0.056274212315983556,0.1322381287037875
2021-2023,weighted,PI,random_forest,Demographic,-0.016431838716557443,0.349236568744466,0.5387591056241723
2021-2023,weighted,PI,random_forest,Health status and activity,-0.09440869020417215,0.05877250164612778,0.1322381287037875
2021-2023,weighted,PI,random_forest,Self-reported comorbidity diagnoses,0.19300955600430672,0.003305445425059232,0.014874504412766543
2021-2023,weighted,PI,random_forest,Smoking,-0.00638386100822678,0.6907604599404515,0.7771055174330079
2021-2023,weighted,PI,random_forest,Socioeconomic and access,-0.01607593222246142,0.6376052799862767,0.765126335983532
2021-2023,weighted,PI,xgboost,Body size,-0.028054067051340413,0.3596759657870144,0.5387591056241723
2021-2023,weighted,PI,xgboost,Demographic,-0.04802630943881531,0.15605184743035144,0.28089332537463263
2021-2023,weighted,PI,xgboost,Health status and activity,-0.05837340460161091,0.03326271950333358,0.09978815851000074
2021-2023,weighted,PI,xgboost,Self-reported comorbidity diagnoses,0.15300531594783698,7.722518031363061e-05,0.0006950266228226754
2021-2023,weighted,PI,xgboost,Smoking,0.001575388366254292,0.8697943755066732,0.9209587505364775
2021-2023,weighted,PI,xgboost,Socioeconomic and access,-0.020126923222324625,0.3891037985063467,0.5387591056241723
2021-2023,weighted,SHAP,logistic_regression,Body size,-0.03862759675117533,4.439005966799316e-06,1.9975526850596923e-05
2021-2023,weighted,SHAP,logistic_regression,Demographic,-0.04970721172606248,0.0032530731186266814,0.006506146237253363
2021-2023,weighted,SHAP,logistic_regression,Health status and activity,0.010958585782444224,0.19192351870949922,0.21591395854818662
2021-2023,weighted,SHAP,logistic_regression,Self-reported comorbidity diagnoses,0.09774539741359708,1.5095058279872863e-05,4.6468772226368696e-05
2021-2023,weighted,SHAP,logistic_regression,Smoking,-0.0024914552423200313,0.6932158662071464,0.6932158662071464
2021-2023,weighted,SHAP,logistic_regression,Socioeconomic and access,-0.017877719476483485,0.03535090395681277,0.05784693374751181
2021-2023,weighted,SHAP,random_forest,Body size,-0.0330781783636005,1.3600117086271064e-08,2.4480210755287915e-07
2021-2023,weighted,SHAP,random_forest,Demographic,-0.019232805599286487,0.0006235344085262225,0.0014029524191840007
2021-2023,weighted,SHAP,random_forest,Health status and activity,-0.0036834359549604207,0.1576971892436739,0.18923662709240868
2021-2023,weighted,SHAP,random_forest,Self-reported comorbidity diagnoses,0.08070608778307038,4.742674653053283e-08,4.268407187747955e-07
2021-2023,weighted,SHAP,random_forest,Smoking,-0.0013549256172518704,0.08562189551729976,0.11855339379318429
2021-2023,weighted,SHAP,random_forest,Socioeconomic and access,-0.023356742247971112,1.8597127144414375e-06,1.1158276286648625e-05
2021-2023,weighted,SHAP,xgboost,Body size,-0.046929327739859784,3.3320427464906936e-05,8.568109919547499e-05
2021-2023,weighted,SHAP,xgboost,Demographic,-0.03515605477327747,0.00839434395691221,0.015109819122441977
2021-2023,weighted,SHAP,xgboost,Health status and activity,-0.010335677601395768,0.11173767976476352,0.14366273112612454
2021-2023,weighted,SHAP,xgboost,Self-reported comorbidity diagnoses,0.10052049747540623,1.54895907421229e-05,4.6468772226368696e-05
2021-2023,weighted,SHAP,xgboost,Smoking,0.0034729494756741896,0.230642051908659,0.24420923143269777
2021-2023,weighted,SHAP,xgboost,Socioeconomic and access,-0.01157238683654736,0.048769199451947826,0.07315379917792174
