cohort,feature_1,feature_2,rho
NHANES 2017-2020,HighBP,HighChol,0.34006553402349
NHANES 2017-2020,HighBP,BMI,0.21595175155217974
NHANES 2017-2020,HighBP,Smoker,0.09250000345767866
NHANES 2017-2020,HighBP,Stroke,0.1815132617458465
NHANES 2017-2020,HighBP,HeartDiseaseorAttack,0.2115436842927825
NHANES 2017-2020,HighBP,PhysActivity_LTPA,-0.1168652178765685
NHANES 2017-2020,HighBP,AnyHealthcare,0.1205149649640123
NHANES 2017-2020,HighBP,GenHlth,0.2588795154585636
NHANES 2017-2020,HighBP,MentHlth,0.09452414215818306
NHANES 2017-2020,HighBP,Sex,0.019984524604477437
NHANES 2017-2020,HighBP,Age,0.42095836407491694
NHANES 2017-2020,HighBP,Education,-0.061844778888290104
NHANES 2017-2020,HighBP,Income,-0.019681878543243853
NHANES 2017-2020,HighChol,BMI,0.09045303299455351
NHANES 2017-2020,HighChol,Smoker,0.07588561077783074
NHANES 2017-2020,HighChol,Stroke,0.13307646418009236
NHANES 2017-2020,HighChol,HeartDiseaseorAttack,0.1858261154598653
NHANES 2017-2020,HighChol,PhysActivity_LTPA,-0.053341011408370116
NHANES 2017-2020,HighChol,AnyHealthcare,0.14171313660184043
NHANES 2017-2020,HighChol,GenHlth,0.15409603992871806
NHANES 2017-2020,HighChol,MentHlth,0.04560406472252482
NHANES 2017-2020,HighChol,Sex,0.03512224854120783
NHANES 2017-2020,HighChol,Age,0.403314638709231
NHANES 2017-2020,HighChol,Education,-0.01131786592493945
NHANES 2017-2020,HighChol,Income,0.05175957680163288
NHANES 2017-2020,BMI,Smoker,0.012497731952961198
NHANES 2017-2020,BMI,Stroke,0.02841801350481336
NHANES 2017-2020,BMI,HeartDiseaseorAttack,0.04373754419637221
NHANES 2017-2020,BMI,PhysActivity_LTPA,-0.1027951984109576
NHANES 2017-2020,BMI,AnyHealthcare,0.013870612374041975
NHANES 2017-2020,BMI,GenHlth,0.23489333820241837
NHANES 2017-2020,BMI,MentHlth,0.10111741537584222
NHANES 2017-2020,BMI,Sex,-0.05174233805069065
NHANES 2017-2020,BMI,Age,0.030947683731120536
NHANES 2017-2020,BMI,Education,-0.05980129282123855
NHANES 2017-2020,BMI,Income,-0.04107950864257282
NHANES 2017-2020,Smoker,Stroke,0.08459251699485082
NHANES 2017-2020,Smoker,HeartDiseaseorAttack,0.10698012047557762
NHANES 2017-2020,Smoker,PhysActivity_LTPA,-0.09767761914337357
NHANES 2017-2020,Smoker,AnyHealthcare,-0.045640558018716984
NHANES 2017-2020,Smoker,GenHlth,0.15171473633333352
NHANES 2017-2020,Smoker,MentHlth,0.10360976341572671
NHANES 2017-2020,Smoker,Sex,0.17773885502055428
NHANES 2017-2020,Smoker,Age,0.13625080073641202
NHANES 2017-2020,Smoker,Education,-0.15932886469458038
NHANES 2017-2020,Smoker,Income,-0.13470246683067205
NHANES 2017-2020,Stroke,HeartDiseaseorAttack,0.23080774433845114
NHANES 2017-2020,Stroke,PhysActivity_LTPA,-0.08603811385810535
NHANES 2017-2020,Stroke,AnyHealthcare,0.04580169695104657
NHANES 2017-2020,Stroke,GenHlth,0.1337275717636191
NHANES 2017-2020,Stroke,MentHlth,0.07865558100196055
NHANES 2017-2020,Stroke,Sex,-0.002495588446946491
NHANES 2017-2020,Stroke,Age,0.18064897488510018
NHANES 2017-2020,Stroke,Education,-0.07275940160336221
NHANES 2017-2020,Stroke,Income,-0.06518059926460779
NHANES 2017-2020,HeartDiseaseorAttack,PhysActivity_LTPA,-0.05015939836968195
NHANES 2017-2020,HeartDiseaseorAttack,AnyHealthcare,0.07283888990323135
NHANES 2017-2020,HeartDiseaseorAttack,GenHlth,0.1549680992564842
NHANES 2017-2020,HeartDiseaseorAttack,MentHlth,0.055715375778641205
NHANES 2017-2020,HeartDiseaseorAttack,Sex,0.11700508777646464
NHANES 2017-2020,HeartDiseaseorAttack,Age,0.26118352704587033
NHANES 2017-2020,HeartDiseaseorAttack,Education,-0.040027350255875414
NHANES 2017-2020,HeartDiseaseorAttack,Income,-0.01755683921729889
NHANES 2017-2020,PhysActivity_LTPA,AnyHealthcare,0.05070823883430547
NHANES 2017-2020,PhysActivity_LTPA,GenHlth,-0.24220444147894224
NHANES 2017-2020,PhysActivity_LTPA,MentHlth,-0.1215765811118163
NHANES 2017-2020,PhysActivity_LTPA,Sex,0.06547159416489877
NHANES 2017-2020,PhysActivity_LTPA,Age,-0.15950807110134677
NHANES 2017-2020,PhysActivity_LTPA,Education,0.27192119403627757
NHANES 2017-2020,PhysActivity_LTPA,Income,0.21456434144420386
NHANES 2017-2020,AnyHealthcare,GenHlth,-0.040531817564170305
NHANES 2017-2020,AnyHealthcare,MentHlth,-0.033409221700677304
NHANES 2017-2020,AnyHealthcare,Sex,-0.053545272028597886
NHANES 2017-2020,AnyHealthcare,Age,0.22473669493491316
NHANES 2017-2020,AnyHealthcare,Education,0.17843754390682834
NHANES 2017-2020,AnyHealthcare,Income,0.22922572085411805
NHANES 2017-2020,GenHlth,MentHlth,0.30829742099195534
NHANES 2017-2020,GenHlth,Sex,-0.013674137700494238
NHANES 2017-2020,GenHlth,Age,0.13792392654813737
NHANES 2017-2020,GenHlth,Education,-0.310898998492515
NHANES 2017-2020,GenHlth,Income,-0.2782974839954803
NHANES 2017-2020,MentHlth,Sex,-0.11212557213125347
NHANES 2017-2020,MentHlth,Age,-0.02506694992521054
NHANES 2017-2020,MentHlth,Education,-0.1264980048853567
NHANES 2017-2020,MentHlth,Income,-0.1817938098026351
NHANES 2017-2020,Sex,Age,0.03960579038317003
NHANES 2017-2020,Sex,Education,-0.04406229430229234
NHANES 2017-2020,Sex,Income,0.044530942102889846
NHANES 2017-2020,Age,Education,-0.0618591029478422
NHANES 2017-2020,Age,Income,0.077424409684014
NHANES 2017-2020,Education,Income,0.45114786153769454
NHANES 2021-2023,HighBP,HighChol,0.3282685987765777
NHANES 2021-2023,HighBP,BMI,0.23603140415846757
NHANES 2021-2023,HighBP,Smoker,0.1049435958169742
NHANES 2021-2023,HighBP,Stroke,0.13432028714133273
NHANES 2021-2023,HighBP,HeartDiseaseorAttack,0.23663125584913178
NHANES 2021-2023,HighBP,PhysActivity_LTPA,-0.1106319555651279
NHANES 2021-2023,HighBP,AnyHealthcare,0.08368939233196078
NHANES 2021-2023,HighBP,GenHlth,0.27154283362815557
NHANES 2021-2023,HighBP,MentHlth,0.022179644066922174
NHANES 2021-2023,HighBP,Sex,0.018177022625701107
NHANES 2021-2023,HighBP,Age,0.3702173195466568
NHANES 2021-2023,HighBP,Education,-0.13092861839569148
NHANES 2021-2023,HighBP,Income,-0.06378880556732318
NHANES 2021-2023,HighChol,BMI,0.12586656700980922
NHANES 2021-2023,HighChol,Smoker,0.0978526469015027
NHANES 2021-2023,HighChol,Stroke,0.13442545601250883
NHANES 2021-2023,HighChol,HeartDiseaseorAttack,0.19113799405989274
NHANES 2021-2023,HighChol,PhysActivity_LTPA,-0.03934212263764294
NHANES 2021-2023,HighChol,AnyHealthcare,0.12117069073881247
NHANES 2021-2023,HighChol,GenHlth,0.17156562670489728
NHANES 2021-2023,HighChol,MentHlth,-0.005290976866298933
NHANES 2021-2023,HighChol,Sex,0.022161920529825973
NHANES 2021-2023,HighChol,Age,0.3970183175818369
NHANES 2021-2023,HighChol,Education,-0.020905632470571586
NHANES 2021-2023,HighChol,Income,0.04429774424451603
NHANES 2021-2023,BMI,Smoker,0.01160432530879455
NHANES 2021-2023,BMI,Stroke,0.027005897698222158
NHANES 2021-2023,BMI,HeartDiseaseorAttack,0.06251856299522984
NHANES 2021-2023,BMI,PhysActivity_LTPA,-0.15857496333179802
NHANES 2021-2023,BMI,AnyHealthcare,0.01602517766043923
NHANES 2021-2023,BMI,GenHlth,0.2724497156828982
NHANES 2021-2023,BMI,MentHlth,0.08896909948789376
NHANES 2021-2023,BMI,Sex,-0.03364152866692149
NHANES 2021-2023,BMI,Age,0.026661359221199665
NHANES 2021-2023,BMI,Education,-0.13070312154888755
NHANES 2021-2023,BMI,Income,-0.06886244550563558
NHANES 2021-2023,Smoker,Stroke,0.08279911751311468
NHANES 2021-2023,Smoker,HeartDiseaseorAttack,0.11929261330440169
NHANES 2021-2023,Smoker,PhysActivity_LTPA,-0.08277494743828681
NHANES 2021-2023,Smoker,AnyHealthcare,-0.03386147902724051
NHANES 2021-2023,Smoker,GenHlth,0.16768635094108908
NHANES 2021-2023,Smoker,MentHlth,0.10044292216363519
NHANES 2021-2023,Smoker,Sex,0.09460984015786804
NHANES 2021-2023,Smoker,Age,0.1395584411158541
NHANES 2021-2023,Smoker,Education,-0.22542854103626297
NHANES 2021-2023,Smoker,Income,-0.1670448672242291
NHANES 2021-2023,Stroke,HeartDiseaseorAttack,0.14731935635706325
NHANES 2021-2023,Stroke,PhysActivity_LTPA,-0.05895244899107642
NHANES 2021-2023,Stroke,AnyHealthcare,0.028820384096484516
NHANES 2021-2023,Stroke,GenHlth,0.16012688254904175
NHANES 2021-2023,Stroke,MentHlth,0.07430879003434528
NHANES 2021-2023,Stroke,Sex,0.01438252028702025
NHANES 2021-2023,Stroke,Age,0.13563366532713977
NHANES 2021-2023,Stroke,Education,-0.09118760701617017
NHANES 2021-2023,Stroke,Income,-0.08148294735537276
NHANES 2021-2023,HeartDiseaseorAttack,PhysActivity_LTPA,-0.08171216426271796
NHANES 2021-2023,HeartDiseaseorAttack,AnyHealthcare,0.04832696913235774
NHANES 2021-2023,HeartDiseaseorAttack,GenHlth,0.19044716277683657
NHANES 2021-2023,HeartDiseaseorAttack,MentHlth,0.01573751285693666
NHANES 2021-2023,HeartDiseaseorAttack,Sex,0.10517732073914246
NHANES 2021-2023,HeartDiseaseorAttack,Age,0.25103486488983484
NHANES 2021-2023,HeartDiseaseorAttack,Education,-0.07840650141219048
NHANES 2021-2023,HeartDiseaseorAttack,Income,-0.03644121704119936
NHANES 2021-2023,PhysActivity_LTPA,AnyHealthcare,0.03495774746609638
NHANES 2021-2023,PhysActivity_LTPA,GenHlth,-0.2443136218641078
NHANES 2021-2023,PhysActivity_LTPA,MentHlth,-0.11488495903390669
NHANES 2021-2023,PhysActivity_LTPA,Sex,0.03580367003239449
NHANES 2021-2023,PhysActivity_LTPA,Age,-0.08032922096457026
NHANES 2021-2023,PhysActivity_LTPA,Education,0.20632884317215805
NHANES 2021-2023,PhysActivity_LTPA,Income,0.15362427952319369
NHANES 2021-2023,AnyHealthcare,GenHlth,-0.05250496218389125
NHANES 2021-2023,AnyHealthcare,MentHlth,-0.037226158611311094
NHANES 2021-2023,AnyHealthcare,Sex,-0.05935126527757492
NHANES 2021-2023,AnyHealthcare,Age,0.15894919419264414
NHANES 2021-2023,AnyHealthcare,Education,0.17821282394632604
NHANES 2021-2023,AnyHealthcare,Income,0.1939779187582624
NHANES 2021-2023,GenHlth,MentHlth,0.31436974140552015
NHANES 2021-2023,GenHlth,Sex,-0.03156196214289966
NHANES 2021-2023,GenHlth,Age,0.1042864436141507
NHANES 2021-2023,GenHlth,Education,-0.30267346392576094
NHANES 2021-2023,GenHlth,Income,-0.2754830348274152
NHANES 2021-2023,MentHlth,Sex,-0.10272100025785579
NHANES 2021-2023,MentHlth,Age,-0.15872574338800702
NHANES 2021-2023,MentHlth,Education,-0.12043799725114608
NHANES 2021-2023,MentHlth,Income,-0.21011156194899208
NHANES 2021-2023,Sex,Age,0.010302431383666112
NHANES 2021-2023,Sex,Education,-0.02386309954255956
NHANES 2021-2023,Sex,Income,0.08116615138221446
NHANES 2021-2023,Age,Education,-0.049983606426053546
NHANES 2021-2023,Age,Income,0.0612235951522739
NHANES 2021-2023,Education,Income,0.4963031547071089
BRFSS 2015,HighBP,HighChol,0.29819929508040555
BRFSS 2015,HighBP,CholCheck,0.09850827252915051
BRFSS 2015,HighBP,BMI,0.24375601442966638
BRFSS 2015,HighBP,Smoker,0.09699146704969774
BRFSS 2015,HighBP,Stroke,0.12957491304959706
BRFSS 2015,HighBP,HeartDiseaseorAttack,0.2093612106900363
BRFSS 2015,HighBP,PhysActivity,-0.1252668662447098
BRFSS 2015,HighBP,Fruits,-0.04055465861796811
BRFSS 2015,HighBP,Veggies,-0.061266165318730116
BRFSS 2015,HighBP,HvyAlcoholConsump,-0.003971573995750689
BRFSS 2015,HighBP,AnyHealthcare,0.038424768934771536
BRFSS 2015,HighBP,NoDocbcCost,0.017357983577041578
BRFSS 2015,HighBP,GenHlth,0.3033004153206846
BRFSS 2015,HighBP,MentHlth,0.02049928526481007
BRFSS 2015,HighBP,PhysHlth,0.1495504814647678
BRFSS 2015,HighBP,DiffWalk,0.2236184659045557
BRFSS 2015,HighBP,Sex,0.05220696068728577
BRFSS 2015,HighBP,Age,0.3445345740196993
BRFSS 2015,HighBP,Education,-0.1419704760859179
BRFSS 2015,HighBP,Income,-0.17916132217399397
BRFSS 2015,HighChol,CholCheck,0.08564222777135849
BRFSS 2015,HighChol,BMI,0.1362977423699697
BRFSS 2015,HighChol,Smoker,0.09129935725579924
BRFSS 2015,HighChol,Stroke,0.09262007445488958
BRFSS 2015,HighChol,HeartDiseaseorAttack,0.18076535489000442
BRFSS 2015,HighChol,PhysActivity,-0.07804618590105501
BRFSS 2015,HighChol,Fruits,-0.0408590813316338
BRFSS 2015,HighChol,Veggies,-0.03987360715035923
BRFSS 2015,HighChol,HvyAlcoholConsump,-0.011542518585169049
BRFSS 2015,HighChol,AnyHealthcare,0.042229862220892464
BRFSS 2015,HighChol,NoDocbcCost,0.013310163214191014
BRFSS 2015,HighChol,GenHlth,0.20864042583842862
BRFSS 2015,HighChol,MentHlth,0.04406049570948158
BRFSS 2015,HighChol,PhysHlth,0.11933085846947777
BRFSS 2015,HighChol,DiffWalk,0.14467153800763946
BRFSS 2015,HighChol,Sex,0.031205330139888337
BRFSS 2015,HighChol,Age,0.26635498319334466
BRFSS 2015,HighChol,Education,-0.06885015912364975
BRFSS 2015,HighChol,Income,-0.0879051464150971
BRFSS 2015,CholCheck,BMI,0.040285085826803464
BRFSS 2015,CholCheck,Smoker,-0.009928878151498847
BRFSS 2015,CholCheck,Stroke,0.02415766745925834
BRFSS 2015,CholCheck,HeartDiseaseorAttack,0.04420580983754619
BRFSS 2015,CholCheck,PhysActivity,0.004189616718408846
BRFSS 2015,CholCheck,Fruits,0.023849406401563314
BRFSS 2015,CholCheck,Veggies,0.006121009612067787
BRFSS 2015,CholCheck,HvyAlcoholConsump,-0.02373009065481386
BRFSS 2015,CholCheck,AnyHealthcare,0.11762562458953439
BRFSS 2015,CholCheck,NoDocbcCost,-0.05825508444362247
BRFSS 2015,CholCheck,GenHlth,0.046350733940619615
BRFSS 2015,CholCheck,MentHlth,-0.013269832805438909
BRFSS 2015,CholCheck,PhysHlth,0.030474766352099964
BRFSS 2015,CholCheck,DiffWalk,0.040585057358639674
BRFSS 2015,CholCheck,Sex,-0.02211503557162567
BRFSS 2015,CholCheck,Age,0.09353327223721523
BRFSS 2015,CholCheck,Education,0.0038696713622208834
BRFSS 2015,CholCheck,Income,0.015263354654095635
BRFSS 2015,BMI,Smoker,0.02308898113188197
BRFSS 2015,BMI,Stroke,0.022428129689053385
BRFSS 2015,BMI,HeartDiseaseorAttack,0.06365905280702765
BRFSS 2015,BMI,PhysActivity,-0.14461103589754998
BRFSS 2015,BMI,Fruits,-0.09606687450712044
BRFSS 2015,BMI,Veggies,-0.06803952260163454
BRFSS 2015,BMI,HvyAlcoholConsump,-0.052448493220881916
BRFSS 2015,BMI,AnyHealthcare,-0.013760533396137392
BRFSS 2015,BMI,NoDocbcCost,0.05215126778607765
BRFSS 2015,BMI,GenHlth,0.2573418868796152
BRFSS 2015,BMI,MentHlth,0.05393599347268039
BRFSS 2015,BMI,PhysHlth,0.11609615975187919
BRFSS 2015,BMI,DiffWalk,0.1795425716389504
BRFSS 2015,BMI,Sex,0.08934898069079561
BRFSS 2015,BMI,Age,-0.024590705194114885
BRFSS 2015,BMI,Education,-0.12327677995311159
BRFSS 2015,BMI,Income,-0.09219157173958833
BRFSS 2015,Smoker,Stroke,0.061172674679167253
BRFSS 2015,Smoker,HeartDiseaseorAttack,0.11444121771036976
BRFSS 2015,Smoker,PhysActivity,-0.08740116253342735
BRFSS 2015,Smoker,Fruits,-0.0776658386107574
BRFSS 2015,Smoker,Veggies,-0.030677709807192633
BRFSS 2015,Smoker,HvyAlcoholConsump,0.10161868704672539
BRFSS 2015,Smoker,AnyHealthcare,-0.02325080318794782
BRFSS 2015,Smoker,NoDocbcCost,0.04894582346709629
BRFSS 2015,Smoker,GenHlth,0.15900870419181096
BRFSS 2015,Smoker,MentHlth,0.06093978416932018
BRFSS 2015,Smoker,PhysHlth,0.09319652187483209
BRFSS 2015,Smoker,DiffWalk,0.12246321459352201
BRFSS 2015,Smoker,Sex,0.09366236142514878
BRFSS 2015,Smoker,Age,0.1193039310992439
BRFSS 2015,Smoker,Education,-0.17356598843254423
BRFSS 2015,Smoker,Income,-0.1326633242493897
BRFSS 2015,Stroke,HeartDiseaseorAttack,0.20300193999028834
BRFSS 2015,Stroke,PhysActivity,-0.06915141558046697
BRFSS 2015,Stroke,Fruits,-0.013389353021372064
BRFSS 2015,Stroke,Veggies,-0.04112422467324551
BRFSS 2015,Stroke,HvyAlcoholConsump,-0.016950330306947075
BRFSS 2015,Stroke,AnyHealthcare,0.008775925446428953
BRFSS 2015,Stroke,NoDocbcCost,0.0348041063069487
BRFSS 2015,Stroke,GenHlth,0.16368491671113095
BRFSS 2015,Stroke,MentHlth,0.04981894465896325
BRFSS 2015,Stroke,PhysHlth,0.1276814964308463
BRFSS 2015,Stroke,DiffWalk,0.17656691703377717
BRFSS 2015,Stroke,Sex,0.0029782884033473346
BRFSS 2015,Stroke,Age,0.12906026403827237
BRFSS 2015,Stroke,Education,-0.07296954038189525
BRFSS 2015,Stroke,Income,-0.1237283277287654
BRFSS 2015,HeartDiseaseorAttack,PhysActivity,-0.08729898692452437
BRFSS 2015,HeartDiseaseorAttack,Fruits,-0.019790347908616796
BRFSS 2015,HeartDiseaseorAttack,Veggies,-0.03916740903628852
BRFSS 2015,HeartDiseaseorAttack,HvyAlcoholConsump,-0.028990515666571022
BRFSS 2015,HeartDiseaseorAttack,AnyHealthcare,0.01873418626226445
BRFSS 2015,HeartDiseaseorAttack,NoDocbcCost,0.030999704754903473
BRFSS 2015,HeartDiseaseorAttack,GenHlth,0.24224327942879634
BRFSS 2015,HeartDiseaseorAttack,MentHlth,0.03476296703402453
BRFSS 2015,HeartDiseaseorAttack,PhysHlth,0.15663009816788886
BRFSS 2015,HeartDiseaseorAttack,DiffWalk,0.21270869529037797
BRFSS 2015,HeartDiseaseorAttack,Sex,0.08609550814379131
BRFSS 2015,HeartDiseaseorAttack,Age,0.2276386187539575
BRFSS 2015,HeartDiseaseorAttack,Education,-0.09591041700092981
BRFSS 2015,HeartDiseaseorAttack,Income,-0.1414853394761489
BRFSS 2015,PhysActivity,Fruits,0.1427558627380735
BRFSS 2015,PhysActivity,Veggies,0.153149570230788
BRFSS 2015,PhysActivity,HvyAlcoholConsump,0.012392236192433976
BRFSS 2015,PhysActivity,AnyHealthcare,0.035504736513472
BRFSS 2015,PhysActivity,NoDocbcCost,-0.06163838726337295
BRFSS 2015,PhysActivity,GenHlth,-0.25624099861270483
BRFSS 2015,PhysActivity,MentHlth,-0.08252575087174066
BRFSS 2015,PhysActivity,PhysHlth,-0.17949432840918683
BRFSS 2015,PhysActivity,DiffWalk,-0.25317400747654095
BRFSS 2015,PhysActivity,Sex,0.032481685775770035
BRFSS 2015,PhysActivity,Age,-0.08804935558196947
BRFSS 2015,PhysActivity,Education,0.20024803066726413
BRFSS 2015,PhysActivity,Income,0.2020220487483877
BRFSS 2015,Fruits,Veggies,0.25434224443197606
BRFSS 2015,Fruits,HvyAlcoholConsump,-0.03528773290611688
BRFSS 2015,Fruits,AnyHealthcare,0.03154391879221864
BRFSS 2015,Fruits,NoDocbcCost,-0.04424268944660032
BRFSS 2015,Fruits,GenHlth,-0.10547369890326988
BRFSS 2015,Fruits,MentHlth,-0.06415281012556859
BRFSS 2015,Fruits,PhysHlth,-0.04527815403860909
BRFSS 2015,Fruits,DiffWalk,-0.04835167462915143
BRFSS 2015,Fruits,Sex,-0.09117486533234562
BRFSS 2015,Fruits,Age,0.06693417991910806
BRFSS 2015,Fruits,Education,0.11492851122865406
BRFSS 2015,Fruits,Income,0.07641482388218548
BRFSS 2015,Veggies,HvyAlcoholConsump,0.021064481082578662
BRFSS 2015,Veggies,AnyHealthcare,0.029583816893788365
BRFSS 2015,Veggies,NoDocbcCost,-0.032231705041889845
BRFSS 2015,Veggies,GenHlth,-0.12254015749312969
BRFSS 2015,Veggies,MentHlth,-0.042357327981626114
BRFSS 2015,Veggies,PhysHlth,-0.05394285157660825
BRFSS 2015,Veggies,DiffWalk,-0.08050571665377625
BRFSS 2015,Veggies,Sex,-0.06476515609496768
BRFSS 2015,Veggies,Age,-0.011222684505251957
BRFSS 2015,Veggies,Education,0.15463509651089294
BRFSS 2015,Veggies,Income,0.14936412694120257
BRFSS 2015,HvyAlcoholConsump,AnyHealthcare,-0.010488085408327479
BRFSS 2015,HvyAlcoholConsump,NoDocbcCost,0.004683595414017497
BRFSS 2015,HvyAlcoholConsump,GenHlth,-0.03522637146668939
BRFSS 2015,HvyAlcoholConsump,MentHlth,0.03274230267700544
BRFSS 2015,HvyAlcoholConsump,PhysHlth,-0.024762664844724037
BRFSS 2015,HvyAlcoholConsump,DiffWalk,-0.03766817420960945
BRFSS 2015,HvyAlcoholConsump,Sex,0.005740219246767308
BRFSS 2015,HvyAlcoholConsump,Age,-0.035129930212368946
BRFSS 2015,HvyAlcoholConsump,Education,0.021252256819077768
BRFSS 2015,HvyAlcoholConsump,Income,0.05534222527339353
BRFSS 2015,AnyHealthcare,NoDocbcCost,-0.23253210486195552
BRFSS 2015,AnyHealthcare,GenHlth,-0.04162231152892427
BRFSS 2015,AnyHealthcare,MentHlth,-0.047646264525339176
BRFSS 2015,AnyHealthcare,PhysHlth,-0.008407859177375774
BRFSS 2015,AnyHealthcare,DiffWalk,0.007074091815080869
BRFSS 2015,AnyHealthcare,Sex,-0.01940546470326061
BRFSS 2015,AnyHealthcare,Age,0.14024279346418445
BRFSS 2015,AnyHealthcare,Education,0.11485309816249378
BRFSS 2015,AnyHealthcare,Income,0.15504182169285174
BRFSS 2015,NoDocbcCost,GenHlth,0.15756057928433911
BRFSS 2015,NoDocbcCost,MentHlth,0.1818693604735954
BRFSS 2015,NoDocbcCost,PhysHlth,0.15480247527453733
BRFSS 2015,NoDocbcCost,DiffWalk,0.11844686206643303
BRFSS 2015,NoDocbcCost,Sex,-0.04493136644174106
BRFSS 2015,NoDocbcCost,Age,-0.12606619623189877
BRFSS 2015,NoDocbcCost,Education,-0.09792246776105262
BRFSS 2015,NoDocbcCost,Income,-0.19673398322516564
BRFSS 2015,GenHlth,MentHlth,0.23793996246984764
BRFSS 2015,GenHlth,PhysHlth,0.45184657304174597
BRFSS 2015,GenHlth,DiffWalk,0.42279064313406345
BRFSS 2015,GenHlth,Sex,-0.0035364955838087754
BRFSS 2015,GenHlth,Age,0.14718770139048684
BRFSS 2015,GenHlth,Education,-0.27578267768430953
BRFSS 2015,GenHlth,Income,-0.35425296102363524
BRFSS 2015,MentHlth,PhysHlth,0.30805030193647104
BRFSS 2015,MentHlth,DiffWalk,0.1882616261582856
BRFSS 2015,MentHlth,Sex,-0.11950919673553903
BRFSS 2015,MentHlth,Age,-0.16358029629469864
BRFSS 2015,MentHlth,Education,-0.05391194071565021
BRFSS 2015,MentHlth,Income,-0.14522167368181638
BRFSS 2015,PhysHlth,DiffWalk,0.4150223929321536
BRFSS 2015,PhysHlth,Sex,-0.06763535319914772
BRFSS 2015,PhysHlth,Age,0.052003221225012546
BRFSS 2015,PhysHlth,Education,-0.11477025398468169
BRFSS 2015,PhysHlth,Income,-0.21804022361604322
BRFSS 2015,DiffWalk,Sex,-0.07029890236186129
BRFSS 2015,DiffWalk,Age,0.20112171769331455
BRFSS 2015,DiffWalk,Education,-0.18755336923172547
BRFSS 2015,DiffWalk,Income,-0.3037112386224007
BRFSS 2015,Sex,Age,-0.024217454798748605
BRFSS 2015,Sex,Education,0.02421033426115157
BRFSS 2015,Sex,Income,0.12700905663597498
BRFSS 2015,Age,Education,-0.1014894064668042
BRFSS 2015,Age,Income,-0.17645660241783043
BRFSS 2015,Education,Income,0.4519783973928656
BRFSS 2021,HighBP,HighChol,0.28328497359553767
BRFSS 2021,HighBP,CholCheck,0.09941467058741284
BRFSS 2021,HighBP,BMI,0.2311824448959631
BRFSS 2021,HighBP,Smoker,0.09957035961709669
BRFSS 2021,HighBP,Stroke,0.12659401792660732
BRFSS 2021,HighBP,HeartDiseaseorAttack,0.20319084184261874
BRFSS 2021,HighBP,PhysActivity,-0.132252505551412
BRFSS 2021,HighBP,Fruits,-0.03154156638948689
BRFSS 2021,HighBP,Veggies,-0.036012837574594295
BRFSS 2021,HighBP,HvyAlcoholConsump,-0.0034239057478920535
BRFSS 2021,HighBP,AnyHealthcare,0.04983342281328947
BRFSS 2021,HighBP,NoDocbcCost,-0.00747737441460151
BRFSS 2021,HighBP,GenHlth,0.28257523305186805
BRFSS 2021,HighBP,MentHlth,-0.029144702788503344
BRFSS 2021,HighBP,PhysHlth,0.12523395188961975
BRFSS 2021,HighBP,DiffWalk,0.20826244666499397
BRFSS 2021,HighBP,Sex,0.06755746752235814
BRFSS 2021,HighBP,Age,0.34443172911289177
BRFSS 2021,HighBP,Education,-0.11139275881210445
BRFSS 2021,HighBP,Income,-0.15376268034016677
BRFSS 2021,HighChol,CholCheck,0.09855782006822693
BRFSS 2021,HighChol,BMI,0.10912583056595686
BRFSS 2021,HighChol,Smoker,0.08240223980885841
BRFSS 2021,HighChol,Stroke,0.08594739721341678
BRFSS 2021,HighChol,HeartDiseaseorAttack,0.17066833214272006
BRFSS 2021,HighChol,PhysActivity,-0.07664758953673224
BRFSS 2021,HighChol,Fruits,-0.024408322039637404
BRFSS 2021,HighChol,Veggies,-0.031931137502001036
BRFSS 2021,HighChol,HvyAlcoholConsump,-0.014274646856557846
BRFSS 2021,HighChol,AnyHealthcare,0.056504827273028815
BRFSS 2021,HighChol,NoDocbcCost,-0.012306550990216937
BRFSS 2021,HighChol,GenHlth,0.18620574752456953
BRFSS 2021,HighChol,MentHlth,-6.46263283625281e-05
BRFSS 2021,HighChol,PhysHlth,0.10172424119272565
BRFSS 2021,HighChol,DiffWalk,0.1276670548156418
BRFSS 2021,HighChol,Sex,0.029081321274385362
BRFSS 2021,HighChol,Age,0.28391506353490803
BRFSS 2021,HighChol,Education,-0.034758300413618375
BRFSS 2021,HighChol,Income,-0.0679339077589226
BRFSS 2021,CholCheck,BMI,0.0398102969815419
BRFSS 2021,CholCheck,Smoker,-0.012874318134738652
BRFSS 2021,CholCheck,Stroke,0.025386161251940157
BRFSS 2021,CholCheck,HeartDiseaseorAttack,0.04386688936561581
BRFSS 2021,CholCheck,PhysActivity,-0.008453911605866503
BRFSS 2021,CholCheck,Fruits,0.024951070107520314
BRFSS 2021,CholCheck,Veggies,0.017397410712356627
BRFSS 2021,CholCheck,HvyAlcoholConsump,-0.02893348745454917
BRFSS 2021,CholCheck,AnyHealthcare,0.15464011466322417
BRFSS 2021,CholCheck,NoDocbcCost,-0.07140553620461879
BRFSS 2021,CholCheck,GenHlth,0.04164707980425967
BRFSS 2021,CholCheck,MentHlth,-0.01769623399340982
BRFSS 2021,CholCheck,PhysHlth,0.03307575569380341
BRFSS 2021,CholCheck,DiffWalk,0.044965538987485704
BRFSS 2021,CholCheck,Sex,-0.048142649062383115
BRFSS 2021,CholCheck,Age,0.1026759983206351
BRFSS 2021,CholCheck,Education,0.030469893164846742
BRFSS 2021,CholCheck,Income,0.021657198000436896
BRFSS 2021,BMI,Smoker,0.022042640565418062
BRFSS 2021,BMI,Stroke,0.012416771076592522
BRFSS 2021,BMI,HeartDiseaseorAttack,0.04616108233307583
BRFSS 2021,BMI,PhysActivity,-0.1498948211743014
BRFSS 2021,BMI,Fruits,-0.09504669458905478
BRFSS 2021,BMI,Veggies,-0.04762276876045551
BRFSS 2021,BMI,HvyAlcoholConsump,-0.03236344147188
BRFSS 2021,BMI,AnyHealthcare,-0.0057488404180216154
BRFSS 2021,BMI,NoDocbcCost,0.038349255236074735
BRFSS 2021,BMI,GenHlth,0.25554198849606313
BRFSS 2021,BMI,MentHlth,0.05234302081242259
BRFSS 2021,BMI,PhysHlth,0.10980853573565907
BRFSS 2021,BMI,DiffWalk,0.1703181395495711
BRFSS 2021,BMI,Sex,0.04545245765099249
BRFSS 2021,BMI,Age,-0.04381321763355102
BRFSS 2021,BMI,Education,-0.11001228052898757
BRFSS 2021,BMI,Income,-0.08268859109160094
BRFSS 2021,Smoker,Stroke,0.05706359554702755
BRFSS 2021,Smoker,HeartDiseaseorAttack,0.11128341626222661
BRFSS 2021,Smoker,PhysActivity,-0.09372919365416492
BRFSS 2021,Smoker,Fruits,-0.07127741761267478
BRFSS 2021,Smoker,Veggies,-0.016521556794146068
BRFSS 2021,Smoker,HvyAlcoholConsump,0.09894916451797726
BRFSS 2021,Smoker,AnyHealthcare,-0.02368641711417089
BRFSS 2021,Smoker,NoDocbcCost,0.046932139085850096
BRFSS 2021,Smoker,GenHlth,0.16239694698611715
BRFSS 2021,Smoker,MentHlth,0.048140440824481524
BRFSS 2021,Smoker,PhysHlth,0.09015881270900877
BRFSS 2021,Smoker,DiffWalk,0.12363957478539263
BRFSS 2021,Smoker,Sex,0.07371947508049118
BRFSS 2021,Smoker,Age,0.11715925956275289
BRFSS 2021,Smoker,Education,-0.19066123167552568
BRFSS 2021,Smoker,Income,-0.14989495339777834
BRFSS 2021,Stroke,HeartDiseaseorAttack,0.17766743754654868
BRFSS 2021,Stroke,PhysActivity,-0.07875921605123583
BRFSS 2021,Stroke,Fruits,-0.000427512110631657
BRFSS 2021,Stroke,Veggies,-0.024645710659578254
BRFSS 2021,Stroke,HvyAlcoholConsump,-0.01376848566772176
BRFSS 2021,Stroke,AnyHealthcare,0.015463133949800551
BRFSS 2021,Stroke,NoDocbcCost,0.021848593157171962
BRFSS 2021,Stroke,GenHlth,0.14621590581173358
BRFSS 2021,Stroke,MentHlth,0.02521664929263334
BRFSS 2021,Stroke,PhysHlth,0.11006765777638512
BRFSS 2021,Stroke,DiffWalk,0.16256205309530694
BRFSS 2021,Stroke,Sex,0.0012882816275039404
BRFSS 2021,Stroke,Age,0.13089426394787376
BRFSS 2021,Stroke,Education,-0.0614819609171818
BRFSS 2021,Stroke,Income,-0.11256868671939635
BRFSS 2021,HeartDiseaseorAttack,PhysActivity,-0.09770953623043188
BRFSS 2021,HeartDiseaseorAttack,Fruits,-0.0068463071132448755
BRFSS 2021,HeartDiseaseorAttack,Veggies,-0.024644807748249165
BRFSS 2021,HeartDiseaseorAttack,HvyAlcoholConsump,-0.028313619040303814
BRFSS 2021,HeartDiseaseorAttack,AnyHealthcare,0.025104008828682318
BRFSS 2021,HeartDiseaseorAttack,NoDocbcCost,0.014478576000575973
BRFSS 2021,HeartDiseaseorAttack,GenHlth,0.22272589475027257
BRFSS 2021,HeartDiseaseorAttack,MentHlth,0.001577833043722728
BRFSS 2021,HeartDiseaseorAttack,PhysHlth,0.14060578935411933
BRFSS 2021,HeartDiseaseorAttack,DiffWalk,0.1942991358768348
BRFSS 2021,HeartDiseaseorAttack,Sex,0.08559635809862823
BRFSS 2021,HeartDiseaseorAttack,Age,0.22923793533165687
BRFSS 2021,HeartDiseaseorAttack,Education,-0.08024408021964417
BRFSS 2021,HeartDiseaseorAttack,Income,-0.12481509182898645
BRFSS 2021,PhysActivity,Fruits,0.11824501939378163
BRFSS 2021,PhysActivity,Veggies,0.13652667913994218
BRFSS 2021,PhysActivity,HvyAlcoholConsump,0.014531650708676016
BRFSS 2021,PhysActivity,AnyHealthcare,0.024926474189021754
BRFSS 2021,PhysActivity,NoDocbcCost,-0.050099991249275194
BRFSS 2021,PhysActivity,GenHlth,-0.27006385393349974
BRFSS 2021,PhysActivity,MentHlth,-0.06260562499617414
BRFSS 2021,PhysActivity,PhysHlth,-0.19662458093359536
BRFSS 2021,PhysActivity,DiffWalk,-0.2842944335089317
BRFSS 2021,PhysActivity,Sex,0.05862944367283863
BRFSS 2021,PhysActivity,Age,-0.11804631240129024
BRFSS 2021,PhysActivity,Education,0.2100093918211484
BRFSS 2021,PhysActivity,Income,0.23923796018878596
BRFSS 2021,Fruits,Veggies,0.21598217276570006
BRFSS 2021,Fruits,HvyAlcoholConsump,-0.042936456892540296
BRFSS 2021,Fruits,AnyHealthcare,0.019495153547141316
BRFSS 2021,Fruits,NoDocbcCost,-0.029628655136600165
BRFSS 2021,Fruits,GenHlth,-0.08449116909431144
BRFSS 2021,Fruits,MentHlth,-0.058247671944912864
BRFSS 2021,Fruits,PhysHlth,-0.0374869887224542
BRFSS 2021,Fruits,DiffWalk,-0.029690501480764978
BRFSS 2021,Fruits,Sex,-0.05399244867288904
BRFSS 2021,Fruits,Age,0.07348991128216935
BRFSS 2021,Fruits,Education,0.09541127634121623
BRFSS 2021,Fruits,Income,0.05104234199028047
BRFSS 2021,Veggies,HvyAlcoholConsump,0.018503607760500404
BRFSS 2021,Veggies,AnyHealthcare,0.03348501919460386
BRFSS 2021,Veggies,NoDocbcCost,-0.029406404417779006
BRFSS 2021,Veggies,GenHlth,-0.10447292868661111
BRFSS 2021,Veggies,MentHlth,-0.029560019172454217
BRFSS 2021,Veggies,PhysHlth,-0.04905831220902832
BRFSS 2021,Veggies,DiffWalk,-0.06716500979813633
BRFSS 2021,Veggies,Sex,-0.04665189637924319
BRFSS 2021,Veggies,Age,0.0010214712858111936
BRFSS 2021,Veggies,Education,0.12324474708285603
BRFSS 2021,Veggies,Income,0.13468306606167993
BRFSS 2021,HvyAlcoholConsump,AnyHealthcare,-0.016603204754174917
BRFSS 2021,HvyAlcoholConsump,NoDocbcCost,0.012247999716932693
BRFSS 2021,HvyAlcoholConsump,GenHlth,-0.025402223720487723
BRFSS 2021,HvyAlcoholConsump,MentHlth,0.044282602640930556
BRFSS 2021,HvyAlcoholConsump,PhysHlth,-0.01731438950468845
BRFSS 2021,HvyAlcoholConsump,DiffWalk,-0.03241081463165676
BRFSS 2021,HvyAlcoholConsump,Sex,-0.005898650090949933
BRFSS 2021,HvyAlcoholConsump,Age,-0.05291330977522417
BRFSS 2021,HvyAlcoholConsump,Education,0.009622798261406952
BRFSS 2021,HvyAlcoholConsump,Income,0.04781186358774536
BRFSS 2021,AnyHealthcare,NoDocbcCost,-0.2530206123270587
BRFSS 2021,AnyHealthcare,GenHlth,-0.02449135368288058
BRFSS 2021,AnyHealthcare,MentHlth,-0.03255352673875485
BRFSS 2021,AnyHealthcare,PhysHlth,-0.001743714019635815
BRFSS 2021,AnyHealthcare,DiffWalk,0.0209966651776024
BRFSS 2021,AnyHealthcare,Sex,-0.026758950124456334
BRFSS 2021,AnyHealthcare,Age,0.14140888430324924
BRFSS 2021,AnyHealthcare,Education,0.12413956981471626
BRFSS 2021,AnyHealthcare,Income,0.13506864319969922
BRFSS 2021,NoDocbcCost,GenHlth,0.1276248254111266
BRFSS 2021,NoDocbcCost,MentHlth,0.17497891955193245
BRFSS 2021,NoDocbcCost,PhysHlth,0.12955410516797233
BRFSS 2021,NoDocbcCost,DiffWalk,0.08266100027077256
BRFSS 2021,NoDocbcCost,Sex,-0.034770419763698025
BRFSS 2021,NoDocbcCost,Age,-0.13680421320797856
BRFSS 2021,NoDocbcCost,Education,-0.0909275671838144
BRFSS 2021,NoDocbcCost,Income,-0.17039868356934976
BRFSS 2021,GenHlth,MentHlth,0.20399966177820972
BRFSS 2021,GenHlth,PhysHlth,0.4300593902772304
BRFSS 2021,GenHlth,DiffWalk,0.38694428546351656
BRFSS 2021,GenHlth,Sex,-0.011479067198058392
BRFSS 2021,GenHlth,Age,0.15032900551480616
BRFSS 2021,GenHlth,Education,-0.22827486731747706
BRFSS 2021,GenHlth,Income,-0.32345242755367476
BRFSS 2021,MentHlth,PhysHlth,0.29223461993283023
BRFSS 2021,MentHlth,DiffWalk,0.12542643034110929
BRFSS 2021,MentHlth,Sex,-0.14357454682786
BRFSS 2021,MentHlth,Age,-0.24310264583092955
BRFSS 2021,MentHlth,Education,-0.005589429943638421
BRFSS 2021,MentHlth,Income,-0.10012876440224236
BRFSS 2021,PhysHlth,DiffWalk,0.3721515217841181
BRFSS 2021,PhysHlth,Sex,-0.06672138553786121
BRFSS 2021,PhysHlth,Age,0.039268476134323216
BRFSS 2021,PhysHlth,Education,-0.0952436991258743
BRFSS 2021,PhysHlth,Income,-0.20052342099044274
BRFSS 2021,DiffWalk,Sex,-0.06749224754570987
BRFSS 2021,DiffWalk,Age,0.22630280951867232
BRFSS 2021,DiffWalk,Education,-0.16515942525461325
BRFSS 2021,DiffWalk,Income,-0.28937825754007973
BRFSS 2021,Sex,Age,-0.022149334341661178
BRFSS 2021,Sex,Education,-0.011401318103427354
BRFSS 2021,Sex,Income,0.12228293538224175
BRFSS 2021,Age,Education,-0.05724504980730213
BRFSS 2021,Age,Income,-0.1672859665904077
BRFSS 2021,Education,Income,0.42982786712476234
BRFSS 2023,HighBP,HighChol,0.2846098590414647
BRFSS 2023,HighBP,CholCheck,0.09664564136994253
BRFSS 2023,HighBP,BMI,0.21825180003912464
BRFSS 2023,HighBP,Smoker,0.10383037425007968
BRFSS 2023,HighBP,Stroke,0.12347625578587244
BRFSS 2023,HighBP,HeartDiseaseorAttack,0.19761662700116703
BRFSS 2023,HighBP,PhysActivity,-0.13365685132222918
BRFSS 2023,HighBP,NoDocbcCost,-0.02091118417707118
BRFSS 2023,HighBP,GenHlth,0.25672197983030187
BRFSS 2023,HighBP,MentHlth,-0.03827073979247188
BRFSS 2023,HighBP,PhysHlth,0.11405796674856941
BRFSS 2023,HighBP,DiffWalk,0.20174330226894663
BRFSS 2023,HighBP,Sex,0.07304072287752629
BRFSS 2023,HighBP,Age,0.3475289945658583
BRFSS 2023,HighBP,Education,-0.09906622368392025
BRFSS 2023,HighBP,Income,-0.13846817093982863
BRFSS 2023,HighChol,CholCheck,0.10179672096841567
BRFSS 2023,HighChol,BMI,0.10241388057717724
BRFSS 2023,HighChol,Smoker,0.08297303925427413
BRFSS 2023,HighChol,Stroke,0.08393992150323003
BRFSS 2023,HighChol,HeartDiseaseorAttack,0.1618766113966454
BRFSS 2023,HighChol,PhysActivity,-0.07165666113625617
BRFSS 2023,HighChol,NoDocbcCost,-0.023991696425411345
BRFSS 2023,HighChol,GenHlth,0.1656976796034698
BRFSS 2023,HighChol,MentHlth,-0.008902937277374
BRFSS 2023,HighChol,PhysHlth,0.08977801039381567
BRFSS 2023,HighChol,DiffWalk,0.11662964428063512
BRFSS 2023,HighChol,Sex,0.017614869094259793
BRFSS 2023,HighChol,Age,0.27838525209901127
BRFSS 2023,HighChol,Education,-0.01870822736460532
BRFSS 2023,HighChol,Income,-0.05735316488592548
BRFSS 2023,CholCheck,BMI,0.03941363516373808
BRFSS 2023,CholCheck,Smoker,-0.01616957404650101
BRFSS 2023,CholCheck,Stroke,0.02411919500028723
BRFSS 2023,CholCheck,HeartDiseaseorAttack,0.041050391162535046
BRFSS 2023,CholCheck,PhysActivity,-0.008078078783343658
BRFSS 2023,CholCheck,NoDocbcCost,-0.0787093890989811
BRFSS 2023,CholCheck,GenHlth,0.03040644947512315
BRFSS 2023,CholCheck,MentHlth,-0.026372136669011732
BRFSS 2023,CholCheck,PhysHlth,0.028269086026090524
BRFSS 2023,CholCheck,DiffWalk,0.03993233289776749
BRFSS 2023,CholCheck,Sex,-0.056154434212514745
BRFSS 2023,CholCheck,Age,0.1080050970964124
BRFSS 2023,CholCheck,Education,0.03849993829536663
BRFSS 2023,CholCheck,Income,0.02323453586517519
BRFSS 2023,BMI,Smoker,0.016403554028112895
BRFSS 2023,BMI,Stroke,0.01029307092058699
BRFSS 2023,BMI,HeartDiseaseorAttack,0.03710331851167491
BRFSS 2023,BMI,PhysActivity,-0.14507075345171333
BRFSS 2023,BMI,NoDocbcCost,0.03414858178542287
BRFSS 2023,BMI,GenHlth,0.24344068071663505
BRFSS 2023,BMI,MentHlth,0.05370061585449587
BRFSS 2023,BMI,PhysHlth,0.10238407417836477
BRFSS 2023,BMI,DiffWalk,0.1534235621343951
BRFSS 2023,BMI,Sex,0.04308015642834954
BRFSS 2023,BMI,Age,-0.04867627368150376
BRFSS 2023,BMI,Education,-0.10242632383937487
BRFSS 2023,BMI,Income,-0.062082365688727166
BRFSS 2023,Smoker,Stroke,0.06359068668730582
BRFSS 2023,Smoker,HeartDiseaseorAttack,0.11135239726398968
BRFSS 2023,Smoker,PhysActivity,-0.09702437788981835
BRFSS 2023,Smoker,NoDocbcCost,0.04426305238923912
BRFSS 2023,Smoker,GenHlth,0.15924178767887737
BRFSS 2023,Smoker,MentHlth,0.04986298666953542
BRFSS 2023,Smoker,PhysHlth,0.08835259010865534
BRFSS 2023,Smoker,DiffWalk,0.12415334987355696
BRFSS 2023,Smoker,Sex,0.07590911302794386
BRFSS 2023,Smoker,Age,0.1306688533573509
BRFSS 2023,Smoker,Education,-0.18798503055807167
BRFSS 2023,Smoker,Income,-0.1382357344261857
BRFSS 2023,Stroke,HeartDiseaseorAttack,0.1911989432715991
BRFSS 2023,Stroke,PhysActivity,-0.08446173236370817
BRFSS 2023,Stroke,NoDocbcCost,0.018346013130287313
BRFSS 2023,Stroke,GenHlth,0.14612401799955158
BRFSS 2023,Stroke,MentHlth,0.028006095654731653
BRFSS 2023,Stroke,PhysHlth,0.10724983505946452
BRFSS 2023,Stroke,DiffWalk,0.17190057406947754
BRFSS 2023,Stroke,Sex,0.007681438778610928
BRFSS 2023,Stroke,Age,0.13475278228233387
BRFSS 2023,Stroke,Education,-0.06168554352839455
BRFSS 2023,Stroke,Income,-0.11132943862167849
BRFSS 2023,HeartDiseaseorAttack,PhysActivity,-0.1039202322862261
BRFSS 2023,HeartDiseaseorAttack,NoDocbcCost,0.003800748119933843
BRFSS 2023,HeartDiseaseorAttack,GenHlth,0.21480187347407395
BRFSS 2023,HeartDiseaseorAttack,MentHlth,-0.0005487086150814836
BRFSS 2023,HeartDiseaseorAttack,PhysHlth,0.13465081447573332
BRFSS 2023,HeartDiseaseorAttack,DiffWalk,0.19787603346019841
BRFSS 2023,HeartDiseaseorAttack,Sex,0.08379681845960743
BRFSS 2023,HeartDiseaseorAttack,Age,0.23098865597272203
BRFSS 2023,HeartDiseaseorAttack,Education,-0.0770283024963833
BRFSS 2023,HeartDiseaseorAttack,Income,-0.12096017836418244
BRFSS 2023,PhysActivity,NoDocbcCost,-0.04604913139308522
BRFSS 2023,PhysActivity,GenHlth,-0.2824511589997655
BRFSS 2023,PhysActivity,MentHlth,-0.0636358644086137
BRFSS 2023,PhysActivity,PhysHlth,-0.19667351190642604
BRFSS 2023,PhysActivity,DiffWalk,-0.29723505216844953
BRFSS 2023,PhysActivity,Sex,0.057116603957802055
BRFSS 2023,PhysActivity,Age,-0.12633913602972688
BRFSS 2023,PhysActivity,Education,0.2148544408974301
BRFSS 2023,PhysActivity,Income,0.24671331308888947
BRFSS 2023,NoDocbcCost,GenHlth,0.141976535349865
BRFSS 2023,NoDocbcCost,MentHlth,0.19776364326023932
BRFSS 2023,NoDocbcCost,PhysHlth,0.1379070945364695
BRFSS 2023,NoDocbcCost,DiffWalk,0.07227450387071119
BRFSS 2023,NoDocbcCost,Sex,-0.0342980412904327
BRFSS 2023,NoDocbcCost,Age,-0.16355038376029546
BRFSS 2023,NoDocbcCost,Education,-0.09959790408663684
BRFSS 2023,NoDocbcCost,Income,-0.168398117308085
BRFSS 2023,GenHlth,MentHlth,0.2334215170659518
BRFSS 2023,GenHlth,PhysHlth,0.440474179392791
BRFSS 2023,GenHlth,DiffWalk,0.3862689736827914
BRFSS 2023,GenHlth,Sex,-0.009903395094843356
BRFSS 2023,GenHlth,Age,0.11725216677083372
BRFSS 2023,GenHlth,Education,-0.23359566019205147
BRFSS 2023,GenHlth,Income,-0.318551286089144
BRFSS 2023,MentHlth,PhysHlth,0.30981009465186826
BRFSS 2023,MentHlth,DiffWalk,0.12134007218608675
BRFSS 2023,MentHlth,Sex,-0.1328484074509535
BRFSS 2023,MentHlth,Age,-0.2730820288186929
BRFSS 2023,MentHlth,Education,-0.022698223215599108
BRFSS 2023,MentHlth,Income,-0.09781193869447606
BRFSS 2023,PhysHlth,DiffWalk,0.36643909114847556
BRFSS 2023,PhysHlth,Sex,-0.06752070302735504
BRFSS 2023,PhysHlth,Age,0.022252767345467606
BRFSS 2023,PhysHlth,Education,-0.08408084773924883
BRFSS 2023,PhysHlth,Income,-0.18398978619307363
BRFSS 2023,DiffWalk,Sex,-0.06168341776385057
BRFSS 2023,DiffWalk,Age,0.23106692729048128
BRFSS 2023,DiffWalk,Education,-0.1650523792798517
BRFSS 2023,DiffWalk,Income,-0.27999629672206994
BRFSS 2023,Sex,Age,-0.01863472433574413
BRFSS 2023,Sex,Education,-0.015520184993333332
BRFSS 2023,Sex,Income,0.11893187746414387
BRFSS 2023,Age,Education,-0.03353481368062742
BRFSS 2023,Age,Income,-0.16198476261432598
BRFSS 2023,Education,Income,0.4277490212869148
