analysis,p,cycle,method,model,value
NHANES label pairs below seed p5,0.8,2017-2020,SHAP,logistic_regression,0.0
NHANES label pairs below seed p5,0.8,2017-2020,SHAP,random_forest,0.13333333333333333
NHANES label pairs below seed p5,0.8,2017-2020,SHAP,xgboost,0.03333333333333333
NHANES label pairs below seed p5,0.8,2017-2020,PI,logistic_regression,0.16666666666666666
NHANES label pairs below seed p5,0.8,2017-2020,PI,random_forest,0.03333333333333333
NHANES label pairs below seed p5,0.8,2017-2020,PI,xgboost,0.03333333333333333
NHANES label pairs below seed p5,0.8,2021-2023,SHAP,logistic_regression,0.5333333333333333
NHANES label pairs below seed p5,0.8,2021-2023,SHAP,random_forest,0.03333333333333333
NHANES label pairs below seed p5,0.8,2021-2023,SHAP,xgboost,0.03333333333333333
NHANES label pairs below seed p5,0.8,2021-2023,PI,logistic_regression,0.3333333333333333
NHANES label pairs below seed p5,0.8,2021-2023,PI,random_forest,0.0
NHANES label pairs below seed p5,0.8,2021-2023,PI,xgboost,0.0
NHANES label pairs below seed p5,0.9,2017-2020,SHAP,logistic_regression,0.03333333333333333
NHANES label pairs below seed p5,0.9,2017-2020,SHAP,random_forest,0.13333333333333333
NHANES label pairs below seed p5,0.9,2017-2020,SHAP,xgboost,0.13333333333333333
NHANES label pairs below seed p5,0.9,2017-2020,PI,logistic_regression,0.16666666666666666
NHANES label pairs below seed p5,0.9,2017-2020,PI,random_forest,0.03333333333333333
NHANES label pairs below seed p5,0.9,2017-2020,PI,xgboost,0.03333333333333333
NHANES label pairs below seed p5,0.9,2021-2023,SHAP,logistic_regression,0.5333333333333333
NHANES label pairs below seed p5,0.9,2021-2023,SHAP,random_forest,0.03333333333333333
NHANES label pairs below seed p5,0.9,2021-2023,SHAP,xgboost,0.03333333333333333
NHANES label pairs below seed p5,0.9,2021-2023,PI,logistic_regression,0.3333333333333333
NHANES label pairs below seed p5,0.9,2021-2023,PI,random_forest,0.0
NHANES label pairs below seed p5,0.9,2021-2023,PI,xgboost,0.0
NHANES label pairs below seed p5,0.95,2017-2020,SHAP,logistic_regression,0.06666666666666667
NHANES label pairs below seed p5,0.95,2017-2020,SHAP,random_forest,0.13333333333333333
NHANES label pairs below seed p5,0.95,2017-2020,SHAP,xgboost,0.23333333333333334
NHANES label pairs below seed p5,0.95,2017-2020,PI,logistic_regression,0.16666666666666666
NHANES label pairs below seed p5,0.95,2017-2020,PI,random_forest,0.03333333333333333
NHANES label pairs below seed p5,0.95,2017-2020,PI,xgboost,0.06666666666666667
NHANES label pairs below seed p5,0.95,2021-2023,SHAP,logistic_regression,0.5
NHANES label pairs below seed p5,0.95,2021-2023,SHAP,random_forest,0.03333333333333333
NHANES label pairs below seed p5,0.95,2021-2023,SHAP,xgboost,0.03333333333333333
NHANES label pairs below seed p5,0.95,2021-2023,PI,logistic_regression,0.3
NHANES label pairs below seed p5,0.95,2021-2023,PI,random_forest,0.0
NHANES label pairs below seed p5,0.95,2021-2023,PI,xgboost,0.0
"BRFSS mean RBO, method axis",0.8,2015,,logistic_regression,0.9632937037964723
"BRFSS mean RBO, method axis",0.8,2015,,random_forest,0.8806040285046696
"BRFSS mean RBO, method axis",0.8,2015,,xgboost,0.841599026867327
"BRFSS mean RBO, model axis",0.8,2015,SHAP,,0.9068184518203256
"BRFSS mean RBO, model axis",0.8,2015,SHAP,,0.8416345939633607
"BRFSS mean RBO, model axis",0.8,2015,SHAP,,0.8739951603714367
"BRFSS mean RBO, model axis",0.8,2015,PI,,0.9543503537649375
"BRFSS mean RBO, model axis",0.8,2015,PI,,0.9891604605099626
"BRFSS mean RBO, model axis",0.8,2015,PI,,0.9493193280460104
"BRFSS mean RBO, method axis",0.8,2015,,logistic_regression,0.8881368018841017
"BRFSS mean RBO, method axis",0.8,2015,,random_forest,0.8024466166720965
"BRFSS mean RBO, method axis",0.8,2015,,xgboost,0.8453036722903637
"BRFSS mean RBO, model axis",0.8,2015,SHAP,,0.8247205034618061
"BRFSS mean RBO, model axis",0.8,2015,SHAP,,0.8443189485233606
"BRFSS mean RBO, model axis",0.8,2015,SHAP,,0.9119148999062505
"BRFSS mean RBO, model axis",0.8,2015,PI,,0.9640236439275839
"BRFSS mean RBO, model axis",0.8,2015,PI,,0.980298860288642
"BRFSS mean RBO, model axis",0.8,2015,PI,,0.958274100062811
"BRFSS mean RBO, method axis",0.8,2015,,logistic_regression,0.8934180981935156
"BRFSS mean RBO, method axis",0.8,2015,,random_forest,0.8754441025171139
"BRFSS mean RBO, method axis",0.8,2015,,xgboost,0.8524416375059931
"BRFSS mean RBO, model axis",0.8,2015,SHAP,,0.8208598533275655
"BRFSS mean RBO, model axis",0.8,2015,SHAP,,0.8508012202612342
"BRFSS mean RBO, model axis",0.8,2015,SHAP,,0.83132849370477
"BRFSS mean RBO, model axis",0.8,2015,PI,,0.9477322189437659
"BRFSS mean RBO, model axis",0.8,2015,PI,,0.9908564471270193
"BRFSS mean RBO, model axis",0.8,2015,PI,,0.9489849177384326
"BRFSS mean RBO, method axis",0.8,2015,,logistic_regression,0.8530324631133306
"BRFSS mean RBO, method axis",0.8,2015,,random_forest,0.8850051421120966
"BRFSS mean RBO, method axis",0.8,2015,,xgboost,0.848816878474662
"BRFSS mean RBO, model axis",0.8,2015,SHAP,,0.8127170392197439
"BRFSS mean RBO, model axis",0.8,2015,SHAP,,0.8624034649248613
"BRFSS mean RBO, model axis",0.8,2015,SHAP,,0.8636588999062506
"BRFSS mean RBO, model axis",0.8,2015,PI,,0.9483668074503053
"BRFSS mean RBO, model axis",0.8,2015,PI,,0.9886339384239234
"BRFSS mean RBO, model axis",0.8,2015,PI,,0.9499391447764545
"BRFSS mean RBO, method axis",0.8,2015,,logistic_regression,0.84676941107075
"BRFSS mean RBO, method axis",0.8,2015,,random_forest,0.923791297267821
"BRFSS mean RBO, method axis",0.8,2015,,xgboost,0.8505701770895493
"BRFSS mean RBO, model axis",0.8,2015,SHAP,,0.822018444092175
"BRFSS mean RBO, model axis",0.8,2015,SHAP,,0.9013654362256859
"BRFSS mean RBO, model axis",0.8,2015,SHAP,,0.832354704557361
"BRFSS mean RBO, model axis",0.8,2015,PI,,0.9100101014200174
"BRFSS mean RBO, model axis",0.8,2015,PI,,0.9853596944911632
"BRFSS mean RBO, model axis",0.8,2015,PI,,0.9066825887370273
"BRFSS mean RBO, method axis",0.8,2021,,logistic_regression,0.9293938815153087
"BRFSS mean RBO, method axis",0.8,2021,,random_forest,0.7978730968860214
"BRFSS mean RBO, method axis",0.8,2021,,xgboost,0.844136779876957
"BRFSS mean RBO, model axis",0.8,2021,SHAP,,0.8115090395588566
"BRFSS mean RBO, model axis",0.8,2021,SHAP,,0.9043706922178661
"BRFSS mean RBO, model axis",0.8,2021,SHAP,,0.8148929531860082
"BRFSS mean RBO, model axis",0.8,2021,PI,,0.9613826728756243
"BRFSS mean RBO, model axis",0.8,2021,PI,,0.9981884236989977
"BRFSS mean RBO, model axis",0.8,2021,PI,,0.9613826728756243
"BRFSS mean RBO, method axis",0.8,2021,,logistic_regression,0.846105415944197
"BRFSS mean RBO, method axis",0.8,2021,,random_forest,0.798845110822475
"BRFSS mean RBO, method axis",0.8,2021,,xgboost,0.8422377907653683
"BRFSS mean RBO, model axis",0.8,2021,SHAP,,0.7876352109874281
"BRFSS mean RBO, model axis",0.8,2021,SHAP,,0.8886292444829778
"BRFSS mean RBO, model axis",0.8,2021,SHAP,,0.8894316198526748
"BRFSS mean RBO, model axis",0.8,2021,PI,,0.9636194032170717
"BRFSS mean RBO, model axis",0.8,2021,PI,,0.9090138589595925
"BRFSS mean RBO, model axis",0.8,2021,PI,,0.8863636418925132
"BRFSS mean RBO, method axis",0.8,2021,,logistic_regression,0.8803353964441017
"BRFSS mean RBO, method axis",0.8,2021,,random_forest,0.6027881208983518
"BRFSS mean RBO, method axis",0.8,2021,,xgboost,0.8461858537101953
"BRFSS mean RBO, model axis",0.8,2021,SHAP,,0.6115090395588566
"BRFSS mean RBO, model axis",0.8,2021,SHAP,,0.8696179530544065
"BRFSS mean RBO, model axis",0.8,2021,SHAP,,0.6948929531860083
"BRFSS mean RBO, model axis",0.8,2021,PI,,0.8868176681819753
"BRFSS mean RBO, model axis",0.8,2021,PI,,0.9104566652146489
"BRFSS mean RBO, model axis",0.8,2021,PI,,0.9676629177458281
"BRFSS mean RBO, method axis",0.8,2021,,logistic_regression,0.9368694884483857
"BRFSS mean RBO, method axis",0.8,2021,,random_forest,0.8130813768850057
"BRFSS mean RBO, method axis",0.8,2021,,xgboost,0.8433113916898055
"BRFSS mean RBO, model axis",0.8,2021,SHAP,,0.8059714688492462
"BRFSS mean RBO, model axis",0.8,2021,SHAP,,0.9058520138686598
"BRFSS mean RBO, model axis",0.8,2021,SHAP,,0.8948929531860081
"BRFSS mean RBO, model axis",0.8,2021,PI,,0.9837685802970535
"BRFSS mean RBO, model axis",0.8,2021,PI,,0.9870616010977744
"BRFSS mean RBO, model axis",0.8,2021,PI,,0.9772893797078084
"BRFSS mean RBO, method axis",0.8,2021,,logistic_regression,0.9394258573213156
"BRFSS mean RBO, method axis",0.8,2021,,random_forest,0.8100060921991763
"BRFSS mean RBO, method axis",0.8,2021,,xgboost,0.8495098832219055
"BRFSS mean RBO, model axis",0.8,2021,SHAP,,0.8034328047859475
"BRFSS mean RBO, model axis",0.8,2021,SHAP,,0.8968675565896443
"BRFSS mean RBO, model axis",0.8,2021,SHAP,,0.8943065469845276
"BRFSS mean RBO, model axis",0.8,2021,PI,,0.9739630204648435
"BRFSS mean RBO, model axis",0.8,2021,PI,,0.9912441872301304
"BRFSS mean RBO, model axis",0.8,2021,PI,,0.9702347502426213
"BRFSS mean RBO, method axis",0.8,2023,,logistic_regression,0.9360708159431811
"BRFSS mean RBO, method axis",0.8,2023,,random_forest,0.5134918446552961
"BRFSS mean RBO, method axis",0.8,2023,,xgboost,0.8339825778157195
"BRFSS mean RBO, model axis",0.8,2023,SHAP,,0.5276296125566553
"BRFSS mean RBO, model axis",0.8,2023,SHAP,,0.8949818745348488
"BRFSS mean RBO, model axis",0.8,2023,SHAP,,0.6202793671156394
"BRFSS mean RBO, model axis",0.8,2023,PI,,0.9045516418721957
"BRFSS mean RBO, model axis",0.8,2023,PI,,0.9867172445027037
"BRFSS mean RBO, model axis",0.8,2023,PI,,0.9123959224197513
"BRFSS mean RBO, method axis",0.8,2023,,logistic_regression,0.9674075575547354
"BRFSS mean RBO, method axis",0.8,2023,,random_forest,0.5107476059798547
"BRFSS mean RBO, method axis",0.8,2023,,xgboost,0.6369949107653685
"BRFSS mean RBO, model axis",0.8,2023,SHAP,,0.542018444092175
"BRFSS mean RBO, model axis",0.8,2023,SHAP,,0.8543830585693813
"BRFSS mean RBO, model axis",0.8,2023,SHAP,,0.632242293109064
"BRFSS mean RBO, model axis",0.8,2023,PI,,0.9301956204012463
"BRFSS mean RBO, model axis",0.8,2023,PI,,0.782638166033349
"BRFSS mean RBO, model axis",0.8,2023,PI,,0.7308130384691511
"BRFSS mean RBO, method axis",0.8,2023,,logistic_regression,0.9220862215902835
"BRFSS mean RBO, method axis",0.8,2023,,random_forest,0.5138169706761296
"BRFSS mean RBO, method axis",0.8,2023,,xgboost,0.8407861327237709
"BRFSS mean RBO, model axis",0.8,2023,SHAP,,0.5375773077460082
"BRFSS mean RBO, model axis",0.8,2023,SHAP,,0.8950974673742298
"BRFSS mean RBO, model axis",0.8,2023,SHAP,,0.6269994131090639
"BRFSS mean RBO, model axis",0.8,2023,PI,,0.9096457637547556
"BRFSS mean RBO, model axis",0.8,2023,PI,,0.9911859095440153
"BRFSS mean RBO, model axis",0.8,2023,PI,,0.9032895399166951
"BRFSS mean RBO, method axis",0.8,2023,,logistic_regression,0.9332175997935707
"BRFSS mean RBO, method axis",0.8,2023,,random_forest,0.534151907033269
"BRFSS mean RBO, method axis",0.8,2023,,xgboost,0.6399411763084797
"BRFSS mean RBO, model axis",0.8,2023,SHAP,,0.5307048972424846
"BRFSS mean RBO, model axis",0.8,2023,SHAP,,0.8941965090864374
"BRFSS mean RBO, model axis",0.8,2023,SHAP,,0.6271658760361353
"BRFSS mean RBO, model axis",0.8,2023,PI,,0.8987254232914541
"BRFSS mean RBO, model axis",0.8,2023,PI,,0.7826670382823661
"BRFSS mean RBO, model axis",0.8,2023,PI,,0.6953282026075096
"BRFSS mean RBO, method axis",0.8,2023,,logistic_regression,0.9253761716148305
"BRFSS mean RBO, method axis",0.8,2023,,random_forest,0.5310100461679623
"BRFSS mean RBO, method axis",0.8,2023,,xgboost,0.6375976951722708
"BRFSS mean RBO, model axis",0.8,2023,SHAP,,0.5388300065406749
"BRFSS mean RBO, model axis",0.8,2023,SHAP,,0.9073036507041842
"BRFSS mean RBO, model axis",0.8,2023,SHAP,,0.6250471552472457
"BRFSS mean RBO, model axis",0.8,2023,PI,,0.9196572272213762
"BRFSS mean RBO, model axis",0.8,2023,PI,,0.784798274320924
"BRFSS mean RBO, model axis",0.8,2023,PI,,0.7125317363152094
"BRFSS mean RBO, method axis",0.9,2015,,logistic_regression,0.9529520494891559
"BRFSS mean RBO, method axis",0.9,2015,,random_forest,0.8730257088003154
"BRFSS mean RBO, method axis",0.9,2015,,xgboost,0.8848707353522207
"BRFSS mean RBO, model axis",0.9,2015,SHAP,,0.909014807217317
"BRFSS mean RBO, model axis",0.9,2015,SHAP,,0.8825700067216279
"BRFSS mean RBO, model axis",0.9,2015,SHAP,,0.892199133327317
"BRFSS mean RBO, model axis",0.9,2015,PI,,0.9449693654832617
"BRFSS mean RBO, model axis",0.9,2015,PI,,0.9802783066911775
"BRFSS mean RBO, model axis",0.9,2015,PI,,0.9342829015300309
"BRFSS mean RBO, method axis",0.9,2015,,logistic_regression,0.914508708656417
"BRFSS mean RBO, method axis",0.9,2015,,random_forest,0.8320138621451296
"BRFSS mean RBO, method axis",0.9,2015,,xgboost,0.8898608258729177
"BRFSS mean RBO, model axis",0.9,2015,SHAP,,0.8616657218243143
"BRFSS mean RBO, model axis",0.9,2015,SHAP,,0.8864442116116279
"BRFSS mean RBO, model axis",0.9,2015,SHAP,,0.9117242528243144
"BRFSS mean RBO, model axis",0.9,2015,PI,,0.9543436925535644
"BRFSS mean RBO, model axis",0.9,2015,PI,,0.9693455544596594
"BRFSS mean RBO, model axis",0.9,2015,PI,,0.948838916176504
"BRFSS mean RBO, method axis",0.9,2015,,logistic_regression,0.9248260895166189
"BRFSS mean RBO, method axis",0.9,2015,,random_forest,0.8656276514995653
"BRFSS mean RBO, method axis",0.9,2015,,xgboost,0.8995343234785624
"BRFSS mean RBO, model axis",0.9,2015,SHAP,,0.8535373606817529
"BRFSS mean RBO, model axis",0.9,2015,SHAP,,0.8924182686648703
"BRFSS mean RBO, model axis",0.9,2015,SHAP,,0.865199133327317
"BRFSS mean RBO, model axis",0.9,2015,PI,,0.9344459990288911
"BRFSS mean RBO, model axis",0.9,2015,PI,,0.9840281601145857
"BRFSS mean RBO, model axis",0.9,2015,PI,,0.9357051156181413
"BRFSS mean RBO, method axis",0.9,2015,,logistic_regression,0.8937418831932712
"BRFSS mean RBO, method axis",0.9,2015,,random_forest,0.8791183685051295
"BRFSS mean RBO, method axis",0.9,2015,,xgboost,0.8927531105531207
"BRFSS mean RBO, model axis",0.9,2015,SHAP,,0.8474751200897938
"BRFSS mean RBO, model axis",0.9,2015,SHAP,,0.9074081505768227
"BRFSS mean RBO, model axis",0.9,2015,SHAP,,0.8838827528243144
"BRFSS mean RBO, model axis",0.9,2015,PI,,0.933037199791489
"BRFSS mean RBO, model axis",0.9,2015,PI,,0.9780275375491262
"BRFSS mean RBO, model axis",0.9,2015,PI,,0.9341945345717528
"BRFSS mean RBO, method axis",0.9,2015,,logistic_regression,0.8867784048146055
"BRFSS mean RBO, method axis",0.9,2015,,random_forest,0.9005804245004745
"BRFSS mean RBO, method axis",0.9,2015,,xgboost,0.8956324156022207
"BRFSS mean RBO, model axis",0.9,2015,SHAP,,0.8596946918969033
"BRFSS mean RBO, model axis",0.9,2015,SHAP,,0.9318017484153356
"BRFSS mean RBO, model axis",0.9,2015,SHAP,,0.868011072399906
"BRFSS mean RBO, model axis",0.9,2015,PI,,0.9121799570214685
"BRFSS mean RBO, model axis",0.9,2015,PI,,0.971424295903562
"BRFSS mean RBO, model axis",0.9,2015,PI,,0.9044654978161888
"BRFSS mean RBO, method axis",0.9,2021,,logistic_regression,0.9363782593496596
"BRFSS mean RBO, method axis",0.9,2021,,random_forest,0.826140924341377
"BRFSS mean RBO, method axis",0.9,2021,,xgboost,0.888506640320815
"BRFSS mean RBO, model axis",0.9,2021,SHAP,,0.8420781675075776
"BRFSS mean RBO, model axis",0.9,2021,SHAP,,0.9318501858027768
"BRFSS mean RBO, model axis",0.9,2021,SHAP,,0.8478630598092366
"BRFSS mean RBO, model axis",0.9,2021,PI,,0.9531777351559735
"BRFSS mean RBO, model axis",0.9,2021,PI,,0.9953724424786046
"BRFSS mean RBO, model axis",0.9,2021,PI,,0.9531777351559735
"BRFSS mean RBO, method axis",0.9,2021,,logistic_regression,0.8878821099252511
"BRFSS mean RBO, method axis",0.9,2021,,random_forest,0.8323698879819927
"BRFSS mean RBO, method axis",0.9,2021,,xgboost,0.8864480538796213
"BRFSS mean RBO, model axis",0.9,2021,SHAP,,0.8213641532218633
"BRFSS mean RBO, model axis",0.9,2021,SHAP,,0.9170271056210549
"BRFSS mean RBO, model axis",0.9,2021,SHAP,,0.8895825598092366
"BRFSS mean RBO, model axis",0.9,2021,PI,,0.9560712655002772
"BRFSS mean RBO, model axis",0.9,2021,PI,,0.9350400067697716
"BRFSS mean RBO, model axis",0.9,2021,PI,,0.9142198207452236
"BRFSS mean RBO, method axis",0.9,2021,,logistic_regression,0.9064254910464171
"BRFSS mean RBO, method axis",0.9,2021,,random_forest,0.7296876617555731
"BRFSS mean RBO, method axis",0.9,2021,,xgboost,0.8920074439419812
"BRFSS mean RBO, model axis",0.9,2021,SHAP,,0.7420781675075775
"BRFSS mean RBO, model axis",0.9,2021,SHAP,,0.9134393311567691
"BRFSS mean RBO, model axis",0.9,2021,SHAP,,0.7928630598092365
"BRFSS mean RBO, model axis",0.9,2021,PI,,0.9123995480996596
"BRFSS mean RBO, model axis",0.9,2021,PI,,0.939606108031847
"BRFSS mean RBO, model axis",0.9,2021,PI,,0.9584895169034119
"BRFSS mean RBO, method axis",0.9,2021,,logistic_regression,0.9470773658565294
"BRFSS mean RBO, method axis",0.9,2021,,random_forest,0.8432355022878413
"BRFSS mean RBO, method axis",0.9,2021,,xgboost,0.884826254379156
"BRFSS mean RBO, model axis",0.9,2021,SHAP,,0.8376559572227724
"BRFSS mean RBO, model axis",0.9,2021,SHAP,,0.9350198517670625
"BRFSS mean RBO, model axis",0.9,2021,SHAP,,0.8928630598092366
"BRFSS mean RBO, model axis",0.9,2021,PI,,0.9750353777984659
"BRFSS mean RBO, model axis",0.9,2021,PI,,0.9768702027688626
"BRFSS mean RBO, model axis",0.9,2021,PI,,0.9640032155627427
"BRFSS mean RBO, method axis",0.9,2021,,logistic_regression,0.9498691143918468
"BRFSS mean RBO, method axis",0.9,2021,,random_forest,0.8369227595940861
"BRFSS mean RBO, method axis",0.9,2021,,xgboost,0.898517985888694
"BRFSS mean RBO, model axis",0.9,2021,SHAP,,0.832961033724866
"BRFSS mean RBO, model axis",0.9,2021,SHAP,,0.9229944007310549
"BRFSS mean RBO, model axis",0.9,2021,SHAP,,0.8913379403122392
"BRFSS mean RBO, model axis",0.9,2021,PI,,0.9666407630494196
"BRFSS mean RBO, model axis",0.9,2021,PI,,0.9857344843053358
"BRFSS mean RBO, model axis",0.9,2021,PI,,0.9618577940494196
"BRFSS mean RBO, method axis",0.9,2023,,logistic_regression,0.9439979766217153
"BRFSS mean RBO, method axis",0.9,2023,,random_forest,0.6724578474986562
"BRFSS mean RBO, method axis",0.9,2023,,xgboost,0.8738027266448074
"BRFSS mean RBO, model axis",0.9,2023,SHAP,,0.6937182230401834
"BRFSS mean RBO, model axis",0.9,2023,SHAP,,0.9221995850758689
"BRFSS mean RBO, model axis",0.9,2023,SHAP,,0.7537082946266477
"BRFSS mean RBO, model axis",0.9,2023,PI,,0.909991921319509
"BRFSS mean RBO, model axis",0.9,2023,PI,,0.9778721260705217
"BRFSS mean RBO, model axis",0.9,2023,PI,,0.9212641835102591
"BRFSS mean RBO, method axis",0.9,2023,,logistic_regression,0.9601285848552235
"BRFSS mean RBO, method axis",0.9,2023,,random_forest,0.6693092922537102
"BRFSS mean RBO, method axis",0.9,2023,,xgboost,0.7804693426296214
"BRFSS mean RBO, model axis",0.9,2023,SHAP,,0.7146946918969034
"BRFSS mean RBO, model axis",0.9,2023,SHAP,,0.8939319720218677
"BRFSS mean RBO, model axis",0.9,2023,SHAP,,0.7717154887361534
"BRFSS mean RBO, model axis",0.9,2023,PI,,0.9140407440535222
"BRFSS mean RBO, model axis",0.9,2023,PI,,0.8724394821450825
"BRFSS mean RBO, model axis",0.9,2023,PI,,0.8149264593739384
"BRFSS mean RBO, method axis",0.9,2023,,logistic_regression,0.926723816354758
"BRFSS mean RBO, method axis",0.9,2023,,random_forest,0.673925981505573
"BRFSS mean RBO, method axis",0.9,2023,,xgboost,0.8848984383385624
"BRFSS mean RBO, model axis",0.9,2023,SHAP,,0.7067372646992366
"BRFSS mean RBO, model axis",0.9,2023,SHAP,,0.9177621680209586
"BRFSS mean RBO, model axis",0.9,2023,SHAP,,0.7657367774861533
"BRFSS mean RBO, model axis",0.9,2023,PI,,0.9164195748234205
"BRFSS mean RBO, model axis",0.9,2023,PI,,0.9839862318330406
"BRFSS mean RBO, model axis",0.9,2023,PI,,0.9058328340298002
"BRFSS mean RBO, method axis",0.9,2023,,logistic_regression,0.94344997122691
"BRFSS mean RBO, method axis",0.9,2023,,random_forest,0.7015570475862785
"BRFSS mean RBO, method axis",0.9,2023,,xgboost,0.7842801731803715
"BRFSS mean RBO, model axis",0.9,2023,SHAP,,0.7000309657339385
"BRFSS mean RBO, model axis",0.9,2023,SHAP,,0.9203839666270625
"BRFSS mean RBO, model axis",0.9,2023,SHAP,,0.7633846602696527
"BRFSS mean RBO, model axis",0.9,2023,PI,,0.9028598669265064
"BRFSS mean RBO, model axis",0.9,2023,PI,,0.8723532366766099
"BRFSS mean RBO, model axis",0.9,2023,PI,,0.79581120383884
"BRFSS mean RBO, method axis",0.9,2023,,logistic_regression,0.9335019861240575
"BRFSS mean RBO, method axis",0.9,2023,,random_forest,0.6929840769303783
"BRFSS mean RBO, method axis",0.9,2023,,xgboost,0.7782001277301458
"BRFSS mean RBO, model axis",0.9,2023,SHAP,,0.7079963812884866
"BRFSS mean RBO, model axis",0.9,2023,SHAP,,0.9343972455675189
"BRFSS mean RBO, model axis",0.9,2023,SHAP,,0.7625669734852442
"BRFSS mean RBO, model axis",0.9,2023,PI,,0.9212105435129464
"BRFSS mean RBO, model axis",0.9,2023,PI,,0.8790512341296214
"BRFSS mean RBO, model axis",0.9,2023,PI,,0.8093789114252796
"BRFSS mean RBO, method axis",0.95,2015,,logistic_regression,0.9625926862699761
"BRFSS mean RBO, method axis",0.95,2015,,random_forest,0.9050657086407017
"BRFSS mean RBO, method axis",0.95,2015,,xgboost,0.9278569886472936
"BRFSS mean RBO, model axis",0.95,2015,SHAP,,0.9344327663659382
"BRFSS mean RBO, model axis",0.95,2015,SHAP,,0.9254497072155707
"BRFSS mean RBO, model axis",0.95,2015,SHAP,,0.9253356914004316
"BRFSS mean RBO, model axis",0.95,2015,PI,,0.9573655857607786
"BRFSS mean RBO, model axis",0.95,2015,PI,,0.9819494549040801
"BRFSS mean RBO, model axis",0.95,2015,PI,,0.9470653198563539
"BRFSS mean RBO, method axis",0.95,2015,,logistic_regression,0.9438043155676867
"BRFSS mean RBO, method axis",0.95,2015,,random_forest,0.8852273812533143
"BRFSS mean RBO, method axis",0.95,2015,,xgboost,0.931718604485299
"BRFSS mean RBO, model axis",0.95,2015,SHAP,,0.9091571025810337
"BRFSS mean RBO, model axis",0.95,2015,SHAP,,0.9286009542641938
"BRFSS mean RBO, model axis",0.95,2015,SHAP,,0.9356696079974833
"BRFSS mean RBO, model axis",0.95,2015,PI,,0.963617209186481
"BRFSS mean RBO, model axis",0.95,2015,PI,,0.9732398506956135
"BRFSS mean RBO, model axis",0.95,2015,PI,,0.9597541934581617
"BRFSS mean RBO, method axis",0.95,2015,,logistic_regression,0.9536956601405597
"BRFSS mean RBO, method axis",0.95,2015,,random_forest,0.8990100391934993
"BRFSS mean RBO, method axis",0.95,2015,,xgboost,0.9397250512893311
"BRFSS mean RBO, model axis",0.95,2015,SHAP,,0.9012498463202172
"BRFSS mean RBO, model axis",0.95,2015,SHAP,,0.9322029230135398
"BRFSS mean RBO, model axis",0.95,2015,SHAP,,0.910294024733765
"BRFSS mean RBO, model axis",0.95,2015,PI,,0.9480371871285767
"BRFSS mean RBO, model axis",0.95,2015,PI,,0.9856833293472238
"BRFSS mean RBO, model axis",0.95,2015,PI,,0.9488184337927144
"BRFSS mean RBO, method axis",0.95,2015,,logistic_regression,0.9323624989525359
"BRFSS mean RBO, method axis",0.95,2015,,random_forest,0.9101907423052773
"BRFSS mean RBO, method axis",0.95,2015,,xgboost,0.9333935155880266
"BRFSS mean RBO, model axis",0.95,2015,SHAP,,0.8983874125735684
"BRFSS mean RBO, model axis",0.95,2015,SHAP,,0.9442559501497658
"BRFSS mean RBO, model axis",0.95,2015,SHAP,,0.9205131001849833
"BRFSS mean RBO, model axis",0.95,2015,PI,,0.9466936301128548
"BRFSS mean RBO, model axis",0.95,2015,PI,,0.9792349241779876
"BRFSS mean RBO, model axis",0.95,2015,PI,,0.946878429098224
"BRFSS mean RBO, method axis",0.95,2015,,logistic_regression,0.9269110620874059
"BRFSS mean RBO, method axis",0.95,2015,,random_forest,0.9204589064648756
"BRFSS mean RBO, method axis",0.95,2015,,xgboost,0.9359072658105965
"BRFSS mean RBO, model axis",0.95,2015,SHAP,,0.9085448018762843
"BRFSS mean RBO, model axis",0.95,2015,SHAP,,0.9578551552525423
"BRFSS mean RBO, model axis",0.95,2015,SHAP,,0.9133673930917325
"BRFSS mean RBO, model axis",0.95,2015,PI,,0.9363916585566909
"BRFSS mean RBO, model axis",0.95,2015,PI,,0.9729532511808896
"BRFSS mean RBO, model axis",0.95,2015,PI,,0.9287063364830821
"BRFSS mean RBO, method axis",0.95,2021,,logistic_regression,0.9549012565984032
"BRFSS mean RBO, method axis",0.95,2021,,random_forest,0.8807972950698304
"BRFSS mean RBO, method axis",0.95,2021,,xgboost,0.9308304375264476
"BRFSS mean RBO, model axis",0.95,2021,SHAP,,0.8931321829452337
"BRFSS mean RBO, model axis",0.95,2021,SHAP,,0.956826517913121
"BRFSS mean RBO, model axis",0.95,2021,SHAP,,0.8982237148717116
"BRFSS mean RBO, model axis",0.95,2021,PI,,0.9637074033720101
"BRFSS mean RBO, model axis",0.95,2021,PI,,0.9950932670588912
"BRFSS mean RBO, model axis",0.95,2021,PI,,0.9637074033720101
"BRFSS mean RBO, method axis",0.95,2021,,logistic_regression,0.9289133726299355
"BRFSS mean RBO, method axis",0.95,2021,,random_forest,0.8865963896072616
"BRFSS mean RBO, method axis",0.95,2021,,xgboost,0.9295125550609655
"BRFSS mean RBO, model axis",0.95,2021,SHAP,,0.8797364640836266
"BRFSS mean RBO, model axis",0.95,2021,SHAP,,0.9467350481055927
"BRFSS mean RBO, model axis",0.95,2021,SHAP,,0.9202768268508783
"BRFSS mean RBO, model axis",0.95,2021,PI,,0.966112019512616
"BRFSS mean RBO, model axis",0.95,2021,PI,,0.9580216567346109
"BRFSS mean RBO, model axis",0.95,2021,PI,,0.9444243190988648
"BRFSS mean RBO, method axis",0.95,2021,,logistic_regression,0.9382263464151379
"BRFSS mean RBO, method axis",0.95,2021,,random_forest,0.8322373773376508
"BRFSS mean RBO, method axis",0.95,2021,,xgboost,0.9338309608461552
"BRFSS mean RBO, model axis",0.95,2021,SHAP,,0.8431321829452336
"BRFSS mean RBO, model axis",0.95,2021,SHAP,,0.9477568203802857
"BRFSS mean RBO, model axis",0.95,2021,SHAP,,0.8719737148717115
"BRFSS mean RBO, model axis",0.95,2021,PI,,0.941828315164484
"BRFSS mean RBO, model axis",0.95,2021,PI,,0.9625303505443483
"BRFSS mean RBO, model axis",0.95,2021,PI,,0.9663227322852508
"BRFSS mean RBO, method axis",0.95,2021,,logistic_regression,0.9641957019886407
"BRFSS mean RBO, method axis",0.95,2021,,random_forest,0.8933169819306028
"BRFSS mean RBO, method axis",0.95,2021,,xgboost,0.9269522666519325
"BRFSS mean RBO, model axis",0.95,2021,SHAP,,0.8906030581256192
"BRFSS mean RBO, model axis",0.95,2021,SHAP,,0.9596261387148168
"BRFSS mean RBO, model axis",0.95,2021,SHAP,,0.9219737148717115
"BRFSS mean RBO, model axis",0.95,2021,PI,,0.9782244623273777
"BRFSS mean RBO, model axis",0.95,2021,PI,,0.9790501251926185
"BRFSS mean RBO, model axis",0.95,2021,PI,,0.9684400111241491
"BRFSS mean RBO, method axis",0.95,2021,,logistic_regression,0.9660038704504781
"BRFSS mean RBO, method axis",0.95,2021,,random_forest,0.8872430902529276
"BRFSS mean RBO, method axis",0.95,2021,,xgboost,0.9400114402350073
"BRFSS mean RBO, model axis",0.95,2021,SHAP,,0.8862559433199081
"BRFSS mean RBO, model axis",0.95,2021,SHAP,,0.9500319755361364
"BRFSS mean RBO, model axis",0.95,2021,SHAP,,0.9203481316079933
"BRFSS mean RBO, model axis",0.95,2021,PI,,0.9727656484153084
"BRFSS mean RBO, model axis",0.95,2021,PI,,0.987518907717615
"BRFSS mean RBO, model axis",0.95,2021,PI,,0.9690799793525913
"BRFSS mean RBO, method axis",0.95,2023,,logistic_regression,0.9608184513901219
"BRFSS mean RBO, method axis",0.95,2023,,random_forest,0.7987885076515066
"BRFSS mean RBO, method axis",0.95,2023,,xgboost,0.9187639663370126
"BRFSS mean RBO, model axis",0.95,2023,SHAP,,0.8169309368162745
"BRFSS mean RBO, model axis",0.95,2023,SHAP,,0.9502579790860322
"BRFSS mean RBO, model axis",0.95,2023,SHAP,,0.8519872626250838
"BRFSS mean RBO, model axis",0.95,2023,PI,,0.9366804718586652
"BRFSS mean RBO, model axis",0.95,2023,PI,,0.9804559880563792
"BRFSS mean RBO, model axis",0.95,2023,PI,,0.9458873883544905
"BRFSS mean RBO, method axis",0.95,2023,,logistic_regression,0.9687087411129589
"BRFSS mean RBO, method axis",0.95,2023,,random_forest,0.7967262080652577
"BRFSS mean RBO, method axis",0.95,2023,,xgboost,0.8751479469603796
"BRFSS mean RBO, model axis",0.95,2023,SHAP,,0.8347948018762841
"BRFSS mean RBO, model axis",0.95,2023,SHAP,,0.9327608256072157
"BRFSS mean RBO, model axis",0.95,2023,SHAP,,0.867376325703725
"BRFSS mean RBO, model axis",0.95,2023,PI,,0.9337026111734312
"BRFSS mean RBO, model axis",0.95,2023,PI,,0.9263026798633602
"BRFSS mean RBO, model axis",0.95,2023,PI,,0.8843331341086538
"BRFSS mean RBO, method axis",0.95,2023,,logistic_regression,0.9474211169745421
"BRFSS mean RBO, method axis",0.95,2023,,random_forest,0.8004371001743478
"BRFSS mean RBO, method axis",0.95,2023,,xgboost,0.928523527077405
"BRFSS mean RBO, model axis",0.95,2023,SHAP,,0.8276249619203345
"BRFSS mean RBO, model axis",0.95,2023,SHAP,,0.9450809607318897
"BRFSS mean RBO, model axis",0.95,2023,SHAP,,0.863011717603139
"BRFSS mean RBO, model axis",0.95,2023,PI,,0.9414620891996563
"BRFSS mean RBO, model axis",0.95,2023,PI,,0.9851259249990763
"BRFSS mean RBO, model axis",0.95,2023,PI,,0.9320313829411855
"BRFSS mean RBO, method axis",0.95,2023,,logistic_regression,0.9614405736191303
"BRFSS mean RBO, method axis",0.95,2023,,random_forest,0.8225777118569945
"BRFSS mean RBO, method axis",0.95,2023,,xgboost,0.8781968863827337
"BRFSS mean RBO, model axis",0.95,2023,SHAP,,0.8230048284939498
"BRFSS mean RBO, model axis",0.95,2023,SHAP,,0.948424614502891
"BRFSS mean RBO, model axis",0.95,2023,SHAP,,0.86005576201886
"BRFSS mean RBO, model axis",0.95,2023,PI,,0.9314691390110434
"BRFSS mean RBO, model axis",0.95,2023,PI,,0.926208792729482
"BRFSS mean RBO, model axis",0.95,2023,PI,,0.8748337210691879
"BRFSS mean RBO, method axis",0.95,2023,,logistic_regression,0.9538177981752076
"BRFSS mean RBO, method axis",0.95,2023,,random_forest,0.8141677492058883
"BRFSS mean RBO, method axis",0.95,2023,,xgboost,0.8721349337855933
"BRFSS mean RBO, model axis",0.95,2023,SHAP,,0.8284062085844723
"BRFSS mean RBO, model axis",0.95,2023,SHAP,,0.9583315713200975
"BRFSS mean RBO, model axis",0.95,2023,SHAP,,0.8602901860611464
"BRFSS mean RBO, model axis",0.95,2023,PI,,0.9418838610982112
"BRFSS mean RBO, model axis",0.95,2023,PI,,0.9328026733701018
"BRFSS mean RBO, model axis",0.95,2023,PI,,0.8815627740936384
