,HighBP,HighChol,CholCheck,BMI,Smoker,Stroke,HeartDiseaseorAttack,PhysActivity,NoDocbcCost,GenHlth,MentHlth,PhysHlth,DiffWalk,Sex,Age,Education,Income,Diabetes_binary
HighBP,1.0,0.2982,0.0985,0.2137,0.097,0.1296,0.2094,-0.1253,0.0174,0.3005,0.0565,0.1612,0.2236,0.0522,0.3445,-0.1414,-0.1712,0.2631
HighChol,0.2982,1.0,0.0856,0.1067,0.0913,0.0926,0.1808,-0.078,0.0133,0.2084,0.0621,0.1218,0.1447,0.0312,0.2723,-0.0708,-0.0855,0.2003
CholCheck,0.0985,0.0856,1.0,0.0345,-0.0099,0.0242,0.0442,0.0042,-0.0583,0.0466,-0.0084,0.0318,0.0406,-0.0221,0.0903,0.0015,0.0143,0.0648
BMI,0.2137,0.1067,0.0345,1.0,0.0138,0.0202,0.0529,-0.1473,0.0582,0.2392,0.0853,0.1211,0.1971,0.043,-0.0366,-0.1039,-0.1001,0.2168
Smoker,0.097,0.0913,-0.0099,0.0138,1.0,0.0612,0.1144,-0.0874,0.0489,0.1631,0.0922,0.1165,0.1225,0.0937,0.1206,-0.162,-0.1239,0.0608
Stroke,0.1296,0.0926,0.0242,0.0202,0.0612,1.0,0.203,-0.0692,0.0348,0.1779,0.0702,0.1489,0.1766,0.003,0.127,-0.076,-0.1286,0.1058
HeartDiseaseorAttack,0.2094,0.1808,0.0442,0.0529,0.1144,0.203,1.0,-0.0873,0.031,0.2584,0.0646,0.1817,0.2127,0.0861,0.2216,-0.0996,-0.141,0.1773
PhysActivity,-0.1253,-0.078,0.0042,-0.1473,-0.0874,-0.0692,-0.0873,1.0,-0.0616,-0.2662,-0.1256,-0.2192,-0.2532,0.0325,-0.0925,0.1997,0.1985,-0.1181
NoDocbcCost,0.0174,0.0133,-0.0583,0.0582,0.0489,0.0348,0.031,-0.0616,1.0,0.1664,0.1921,0.149,0.1184,-0.0449,-0.1198,-0.1007,-0.2032,0.0314
GenHlth,0.3005,0.2084,0.0466,0.2392,0.1631,0.1779,0.2584,-0.2662,0.1664,1.0,0.3017,0.5244,0.4569,-0.0061,0.1524,-0.2849,-0.37,0.2936
MentHlth,0.0565,0.0621,-0.0084,0.0853,0.0922,0.0702,0.0646,-0.1256,0.1921,0.3017,1.0,0.3536,0.2337,-0.0807,-0.0921,-0.1018,-0.2098,0.0693
PhysHlth,0.1612,0.1218,0.0318,0.1211,0.1165,0.1489,0.1817,-0.2192,0.149,0.5244,0.3536,1.0,0.4784,-0.0431,0.0991,-0.1551,-0.2668,0.1713
DiffWalk,0.2236,0.1447,0.0406,0.1971,0.1225,0.1766,0.2127,-0.2532,0.1184,0.4569,0.2337,0.4784,1.0,-0.0703,0.2045,-0.1926,-0.3201,0.2183
Sex,0.0522,0.0312,-0.0221,0.043,0.0937,0.003,0.0861,0.0325,-0.0449,-0.0061,-0.0807,-0.0431,-0.0703,1.0,-0.0273,0.0195,0.1271,0.0314
Age,0.3445,0.2723,0.0903,-0.0366,0.1206,0.127,0.2216,-0.0925,-0.1198,0.1524,-0.0921,0.0991,0.2045,-0.0273,1.0,-0.1019,-0.1278,0.1774
Education,-0.1414,-0.0708,0.0015,-0.1039,-0.162,-0.076,-0.0996,0.1997,-0.1007,-0.2849,-0.1018,-0.1551,-0.1926,0.0195,-0.1019,1.0,0.4491,-0.1245
Income,-0.1712,-0.0855,0.0143,-0.1001,-0.1239,-0.1286,-0.141,0.1985,-0.2032,-0.37,-0.2098,-0.2668,-0.3201,0.1271,-0.1278,0.4491,1.0,-0.1639
Diabetes_binary,0.2631,0.2003,0.0648,0.2168,0.0608,0.1058,0.1773,-0.1181,0.0314,0.2936,0.0693,0.1713,0.2183,0.0314,0.1774,-0.1245,-0.1639,1.0
