weighting,year,seed,pair,feature_agreement,rank_agreement,rank_correlation,pairwise_rank_agreement,J_A,contradiction_A
pipeline,2015,0,logistic_regression-random_forest,1.0,0.6,0.8308823529411766,0.8529411764705882,0.8333333333333334,0
pipeline,2015,0,logistic_regression-xgboost,1.0,0.4,0.9240196078431374,0.8897058823529411,1.0,0
pipeline,2015,0,random_forest-xgboost,1.0,0.6,0.8284313725490197,0.8308823529411765,0.8333333333333334,0
pipeline,2015,1,logistic_regression-random_forest,1.0,0.6,0.8357843137254902,0.8382352941176471,0.8333333333333334,0
pipeline,2015,1,logistic_regression-xgboost,1.0,0.4,0.928921568627451,0.8897058823529411,1.0,0
pipeline,2015,1,random_forest-xgboost,1.0,0.6,0.8504901960784315,0.8455882352941176,0.8333333333333334,0
pipeline,2015,2,logistic_regression-random_forest,1.0,0.4,0.7622549019607844,0.8088235294117647,0.8333333333333334,0
pipeline,2015,2,logistic_regression-xgboost,1.0,0.4,0.9264705882352943,0.8970588235294118,1.0,0
pipeline,2015,2,random_forest-xgboost,1.0,0.4,0.7843137254901962,0.8088235294117647,0.8333333333333334,0
pipeline,2015,3,logistic_regression-random_forest,1.0,0.6,0.7941176470588236,0.8161764705882353,0.8333333333333334,0
pipeline,2015,3,logistic_regression-xgboost,1.0,0.4,0.9607843137254902,0.9264705882352942,1.0,0
pipeline,2015,3,random_forest-xgboost,1.0,0.6,0.8210784313725491,0.8308823529411765,0.8333333333333334,0
pipeline,2015,4,logistic_regression-random_forest,1.0,0.6,0.8259803921568629,0.8382352941176471,0.8333333333333334,0
pipeline,2015,4,logistic_regression-xgboost,1.0,0.6,0.9607843137254902,0.9338235294117647,1.0,0
pipeline,2015,4,random_forest-xgboost,1.0,0.4,0.8088235294117647,0.8161764705882353,0.8333333333333334,0
pipeline,2021,0,logistic_regression-random_forest,1.0,0.6,0.7279411764705883,0.7720588235294118,0.7142857142857143,1
pipeline,2021,0,logistic_regression-xgboost,1.0,0.6,0.9607843137254902,0.9338235294117647,0.8333333333333334,0
pipeline,2021,0,random_forest-xgboost,1.0,0.4,0.7720588235294118,0.8088235294117647,0.8333333333333334,0
pipeline,2021,1,logistic_regression-random_forest,0.8,0.2,0.7132352941176472,0.7867647058823529,0.7142857142857143,1
pipeline,2021,1,logistic_regression-xgboost,1.0,0.6,0.9460784313725492,0.9191176470588235,0.8333333333333334,0
pipeline,2021,1,random_forest-xgboost,0.8,0.4,0.7745098039215688,0.8088235294117647,0.8333333333333334,0
pipeline,2021,2,logistic_regression-random_forest,1.0,0.4,0.7254901960784315,0.7794117647058824,0.7142857142857143,1
pipeline,2021,2,logistic_regression-xgboost,1.0,0.4,0.9534313725490198,0.9338235294117647,0.8333333333333334,0
pipeline,2021,2,random_forest-xgboost,1.0,0.2,0.7377450980392158,0.7720588235294118,0.8333333333333334,0
pipeline,2021,3,logistic_regression-random_forest,1.0,0.4,0.732843137254902,0.7941176470588235,0.7142857142857143,1
pipeline,2021,3,logistic_regression-xgboost,1.0,0.6,0.9534313725490198,0.9264705882352942,0.8333333333333334,0
pipeline,2021,3,random_forest-xgboost,1.0,0.6,0.7500000000000001,0.7941176470588235,0.8333333333333334,0
pipeline,2021,4,logistic_regression-random_forest,1.0,0.4,0.6691176470588236,0.75,0.7142857142857143,1
pipeline,2021,4,logistic_regression-xgboost,1.0,0.6,0.9460784313725492,0.9264705882352942,0.8333333333333334,0
pipeline,2021,4,random_forest-xgboost,1.0,0.6,0.7426470588235294,0.7941176470588235,0.8333333333333334,0
pipeline,2023,0,logistic_regression-random_forest,1.0,0.2,0.6568627450980393,0.7352941176470589,0.8333333333333334,0
pipeline,2023,0,logistic_regression-xgboost,1.0,0.6,0.9436274509803922,0.9264705882352942,1.0,0
pipeline,2023,0,random_forest-xgboost,1.0,0.4,0.7475490196078433,0.7794117647058824,0.8333333333333334,0
pipeline,2023,1,logistic_regression-random_forest,1.0,0.2,0.7720588235294118,0.7867647058823529,0.8333333333333334,0
pipeline,2023,1,logistic_regression-xgboost,1.0,0.4,0.8848039215686275,0.8823529411764706,1.0,0
pipeline,2023,1,random_forest-xgboost,1.0,0.4,0.8186274509803922,0.8308823529411765,0.8333333333333334,0
pipeline,2023,2,logistic_regression-random_forest,1.0,0.2,0.7450980392156863,0.7720588235294118,0.8333333333333334,0
pipeline,2023,2,logistic_regression-xgboost,1.0,0.6,0.9068627450980394,0.9044117647058824,1.0,0
pipeline,2023,2,random_forest-xgboost,1.0,0.4,0.8112745098039217,0.8235294117647058,0.8333333333333334,0
pipeline,2023,3,logistic_regression-random_forest,1.0,0.2,0.7475490196078433,0.7867647058823529,0.8333333333333334,0
pipeline,2023,3,logistic_regression-xgboost,1.0,0.6,0.9215686274509804,0.9044117647058824,1.0,0
pipeline,2023,3,random_forest-xgboost,1.0,0.2,0.7965686274509804,0.8088235294117647,0.8333333333333334,0
pipeline,2023,4,logistic_regression-random_forest,1.0,0.2,0.7549019607843138,0.7867647058823529,0.8333333333333334,0
pipeline,2023,4,logistic_regression-xgboost,1.0,0.6,0.9362745098039217,0.9264705882352942,1.0,0
pipeline,2023,4,random_forest-xgboost,1.0,0.2,0.8210784313725491,0.8308823529411765,0.8333333333333334,0
none,2015,0,logistic_regression-random_forest,1.0,0.6,0.8406862745098039,0.8529411764705882,1.0,0
none,2015,0,logistic_regression-xgboost,1.0,1.0,0.9215686274509804,0.9044117647058824,1.0,0
none,2015,0,random_forest-xgboost,1.0,0.6,0.8602941176470589,0.875,1.0,0
none,2015,1,logistic_regression-random_forest,1.0,0.6,0.8799019607843139,0.875,1.0,0
none,2015,1,logistic_regression-xgboost,1.0,1.0,0.9436274509803922,0.9191176470588235,1.0,0
none,2015,1,random_forest-xgboost,1.0,0.6,0.9044117647058825,0.8970588235294118,1.0,0
none,2015,2,logistic_regression-random_forest,1.0,0.4,0.8406862745098039,0.8455882352941176,1.0,0
none,2015,2,logistic_regression-xgboost,1.0,1.0,0.928921568627451,0.9117647058823529,1.0,0
none,2015,2,random_forest-xgboost,1.0,0.4,0.8529411764705884,0.8602941176470589,1.0,0
none,2021,0,logistic_regression-random_forest,1.0,0.4,0.823529411764706,0.8382352941176471,0.8333333333333334,0
none,2021,0,logistic_regression-xgboost,1.0,1.0,0.9632352941176472,0.9411764705882353,0.8333333333333334,0
none,2021,0,random_forest-xgboost,1.0,0.4,0.8946078431372549,0.8823529411764706,1.0,0
none,2021,1,logistic_regression-random_forest,1.0,0.2,0.7696078431372549,0.8161764705882353,0.7142857142857143,0
none,2021,1,logistic_regression-xgboost,1.0,0.6,0.948529411764706,0.9191176470588235,0.7142857142857143,0
none,2021,1,random_forest-xgboost,1.0,0.2,0.8700980392156864,0.8676470588235294,1.0,0
none,2021,2,logistic_regression-random_forest,1.0,0.0,0.7671568627450981,0.7867647058823529,0.8333333333333334,0
none,2021,2,logistic_regression-xgboost,1.0,0.6,0.9583333333333335,0.9338235294117647,0.8333333333333334,0
none,2021,2,random_forest-xgboost,1.0,0.0,0.8700980392156864,0.8529411764705882,1.0,0
none,2023,0,logistic_regression-random_forest,1.0,0.2,0.7941176470588236,0.8235294117647058,1.0,0
none,2023,0,logistic_regression-xgboost,1.0,0.6,0.911764705882353,0.8970588235294118,1.0,0
none,2023,0,random_forest-xgboost,1.0,0.2,0.8799019607843139,0.8823529411764706,1.0,0
none,2023,1,logistic_regression-random_forest,1.0,0.4,0.786764705882353,0.8161764705882353,1.0,0
none,2023,1,logistic_regression-xgboost,1.0,0.6,0.8799019607843139,0.8823529411764706,1.0,0
none,2023,1,random_forest-xgboost,1.0,0.6,0.8970588235294119,0.875,1.0,0
none,2023,2,logistic_regression-random_forest,1.0,0.6,0.7450980392156863,0.8014705882352942,0.8333333333333334,0
none,2023,2,logistic_regression-xgboost,1.0,1.0,0.8995098039215688,0.9044117647058824,1.0,0
none,2023,2,random_forest-xgboost,1.0,0.6,0.9044117647058825,0.8823529411764706,0.8333333333333334,0
