column,detected_type,n,n_missing,n_unique,mean,median,std,min,max
Diabetes_binary,binary,272769,0,2,0.1462,0.0,0.3533,0.0,1.0
HighBP,binary,272769,0,2,0.4299,0.0,0.4951,0.0,1.0
HighChol,binary,272769,0,2,0.4191,0.0,0.4934,0.0,1.0
CholCheck,binary,272769,0,2,0.9653,1.0,0.183,0.0,1.0
BMI,continuous,272769,0,85,28.8071,28.0,6.5257,12.0,100.0
Smoker,binary,272769,0,2,0.3974,0.0,0.4894,0.0,1.0
Stroke,binary,272769,0,2,0.0421,0.0,0.2009,0.0,1.0
HeartDiseaseorAttack,binary,272769,0,2,0.0888,0.0,0.2845,0.0,1.0
PhysActivity,binary,272769,0,2,0.7748,1.0,0.4177,0.0,1.0
NoDocbcCost,binary,272769,0,2,0.0741,0.0,0.2619,0.0,1.0
GenHlth,ordinal,272769,0,5,2.5795,3.0,1.0316,1.0,5.0
MentHlth,continuous,272769,0,31,4.2006,0.0,8.0889,0.0,30.0
PhysHlth,continuous,272769,0,31,4.4146,0.0,8.7186,0.0,30.0
DiffWalk,binary,272769,0,2,0.1534,0.0,0.3604,0.0,1.0
Sex,binary,272769,0,2,0.4849,0.0,0.4998,0.0,1.0
Age,ordinal,272769,0,13,7.9725,8.0,3.3525,1.0,13.0
Education,ordinal,272769,0,4,5.1242,5.0,1.0267,2.0,6.0
Income,ordinal,272769,0,7,4.6353,5.0,1.573,1.0,7.0
