model,method,year_A,year_B,|A_1|,|A_2|,|B_1|,|B_2|,|C_1|,|C_2|,J_A,J_B,J_C,A_1,A_2,B_1,B_2,C_1,C_2
xgboost,SHAP,2015,2021,5,6,6,7,10,8,0.8333,0.4444,0.6364,"GenHlth,HighBP,BMI,Age,HighChol","GenHlth,HighBP,Age,BMI,HighChol,Sex","Income,Sex,MentHlth,HeartDiseaseorAttack,DiffWalk,Education","Income,PhysActivity,HvyAlcoholConsump,DiffWalk,HeartDiseaseorAttack,CholCheck,MentHlth","HvyAlcoholConsump,Fruits,CholCheck,PhysHlth,Smoker,Stroke,PhysActivity,Veggies,NoDocbcCost,AnyHealthcare","Smoker,Education,PhysHlth,Stroke,Fruits,Veggies,AnyHealthcare,NoDocbcCost"
xgboost,SHAP,2015,2023,5,5,6,7,10,5,1.0,0.625,0.3636,"GenHlth,HighBP,BMI,Age,HighChol","GenHlth,HighBP,Age,BMI,HighChol","Income,Sex,MentHlth,HeartDiseaseorAttack,DiffWalk,Education","Sex,Income,PhysActivity,MentHlth,HeartDiseaseorAttack,CholCheck,DiffWalk","HvyAlcoholConsump,Fruits,CholCheck,PhysHlth,Smoker,Stroke,PhysActivity,Veggies,NoDocbcCost,AnyHealthcare","Education,Smoker,PhysHlth,Stroke,NoDocbcCost"
xgboost,SHAP,2021,2023,6,5,7,7,8,5,0.8333,0.75,0.625,"GenHlth,HighBP,Age,BMI,HighChol,Sex","GenHlth,HighBP,Age,BMI,HighChol","Income,PhysActivity,HvyAlcoholConsump,DiffWalk,HeartDiseaseorAttack,CholCheck,MentHlth","Sex,Income,PhysActivity,MentHlth,HeartDiseaseorAttack,CholCheck,DiffWalk","Smoker,Education,PhysHlth,Stroke,Fruits,Veggies,AnyHealthcare,NoDocbcCost","Education,Smoker,PhysHlth,Stroke,NoDocbcCost"
xgboost,FI,2015,2021,5,5,5,5,11,11,1.0,1.0,1.0,"GenHlth,BMI,Age,HighBP,HighChol","GenHlth,Age,BMI,HighBP,HighChol","CholCheck,HvyAlcoholConsump,Sex,Income,HeartDiseaseorAttack","CholCheck,HvyAlcoholConsump,Sex,Income,HeartDiseaseorAttack","DiffWalk,MentHlth,PhysHlth,Education,Stroke,AnyHealthcare,Veggies,NoDocbcCost,Smoker,PhysActivity,Fruits","PhysActivity,DiffWalk,MentHlth,PhysHlth,Smoker,Stroke,Education,Fruits,AnyHealthcare,NoDocbcCost,Veggies"
xgboost,FI,2015,2023,5,5,5,5,11,7,1.0,0.6667,0.6364,"GenHlth,BMI,Age,HighBP,HighChol","Age,GenHlth,BMI,HighBP,HighChol","CholCheck,HvyAlcoholConsump,Sex,Income,HeartDiseaseorAttack","CholCheck,Income,Sex,PhysActivity,HeartDiseaseorAttack","DiffWalk,MentHlth,PhysHlth,Education,Stroke,AnyHealthcare,Veggies,NoDocbcCost,Smoker,PhysActivity,Fruits","DiffWalk,Smoker,MentHlth,PhysHlth,Education,Stroke,NoDocbcCost"
xgboost,FI,2021,2023,5,5,5,5,11,7,1.0,0.6667,0.6364,"GenHlth,Age,BMI,HighBP,HighChol","Age,GenHlth,BMI,HighBP,HighChol","CholCheck,HvyAlcoholConsump,Sex,Income,HeartDiseaseorAttack","CholCheck,Income,Sex,PhysActivity,HeartDiseaseorAttack","PhysActivity,DiffWalk,MentHlth,PhysHlth,Smoker,Stroke,Education,Fruits,AnyHealthcare,NoDocbcCost,Veggies","DiffWalk,Smoker,MentHlth,PhysHlth,Education,Stroke,NoDocbcCost"
random_forest,SHAP,2015,2021,6,6,6,7,9,8,1.0,0.8571,0.8889,"GenHlth,BMI,HighBP,Age,HighChol,Income","GenHlth,HighBP,BMI,Age,HighChol,Income","PhysHlth,Education,MentHlth,DiffWalk,Sex,HeartDiseaseorAttack","PhysHlth,DiffWalk,MentHlth,Education,PhysActivity,Sex,HeartDiseaseorAttack","Smoker,Fruits,PhysActivity,Veggies,NoDocbcCost,HvyAlcoholConsump,Stroke,AnyHealthcare,CholCheck","Fruits,Smoker,Veggies,HvyAlcoholConsump,Stroke,CholCheck,NoDocbcCost,AnyHealthcare"
random_forest,SHAP,2015,2023,6,7,6,5,9,5,0.8571,0.5714,0.4,"GenHlth,BMI,HighBP,Age,HighChol,Income","BMI,HighBP,GenHlth,HighChol,Age,Income,PhysHlth","PhysHlth,Education,MentHlth,DiffWalk,Sex,HeartDiseaseorAttack","MentHlth,Education,DiffWalk,PhysActivity,Sex","Smoker,Fruits,PhysActivity,Veggies,NoDocbcCost,HvyAlcoholConsump,Stroke,AnyHealthcare,CholCheck","HeartDiseaseorAttack,Smoker,Stroke,CholCheck,NoDocbcCost"
random_forest,SHAP,2021,2023,6,7,7,5,8,5,0.8571,0.7143,0.4444,"GenHlth,HighBP,BMI,Age,HighChol,Income","BMI,HighBP,GenHlth,HighChol,Age,Income,PhysHlth","PhysHlth,DiffWalk,MentHlth,Education,PhysActivity,Sex,HeartDiseaseorAttack","MentHlth,Education,DiffWalk,PhysActivity,Sex","Fruits,Smoker,Veggies,HvyAlcoholConsump,Stroke,CholCheck,NoDocbcCost,AnyHealthcare","HeartDiseaseorAttack,Smoker,Stroke,CholCheck,NoDocbcCost"
random_forest,FI,2015,2021,5,5,7,7,9,9,1.0,0.4,0.5,"GenHlth,BMI,Age,HighBP,HighChol","GenHlth,Age,BMI,HighBP,HighChol","HeartDiseaseorAttack,Sex,HvyAlcoholConsump,Education,CholCheck,Smoker,Fruits","HeartDiseaseorAttack,HvyAlcoholConsump,CholCheck,Income,Sex,DiffWalk,PhysActivity","MentHlth,DiffWalk,Stroke,Veggies,AnyHealthcare,PhysHlth,NoDocbcCost,PhysActivity,Income","MentHlth,Fruits,Education,Stroke,PhysHlth,Smoker,Veggies,AnyHealthcare,NoDocbcCost"
random_forest,FI,2015,2023,5,5,7,5,9,7,1.0,0.3333,0.4545,"GenHlth,BMI,Age,HighBP,HighChol","GenHlth,Age,HighBP,BMI,HighChol","HeartDiseaseorAttack,Sex,HvyAlcoholConsump,Education,CholCheck,Smoker,Fruits","DiffWalk,HeartDiseaseorAttack,MentHlth,Sex,CholCheck","MentHlth,DiffWalk,Stroke,Veggies,AnyHealthcare,PhysHlth,NoDocbcCost,PhysActivity,Income","PhysActivity,PhysHlth,NoDocbcCost,Stroke,Education,Smoker,Income"
random_forest,FI,2021,2023,5,5,7,5,9,7,1.0,0.5,0.4545,"GenHlth,Age,BMI,HighBP,HighChol","GenHlth,Age,HighBP,BMI,HighChol","HeartDiseaseorAttack,HvyAlcoholConsump,CholCheck,Income,Sex,DiffWalk,PhysActivity","DiffWalk,HeartDiseaseorAttack,MentHlth,Sex,CholCheck","MentHlth,Fruits,Education,Stroke,PhysHlth,Smoker,Veggies,AnyHealthcare,NoDocbcCost","PhysActivity,PhysHlth,NoDocbcCost,Stroke,Education,Smoker,Income"
logistic_regression,SHAP,2015,2021,6,6,5,5,10,10,1.0,0.6667,0.8182,"GenHlth,Age,BMI,HighBP,HighChol,Sex","GenHlth,Age,HighBP,BMI,HighChol,Sex","Income,CholCheck,HvyAlcoholConsump,HeartDiseaseorAttack,PhysHlth","HvyAlcoholConsump,Income,CholCheck,PhysActivity,HeartDiseaseorAttack","Fruits,Education,DiffWalk,MentHlth,PhysActivity,Stroke,AnyHealthcare,Veggies,NoDocbcCost,Smoker","PhysHlth,Smoker,Education,DiffWalk,MentHlth,Stroke,Fruits,Veggies,AnyHealthcare,NoDocbcCost"
logistic_regression,SHAP,2015,2023,6,5,5,4,10,8,0.8333,0.2857,0.5,"GenHlth,Age,BMI,HighBP,HighChol,Sex","GenHlth,Age,HighBP,BMI,HighChol","Income,CholCheck,HvyAlcoholConsump,HeartDiseaseorAttack,PhysHlth","Sex,CholCheck,Income,PhysActivity","Fruits,Education,DiffWalk,MentHlth,PhysActivity,Stroke,AnyHealthcare,Veggies,NoDocbcCost,Smoker","Education,Smoker,HeartDiseaseorAttack,MentHlth,DiffWalk,PhysHlth,Stroke,NoDocbcCost"
logistic_regression,SHAP,2021,2023,6,5,5,4,10,8,0.8333,0.5,0.6364,"GenHlth,Age,HighBP,BMI,HighChol,Sex","GenHlth,Age,HighBP,BMI,HighChol","HvyAlcoholConsump,Income,CholCheck,PhysActivity,HeartDiseaseorAttack","Sex,CholCheck,Income,PhysActivity","PhysHlth,Smoker,Education,DiffWalk,MentHlth,Stroke,Fruits,Veggies,AnyHealthcare,NoDocbcCost","Education,Smoker,HeartDiseaseorAttack,MentHlth,DiffWalk,PhysHlth,Stroke,NoDocbcCost"
logistic_regression,FI,2015,2021,5,5,4,4,12,12,1.0,1.0,1.0,"GenHlth,BMI,Age,HighBP,HighChol","GenHlth,BMI,Age,HighBP,HighChol","CholCheck,HvyAlcoholConsump,Sex,Income","CholCheck,HvyAlcoholConsump,Sex,Income","HeartDiseaseorAttack,PhysHlth,DiffWalk,Education,Stroke,MentHlth,PhysActivity,Veggies,Fruits,AnyHealthcare,NoDocbcCost,Smoker","HeartDiseaseorAttack,PhysActivity,DiffWalk,Stroke,Education,PhysHlth,MentHlth,Smoker,AnyHealthcare,Veggies,NoDocbcCost,Fruits"
logistic_regression,FI,2015,2023,5,5,4,4,12,8,1.0,0.6,0.6667,"GenHlth,BMI,Age,HighBP,HighChol","GenHlth,Age,BMI,HighBP,HighChol","CholCheck,HvyAlcoholConsump,Sex,Income","CholCheck,Sex,Income,PhysActivity","HeartDiseaseorAttack,PhysHlth,DiffWalk,Education,Stroke,MentHlth,PhysActivity,Veggies,Fruits,AnyHealthcare,NoDocbcCost,Smoker","HeartDiseaseorAttack,Education,DiffWalk,Stroke,MentHlth,Smoker,PhysHlth,NoDocbcCost"
logistic_regression,FI,2021,2023,5,5,4,4,12,8,1.0,0.6,0.6667,"GenHlth,BMI,Age,HighBP,HighChol","GenHlth,Age,BMI,HighBP,HighChol","CholCheck,HvyAlcoholConsump,Sex,Income","CholCheck,Sex,Income,PhysActivity","HeartDiseaseorAttack,PhysActivity,DiffWalk,Stroke,Education,PhysHlth,MentHlth,Smoker,AnyHealthcare,Veggies,NoDocbcCost,Fruits","HeartDiseaseorAttack,Education,DiffWalk,Stroke,MentHlth,Smoker,PhysHlth,NoDocbcCost"
