feature,importance
GenHlth,0.45668144679433353
Age,0.4036656593093572
HighBP,0.34277240881624554
BMI,0.33436695445888587
HighChol,0.26793592705578856
Sex,0.14859341403162
Income,0.1050983281927797
CholCheck,0.09901716261128639
PhysActivity,0.06638922107494738
HeartDiseaseorAttack,0.04828128966882862
Smoker,0.039845004316913124
PhysHlth,0.03017733142641941
Education,0.024932616806952492
DiffWalk,0.02384027932689223
MentHlth,0.023194762565927368
Stroke,0.018748464621933185
NoDocbcCost,0.001530463350140061
