year,dataset,model_A,model_B,method,|A_1|,|A_2|,|B_1|,|B_2|,|C_1|,|C_2|,J_A,J_B,J_C,A_1,A_2,B_1,B_2,C_1,C_2
2015,cdc_brfss_2015_rebuilt,xgboost,random_forest,SHAP,4,5,7,7,10,9,0.8,0.5556,0.7273,"GenHlth,Age,BMI,HighChol","BMI,GenHlth,HighChol,Age,DiffWalk","Income,CholCheck,Sex,DiffWalk,Education,HvyAlcoholConsump,HeartDiseaseorAttack","Education,PhysHlth,Income,MentHlth,CholCheck,Sex,HeartDiseaseorAttack","MentHlth,Stroke,Smoker,Veggies,AnyHealthcare,PhysHlth,Fruits,PhysActivity,NoDocbcCost,HighBP","Smoker,Fruits,PhysActivity,Veggies,HvyAlcoholConsump,NoDocbcCost,Stroke,AnyHealthcare,HighBP"
2015,cdc_brfss_2015_rebuilt,xgboost,logistic_regression,SHAP,4,5,7,7,10,9,0.8,0.75,0.9,"GenHlth,Age,BMI,HighChol","Age,GenHlth,HighChol,BMI,CholCheck","Income,CholCheck,Sex,DiffWalk,Education,HvyAlcoholConsump,HeartDiseaseorAttack","Sex,Education,Income,HvyAlcoholConsump,DiffWalk,HeartDiseaseorAttack,AnyHealthcare","MentHlth,Stroke,Smoker,Veggies,AnyHealthcare,PhysHlth,Fruits,PhysActivity,NoDocbcCost,HighBP","MentHlth,PhysHlth,Stroke,Veggies,Fruits,PhysActivity,Smoker,NoDocbcCost,HighBP"
2015,cdc_brfss_2015_rebuilt,random_forest,logistic_regression,SHAP,5,5,7,7,9,9,0.6667,0.4,0.6364,"BMI,GenHlth,HighChol,Age,DiffWalk","Age,GenHlth,HighChol,BMI,CholCheck","Education,PhysHlth,Income,MentHlth,CholCheck,Sex,HeartDiseaseorAttack","Sex,Education,Income,HvyAlcoholConsump,DiffWalk,HeartDiseaseorAttack,AnyHealthcare","Smoker,Fruits,PhysActivity,Veggies,HvyAlcoholConsump,NoDocbcCost,Stroke,AnyHealthcare,HighBP","MentHlth,PhysHlth,Stroke,Veggies,Fruits,PhysActivity,Smoker,NoDocbcCost,HighBP"
2021,cdc_brfss_2021_rebuilt,xgboost,random_forest,SHAP,4,5,8,6,9,10,0.8,0.4,0.5833,"Age,GenHlth,BMI,HighChol","BMI,GenHlth,Age,HighChol,DiffWalk","Sex,Income,DiffWalk,Education,CholCheck,PhysActivity,HvyAlcoholConsump,HeartDiseaseorAttack","Education,Income,PhysActivity,MentHlth,PhysHlth,Sex","Smoker,MentHlth,Stroke,AnyHealthcare,Fruits,PhysHlth,Veggies,NoDocbcCost,HighBP","Smoker,HeartDiseaseorAttack,Fruits,CholCheck,HvyAlcoholConsump,Veggies,Stroke,AnyHealthcare,NoDocbcCost,HighBP"
2021,cdc_brfss_2021_rebuilt,xgboost,logistic_regression,SHAP,4,5,8,6,9,10,0.8,0.75,0.9,"Age,GenHlth,BMI,HighChol","Age,GenHlth,BMI,HighChol,Sex","Sex,Income,DiffWalk,Education,CholCheck,PhysActivity,HvyAlcoholConsump,HeartDiseaseorAttack","CholCheck,Education,Income,PhysActivity,DiffWalk,HvyAlcoholConsump","Smoker,MentHlth,Stroke,AnyHealthcare,Fruits,PhysHlth,Veggies,NoDocbcCost,HighBP","MentHlth,HeartDiseaseorAttack,Smoker,Stroke,AnyHealthcare,Fruits,PhysHlth,Veggies,NoDocbcCost,HighBP"
2021,cdc_brfss_2021_rebuilt,random_forest,logistic_regression,SHAP,5,5,6,6,10,10,0.6667,0.3333,0.6667,"BMI,GenHlth,Age,HighChol,DiffWalk","Age,GenHlth,BMI,HighChol,Sex","Education,Income,PhysActivity,MentHlth,PhysHlth,Sex","CholCheck,Education,Income,PhysActivity,DiffWalk,HvyAlcoholConsump","Smoker,HeartDiseaseorAttack,Fruits,CholCheck,HvyAlcoholConsump,Veggies,Stroke,AnyHealthcare,NoDocbcCost,HighBP","MentHlth,HeartDiseaseorAttack,Smoker,Stroke,AnyHealthcare,Fruits,PhysHlth,Veggies,NoDocbcCost,HighBP"
2023,cdc_brfss_2023_rebuilt,xgboost,random_forest,SHAP,4,5,9,7,8,9,0.8,0.4545,0.5455,"Age,GenHlth,BMI,HighChol","BMI,Age,GenHlth,HighChol,DiffWalk","Sex,DiffWalk,Education,PhysActivity,Income,CholCheck,HvyAlcoholConsump,HeartDiseaseorAttack,MentHlth","PhysHlth,Education,Income,MentHlth,PhysActivity,Sex,Smoker","Smoker,Stroke,PhysHlth,NoDocbcCost,HighBP,AnyHealthcare,Fruits,Veggies","HeartDiseaseorAttack,CholCheck,HvyAlcoholConsump,Stroke,NoDocbcCost,HighBP,AnyHealthcare,Fruits,Veggies"
2023,cdc_brfss_2023_rebuilt,xgboost,logistic_regression,SHAP,4,4,9,7,8,10,1.0,0.7778,0.8,"Age,GenHlth,BMI,HighChol","Age,GenHlth,HighChol,BMI","Sex,DiffWalk,Education,PhysActivity,Income,CholCheck,HvyAlcoholConsump,HeartDiseaseorAttack,MentHlth","Sex,Education,CholCheck,PhysActivity,HvyAlcoholConsump,Income,DiffWalk","Smoker,Stroke,PhysHlth,NoDocbcCost,HighBP,AnyHealthcare,Fruits,Veggies","MentHlth,HeartDiseaseorAttack,PhysHlth,Stroke,Smoker,HighBP,NoDocbcCost,AnyHealthcare,Fruits,Veggies"
2023,cdc_brfss_2023_rebuilt,random_forest,logistic_regression,SHAP,5,4,7,7,9,10,0.8,0.4,0.5833,"BMI,Age,GenHlth,HighChol,DiffWalk","Age,GenHlth,HighChol,BMI","PhysHlth,Education,Income,MentHlth,PhysActivity,Sex,Smoker","Sex,Education,CholCheck,PhysActivity,HvyAlcoholConsump,Income,DiffWalk","HeartDiseaseorAttack,CholCheck,HvyAlcoholConsump,Stroke,NoDocbcCost,HighBP,AnyHealthcare,Fruits,Veggies","MentHlth,HeartDiseaseorAttack,PhysHlth,Stroke,Smoker,HighBP,NoDocbcCost,AnyHealthcare,Fruits,Veggies"
