analysis,script,data,sample,seeds,models,attribution,metrics,statistics,runtime
MAPR baseline metric comparison (8a),src.analysis.run_metric_comparison,"BRFSS 2015/2021/2023, 17 common predictors; 18 stored attribution vectors (tag mapr2026-v1.0)","253,680 / 236,378 / 272,769 rows; 80/20 split, seed 42 (MAPR)","1 (MAPR vectors, no retraining)","LR: max_iter=1000; RF: n_estimators=200, unconstrained depth; XGB: n_estimators=300, max_depth=6, learning_rate=0.05, subsample=0.8, colsample_bytree=0.8; StandardScaler before every model; random_state = seed","SHAP (TreeSHAP 200 rows; LinearSHAP LR), PI as in MAPR","cABC J_A/J_B/J_C, overlap coefficient, size ratio, contradiction, top-K (5,6,7,10), Spearman, Kendall tau-b, weighted tau, RBO_ext (p=0.9/0.8/0.5)",45 pairs; descriptive,seconds
Patient-level bootstrap of Group A,src.analysis.run_cabc_bootstrap,"BRFSS per-patient SHAP (XGB, LR), 2,000 test patients per cohort","2,000 patients x 3 cohorts","bootstrap B=2000, seed 42",fixed (MAPR models),stored per-patient SHAP,"P(|A|=k), XGB-LR J_A distribution, Spearman 95% interval",percentile bootstrap,about 10 s
BRFSS multi-seed grid (MAPR factorial re-run),src.analysis.run_brfss_multiseed,"BRFSS 2015/2021/2023, 17 common predictors",80/20 stratified split per seed,5 (0-4); class-weight ablation 3 (0-2),"LR: max_iter=1000; RF: n_estimators=200, unconstrained depth; XGB: n_estimators=300, max_depth=6, learning_rate=0.05, subsample=0.8, colsample_bytree=0.8; StandardScaler before every model; random_state = seed | pipeline (MAPR): LR, RF class_weight=balanced, XGB unweighted; ablation: none / balanced","SHAP on 2,000 test rows (XGB, LR) and 200 rows (RF, exact TreeSHAP ~5 s/row); sklearn permutation_importance, scoring=roc_auc, n_repeats=10, random_state=seed, signed mean kept; PI on a stratified 10,000-row test subsample","as above, plus seed axis (noise floor)",mean and 2.5/97.5 percentiles over pairs,logistic_regression: 2 s/run; random_forest: 1505 s/run; xgboost: 13 s/run
NHANES label axis (diagnosis vs HbA1c vs total),src.analysis.run_label_axis,"NHANES 2017-Mar 2020 (P_*) and 2021-2023 (*_L), adults >= 18, borderline excluded, valid HbA1c, 14 BRFSS-counterpart features (nhanes-diabetes, branch label-axis-columns)","2017-2020: train 4976, test 1245; 2021-2023: train 3347, test 837; same split for all labels, stratified on (diagnosis, HbA1c) cell",10 (0-9),"LR: max_iter=1000; RF: n_estimators=200, unconstrained depth; XGB: n_estimators=300, max_depth=6, learning_rate=0.05, subsample=0.8, colsample_bytree=0.8; StandardScaler before every model; random_state = seed | pipeline (MAPR): LR, RF class_weight=balanced, XGB unweighted","SHAP on all test rows; sklearn permutation_importance, scoring=roc_auc, n_repeats=10, random_state=seed, signed mean kept; unweighted and MEC-weighted (WTMEC) versions",as above; feature-level change in attribution share,"Nadeau-Bengio corrected resampled t-test, Benjamini-Hochberg within cycle x weighting x method x label pair (42 tests)",logistic_regression: 1 s/run; random_forest: 77 s/run; xgboost: 3 s/run
"NHANES label axis, survey-weighted training (sensitivity)",src.analysis.run_label_axis --train-weighted,as label axis,as label axis,10 (0-9),as label axis; WTMEC passed as sample_weight at fit time (combined with class weighting),as label axis,as label axis,as label axis; compared with the unweighted run feature by feature,logistic_regression: 1 s/run; random_forest: 93 s/run; xgboost: 6 s/run
Fairness by label (NHANES),src.analysis.run_label_fairness,as label axis,as label axis,10 (0-9),"LR: max_iter=1000; RF: n_estimators=200, unconstrained depth; XGB: n_estimators=300, max_depth=6, learning_rate=0.05, subsample=0.8, colsample_bytree=0.8; StandardScaler before every model; random_state = seed",none (predictions only),"TPR, FPR, AUC per group; TPR gap (weighted by WTMEC); groups: Income PIR<2 vs >=2, Education HS or less vs more, Sex, Age 18-44/45-64/65+",capacity-matched threshold (flag rate = training-label prevalence); percentiles over seeds,about 1.5 min total
Variance decomposition (model x method x label/year),src.analysis.run_variance_decomposition,vectors from the label axis and the BRFSS multi-seed grid,-,replicates = seeds,-,-,pooled eta^2 per source; response = attribution share and within-vector rank,"balanced full-factorial ANOVA per feature, SS pooled over features",seconds
Instance vs population agreement; univariate core check,src.analysis.run_instance_vs_population,"BRFSS per-patient SHAP (XGB, LR); NHANES seed-0 split","2,000 BRFSS patients per cohort; NHANES full test split",1,"XGB, LR",per-patient |SHAP|,per-patient top-5 overlap and Spearman vs population values; univariate |AUC-0.5| ranking,"descriptive (quartiles, share below population value)",about 30 s
Correction of the MAPR Income-fairness result,src.analysis.run_brfss_income_harmonised,"MAPR per-bin fairness outputs (n, n_positive, TPR)",MAPR test split (seed 42),1,MAPR models,-,"delta-TPR, native bins (8/11/7) vs 5 common bins",pooled TP / pooled positives,seconds
Hypertension transfer demonstration (class weighting: pipeline),src.analysis.run_label_axis --outcome hypertension --class-weighting pipeline --seeds 5,"NHANES as label axis, without the HbA1c restriction; labels diag (BPQ020), measured (mean oscillometric SBP >= 140 or DBP >= 90 mmHg), composite; diagnosed diabetes replaces HighBP among the 14 features; blood pressure never a feature","6,090 and 4,314 adults; same split for all labels",5 (0-4),"LR: max_iter=1000; RF: n_estimators=200, unconstrained depth; XGB: n_estimators=300, max_depth=6, learning_rate=0.05, subsample=0.8, colsample_bytree=0.8; StandardScaler before every model; random_state = seed",as label axis,as label axis,"corrected resampled t-test, BH; cross-cycle replication",logistic_regression: 1 s/run; random_forest: 105 s/run; xgboost: 4 s/run
Hypertension transfer demonstration (class weighting: none),src.analysis.run_label_axis --outcome hypertension --class-weighting none --seeds 5,"NHANES as label axis, without the HbA1c restriction; labels diag (BPQ020), measured (mean oscillometric SBP >= 140 or DBP >= 90 mmHg), composite; diagnosed diabetes replaces HighBP among the 14 features; blood pressure never a feature","6,090 and 4,314 adults; same split for all labels",5 (0-4),"LR: max_iter=1000; RF: n_estimators=200, unconstrained depth; XGB: n_estimators=300, max_depth=6, learning_rate=0.05, subsample=0.8, colsample_bytree=0.8; StandardScaler before every model; random_state = seed",as label axis,as label axis,"corrected resampled t-test, BH; cross-cycle replication",logistic_regression: 1 s/run; random_forest: 98 s/run; xgboost: 4 s/run
Sensitivity analyses,src.analysis.run_sensitivity_checks --n-perm 999,vectors and pairs of all grids; stored per-patient SHAP (BRFSS),-,-,-,-,"crossed-seed and CLR decompositions, per-feature eta^2, permutation p (B = 999, p = (b + 1)/(B + 1)), seed-reference percentiles 1/5/10, exact sign-flip test, signed patient-level SHAP",as listed,about 1 min
