metric,cycle,weighting,method,model,seed_p5,label_mean,seed_mean,label_share_below_seed_p5
J_A,2017-2020,unweighted,PI,logistic_regression,0.6666666666666666,0.4222222222222223,0.9555555555555556,0.9333333333333333
J_A,2017-2020,unweighted,PI,random_forest,0.5,0.5,0.8833333333333333,0.26666666666666666
J_A,2017-2020,unweighted,PI,xgboost,0.5,0.55,0.8333333333333335,0.13333333333333333
J_A,2017-2020,unweighted,SHAP,logistic_regression,0.5,0.7866666666666667,0.9333333333333333,0.13333333333333333
J_A,2017-2020,unweighted,SHAP,random_forest,0.6666666666666666,0.7266666666666666,0.8983333333333333,0.5333333333333333
J_A,2017-2020,unweighted,SHAP,xgboost,0.5,0.7333333333333335,0.8916666666666667,0.13333333333333333
J_A,2017-2020,weighted,PI,logistic_regression,0.6666666666666666,0.42777777777777776,0.9222222222222222,0.8
J_A,2017-2020,weighted,PI,random_forest,0.2875,0.52,0.6944444444444445,0.13333333333333333
J_A,2017-2020,weighted,PI,xgboost,0.4083333333333333,0.6222222222222222,0.727777777777778,0.2
J_A,2017-2020,weighted,SHAP,logistic_regression,0.5,0.7866666666666667,0.9333333333333333,0.13333333333333333
J_A,2017-2020,weighted,SHAP,random_forest,0.75,0.8066666666666668,0.95,0.13333333333333333
J_A,2017-2020,weighted,SHAP,xgboost,0.5,0.7666666666666665,0.9166666666666666,0.13333333333333333
J_A,2021-2023,unweighted,PI,logistic_regression,0.5,0.45999999999999996,0.8833333333333333,0.6666666666666666
J_A,2021-2023,unweighted,PI,random_forest,0.3175,0.6279365079365079,0.7411111111111112,0.06666666666666667
J_A,2021-2023,unweighted,PI,xgboost,0.25,0.5744444444444444,0.7433333333333334,0.13333333333333333
J_A,2021-2023,unweighted,SHAP,logistic_regression,0.75,0.5492063492063493,0.9,0.6666666666666666
J_A,2021-2023,unweighted,SHAP,random_forest,0.6900000000000001,0.6019047619047619,0.8933333333333334,0.6666666666666666
J_A,2021-2023,unweighted,SHAP,xgboost,1.0,0.6000000000000001,1.0,0.6666666666666666
J_A,2021-2023,weighted,PI,logistic_regression,0.5,0.5666666666666667,0.7833333333333333,0.4
J_A,2021-2023,weighted,PI,random_forest,0.25,0.6688888888888889,0.7305555555555555,0.13333333333333333
J_A,2021-2023,weighted,PI,xgboost,0.3333333333333333,0.6600000000000001,0.7188888888888889,0.13333333333333333
J_A,2021-2023,weighted,SHAP,logistic_regression,0.75,0.5568253968253969,0.9266666666666665,0.6666666666666666
J_A,2021-2023,weighted,SHAP,random_forest,0.8,0.6238095238095238,0.92,0.6666666666666666
J_A,2021-2023,weighted,SHAP,xgboost,1.0,0.6000000000000001,1.0,0.6666666666666666
spearman,2017-2020,unweighted,PI,logistic_regression,0.6859743110169235,0.5780525910294219,0.8772267587169491,0.6666666666666666
spearman,2017-2020,unweighted,PI,random_forest,0.34331304594054074,0.7030248584175851,0.7272767279561341,0.06666666666666667
spearman,2017-2020,unweighted,PI,xgboost,0.6726442691201678,0.68994882520411,0.8215873170887072,0.5333333333333333
spearman,2017-2020,unweighted,SHAP,logistic_regression,0.8261538461538461,0.4775091575091575,0.9167765567765568,0.8666666666666667
spearman,2017-2020,unweighted,SHAP,random_forest,0.9024175824175824,0.772014652014652,0.9539926739926741,1.0
spearman,2017-2020,unweighted,SHAP,xgboost,0.916043956043956,0.7655677655677657,0.9620512820512821,0.7333333333333333
spearman,2017-2020,weighted,PI,logistic_regression,0.6070448607526404,0.5684835251388586,0.8449160822118691,0.6666666666666666
spearman,2017-2020,weighted,PI,random_forest,0.26918805331657275,0.5787326381613556,0.6701321648612919,0.13333333333333333
spearman,2017-2020,weighted,PI,xgboost,0.2077316948269759,0.5821017522428985,0.7378051178799658,0.13333333333333333
spearman,2017-2020,weighted,SHAP,logistic_regression,0.8257142857142857,0.4748717948717948,0.9065201465201466,0.9333333333333333
spearman,2017-2020,weighted,SHAP,random_forest,0.9184615384615386,0.8036630036630039,0.9645421245421245,0.9333333333333333
spearman,2017-2020,weighted,SHAP,xgboost,0.9360439560439561,0.7998534798534799,0.9682051282051283,0.7333333333333333
spearman,2021-2023,unweighted,PI,logistic_regression,0.6538247015528643,0.3669032306391919,0.8352557090709659,0.6666666666666666
spearman,2021-2023,unweighted,PI,random_forest,0.4974082999897733,0.5349128580803149,0.7860761912585308,0.6
spearman,2021-2023,unweighted,PI,xgboost,0.4369642857142857,0.49836485936055425,0.7421193680015755,0.5333333333333333
spearman,2021-2023,unweighted,SHAP,logistic_regression,0.6824175824175824,0.4042490842490843,0.8668131868131869,0.6666666666666666
spearman,2021-2023,unweighted,SHAP,random_forest,0.9580219780219781,0.7268864468864468,0.9797802197802199,0.7333333333333333
spearman,2021-2023,unweighted,SHAP,xgboost,0.8681318681318682,0.7046153846153848,0.9443223443223443,0.6666666666666666
spearman,2021-2023,weighted,PI,logistic_regression,0.3751692911916804,0.5150860616239371,0.7575333521589233,0.5333333333333333
spearman,2021-2023,weighted,PI,random_forest,0.32360908691438545,0.6791247027359316,0.7205306060629231,0.0
spearman,2021-2023,weighted,PI,xgboost,0.30702935557158795,0.5472616880873605,0.7132888789636935,0.2
spearman,2021-2023,weighted,SHAP,logistic_regression,0.7224175824175824,0.4001465201465202,0.8772161172161173,0.6666666666666666
spearman,2021-2023,weighted,SHAP,random_forest,0.9604395604395607,0.7254212454212453,0.9791941391941392,0.8
spearman,2021-2023,weighted,SHAP,xgboost,0.8589010989010989,0.7292307692307691,0.9421245421245422,0.6666666666666666
rbo_ext_p90,2017-2020,unweighted,PI,logistic_regression,0.8509164293630314,0.8551000000510829,0.9396746875504686,0.4
rbo_ext_p90,2017-2020,unweighted,PI,random_forest,0.7262714581126222,0.8624685496848151,0.8732722584777733,0.0
rbo_ext_p90,2017-2020,unweighted,PI,xgboost,0.877769952233585,0.8921986263792225,0.9243978853185394,0.4
rbo_ext_p90,2017-2020,unweighted,SHAP,logistic_regression,0.8730852255737097,0.8212418782393331,0.930660105806082,0.8
rbo_ext_p90,2017-2020,unweighted,SHAP,random_forest,0.9486093512028569,0.8763545234854048,0.9705532592996502,0.7333333333333333
rbo_ext_p90,2017-2020,unweighted,SHAP,xgboost,0.9404126279876299,0.9032010132440712,0.9654111365544291,0.8
rbo_ext_p90,2017-2020,weighted,PI,logistic_regression,0.8233304891253169,0.8503316378875326,0.918437120001569,0.4666666666666667
rbo_ext_p90,2017-2020,weighted,PI,random_forest,0.7111254926195507,0.8271071401162413,0.8531961504643526,0.0
rbo_ext_p90,2017-2020,weighted,PI,xgboost,0.7231318405518223,0.8411000880170386,0.8816845609514506,0.06666666666666667
rbo_ext_p90,2017-2020,weighted,SHAP,logistic_regression,0.8741240254232099,0.8165641770718547,0.9304281976183068,0.8666666666666667
rbo_ext_p90,2017-2020,weighted,SHAP,random_forest,0.9431704720803571,0.8855878446006943,0.9661251838184344,0.7333333333333333
rbo_ext_p90,2017-2020,weighted,SHAP,xgboost,0.944982221338539,0.9163825641870859,0.9692032883337602,0.7333333333333333
rbo_ext_p90,2021-2023,unweighted,PI,logistic_regression,0.8100383576582063,0.7831652703696439,0.9282533751055262,0.6666666666666666
rbo_ext_p90,2021-2023,unweighted,PI,random_forest,0.805325213410817,0.8376176497296922,0.901546249501925,0.4
rbo_ext_p90,2021-2023,unweighted,PI,xgboost,0.7520451652065832,0.8148172565383612,0.8747619574576078,0.2
rbo_ext_p90,2021-2023,unweighted,SHAP,logistic_regression,0.8792812575948203,0.799825767149373,0.9312871239268907,0.6666666666666666
rbo_ext_p90,2021-2023,unweighted,SHAP,random_forest,0.9424751540710822,0.8647427401398429,0.9745654459050516,0.6666666666666666
rbo_ext_p90,2021-2023,unweighted,SHAP,xgboost,0.9164923821626265,0.8739472579134268,0.9576366105348251,0.6666666666666666
rbo_ext_p90,2021-2023,weighted,PI,logistic_regression,0.7659049394751597,0.8391385664447881,0.9082478609870498,0.3333333333333333
rbo_ext_p90,2021-2023,weighted,PI,random_forest,0.7761836845096242,0.8578832376036567,0.881677777096037,0.2
rbo_ext_p90,2021-2023,weighted,PI,xgboost,0.7368852923522258,0.8122671971926672,0.866818048860515,0.2
rbo_ext_p90,2021-2023,weighted,SHAP,logistic_regression,0.8835349022949599,0.8012641910376587,0.9296663582603453,0.6666666666666666
rbo_ext_p90,2021-2023,weighted,SHAP,random_forest,0.9407667253230356,0.8645336010477431,0.9746007261417106,0.6666666666666666
rbo_ext_p90,2021-2023,weighted,SHAP,xgboost,0.9153583423684837,0.8818131701733268,0.9562986305364353,0.6666666666666666
