year,model,method,|A|,|B|,|C|,A,B,C
2015,xgboost,SHAP,5,6,10,"GenHlth,HighBP,BMI,Age,HighChol","Income,Sex,MentHlth,HeartDiseaseorAttack,DiffWalk,Education","HvyAlcoholConsump,Fruits,CholCheck,PhysHlth,Smoker,Stroke,PhysActivity,Veggies,NoDocbcCost,AnyHealthcare"
2015,xgboost,FI,5,5,11,"GenHlth,BMI,Age,HighBP,HighChol","CholCheck,HvyAlcoholConsump,Sex,Income,HeartDiseaseorAttack","DiffWalk,MentHlth,PhysHlth,Education,Stroke,AnyHealthcare,Veggies,NoDocbcCost,Smoker,PhysActivity,Fruits"
2015,random_forest,SHAP,6,6,9,"GenHlth,BMI,HighBP,Age,HighChol,Income","PhysHlth,Education,MentHlth,DiffWalk,Sex,HeartDiseaseorAttack","Smoker,Fruits,PhysActivity,Veggies,NoDocbcCost,HvyAlcoholConsump,Stroke,AnyHealthcare,CholCheck"
2015,random_forest,FI,5,7,9,"GenHlth,BMI,Age,HighBP,HighChol","HeartDiseaseorAttack,Sex,HvyAlcoholConsump,Education,CholCheck,Smoker,Fruits","MentHlth,DiffWalk,Stroke,Veggies,AnyHealthcare,PhysHlth,NoDocbcCost,PhysActivity,Income"
2015,logistic_regression,SHAP,6,5,10,"GenHlth,Age,BMI,HighBP,HighChol,Sex","Income,CholCheck,HvyAlcoholConsump,HeartDiseaseorAttack,PhysHlth","Fruits,Education,DiffWalk,MentHlth,PhysActivity,Stroke,AnyHealthcare,Veggies,NoDocbcCost,Smoker"
2015,logistic_regression,FI,5,4,12,"GenHlth,BMI,Age,HighBP,HighChol","CholCheck,HvyAlcoholConsump,Sex,Income","HeartDiseaseorAttack,PhysHlth,DiffWalk,Education,Stroke,MentHlth,PhysActivity,Veggies,Fruits,AnyHealthcare,NoDocbcCost,Smoker"
2021,xgboost,SHAP,6,7,8,"GenHlth,HighBP,Age,BMI,HighChol,Sex","Income,PhysActivity,HvyAlcoholConsump,DiffWalk,HeartDiseaseorAttack,CholCheck,MentHlth","Smoker,Education,PhysHlth,Stroke,Fruits,Veggies,AnyHealthcare,NoDocbcCost"
2021,xgboost,FI,5,5,11,"GenHlth,Age,BMI,HighBP,HighChol","CholCheck,HvyAlcoholConsump,Sex,Income,HeartDiseaseorAttack","PhysActivity,DiffWalk,MentHlth,PhysHlth,Smoker,Stroke,Education,Fruits,AnyHealthcare,NoDocbcCost,Veggies"
2021,random_forest,SHAP,6,7,8,"GenHlth,HighBP,BMI,Age,HighChol,Income","PhysHlth,DiffWalk,MentHlth,Education,PhysActivity,Sex,HeartDiseaseorAttack","Fruits,Smoker,Veggies,HvyAlcoholConsump,Stroke,CholCheck,NoDocbcCost,AnyHealthcare"
2021,random_forest,FI,5,7,9,"GenHlth,Age,BMI,HighBP,HighChol","HeartDiseaseorAttack,HvyAlcoholConsump,CholCheck,Income,Sex,DiffWalk,PhysActivity","MentHlth,Fruits,Education,Stroke,PhysHlth,Smoker,Veggies,AnyHealthcare,NoDocbcCost"
2021,logistic_regression,SHAP,6,5,10,"GenHlth,Age,HighBP,BMI,HighChol,Sex","HvyAlcoholConsump,Income,CholCheck,PhysActivity,HeartDiseaseorAttack","PhysHlth,Smoker,Education,DiffWalk,MentHlth,Stroke,Fruits,Veggies,AnyHealthcare,NoDocbcCost"
2021,logistic_regression,FI,5,4,12,"GenHlth,BMI,Age,HighBP,HighChol","CholCheck,HvyAlcoholConsump,Sex,Income","HeartDiseaseorAttack,PhysActivity,DiffWalk,Stroke,Education,PhysHlth,MentHlth,Smoker,AnyHealthcare,Veggies,NoDocbcCost,Fruits"
